{
   "ilpd": {
      "info": {
         "complexity": {
            "global": [
               0.3529805615550756
            ],
            "class 0": [
               0.2702114803625378
            ],
            "class 1": [
               0.560530303030303
            ]
         },
         "data": {
            "n": 463,
            "n0": 331,
            "n1": 132
         }
      }
   },
   "SVC": {
      "test_score": 0.6381238022240748,
      "best_score": 0.7198797964522199,
      "best_params": {
         "C": 1000,
         "gamma": 0.0001,
         "kernel": "rbf",
         "random_state": 1234
      },
      "sample_proportion": 0.64,
      "threshold": 0.25,
      "p": 1,
      "highest class adjustment": true,
      "sample_params": [
         null,
         null,
         null,
         {
            "C": 100,
            "gamma": 0.001,
            "kernel": "rbf",
            "random_state": 1234
         },
         {
            "C": 1000,
            "gamma": 0.0001,
            "kernel": "rbf",
            "random_state": 1234
         },
         {
            "C": 1000,
            "gamma": 0.001,
            "kernel": "rbf",
            "random_state": 1234
         },
         null,
         null,
         {
            "C": 1000,
            "gamma": 0.001,
            "kernel": "rbf",
            "random_state": 1234
         },
         null,
         null,
         null,
         null,
         null,
         {
            "C": 10,
            "gamma": 0.1,
            "kernel": "rbf",
            "random_state": 1234
         },
         {
            "C": 10,
            "gamma": 0.1,
            "kernel": "rbf",
            "random_state": 1234
         },
         null,
         {
            "C": 1000,
            "gamma": 0.01,
            "kernel": "rbf",
            "random_state": 1234
         },
         null
      ],
      "sample scores": [
         0.0,
         0.0,
         0.0,
         0.7102428544306311,
         0.7198797964522199,
         0.7174854943200545,
         0.0,
         0.0,
         0.6761928823192452,
         0.0,
         0.0,
         0.0,
         0.0,
         0.0,
         0.651685862709732,
         0.6487503167615545,
         0.0,
         0.6424662896312713,
         0.0
      ]
   },
   "KNeighborsClassifier": {
      "test_score": 0.6333569211249719,
      "best_score": 0.6824517359880069,
      "best_params": {
         "n_jobs": -1,
         "n_neighbors": 1
      },
      "sample_proportion": 0.56,
      "threshold": 0.2,
      "p": 1,
      "highest class adjustment": true,
      "sample_params": [
         null,
         null,
         {
            "n_jobs": -1,
            "n_neighbors": 1
         },
         {
            "n_jobs": -1,
            "n_neighbors": 1
         },
         {
            "n_jobs": -1,
            "n_neighbors": 1
         },
         {
            "n_jobs": -1,
            "n_neighbors": 9
         },
         null,
         null,
         null,
         null,
         null,
         {
            "n_jobs": -1,
            "n_neighbors": 9
         },
         null,
         null,
         null,
         {
            "n_jobs": -1,
            "n_neighbors": 9
         },
         null,
         {
            "n_jobs": -1,
            "n_neighbors": 9
         },
         null
      ],
      "sample scores": [
         0.0,
         0.0,
         0.6727094908392806,
         0.6824517359880069,
         0.6816980308098525,
         0.6740507159227632,
         0.0,
         0.0,
         0.0,
         0.0,
         0.0,
         0.6185320439735197,
         0.0,
         0.0,
         0.0,
         0.5929659612639825,
         0.0,
         0.5929659612639825,
         0.0
      ]
   },
   "RandomForestClassifier": {
      "test_score": 0.6483238401901835,
      "best_score": 0.7136534646330368,
      "best_params": {
         "max_features": "sqrt",
         "n_estimators": 300,
         "n_jobs": -1,
         "random_state": 1234
      },
      "sample_proportion": 0.56,
      "threshold": 0.2,
      "p": 1,
      "highest class adjustment": true,
      "sample_params": [
         null,
         {
            "max_features": null,
            "n_estimators": 100,
            "n_jobs": -1,
            "random_state": 1234
         },
         {
            "max_features": null,
            "n_estimators": 100,
            "n_jobs": -1,
            "random_state": 1234
         },
         {
            "max_features": "sqrt",
            "n_estimators": 300,
            "n_jobs": -1,
            "random_state": 1234
         },
         {
            "max_features": "sqrt",
            "n_estimators": 300,
            "n_jobs": -1,
            "random_state": 1234
         },
         {
            "max_features": "sqrt",
            "n_estimators": 500,
            "n_jobs": -1,
            "random_state": 1234
         },
         null,
         null,
         null,
         null,
         null,
         null,
         null,
         null,
         {
            "max_features": "sqrt",
            "n_estimators": 300,
            "n_jobs": -1,
            "random_state": 1234
         },
         {
            "max_features": "sqrt",
            "n_estimators": 300,
            "n_jobs": -1,
            "random_state": 1234
         },
         null,
         null,
         {
            "max_features": "sqrt",
            "n_estimators": 300,
            "n_jobs": -1,
            "random_state": 1234
         }
      ],
      "sample scores": [
         0.0,
         0.6806769124308382,
         0.6968815656220112,
         0.7136534646330368,
         0.7031786945432642,
         0.69046117149529,
         0.0,
         0.0,
         0.0,
         0.0,
         0.0,
         0.0,
         0.0,
         0.0,
         0.6455042985382122,
         0.6385936209585286,
         0.0,
         0.0,
         0.6258521914085233
      ]
   },
   "GradientBoostingClassifier": {
      "test_score": 0.580816893259946,
      "best_score": 0.6989695776946357,
      "best_params": {
         "learning_rate": 0.1,
         "max_depth": 5,
         "max_features": "sqrt",
         "n_estimators": 100,
         "random_state": 1234
      },
      "sample_proportion": 0.8,
      "threshold": 0.4,
      "p": 1,
      "highest class adjustment": true,
      "sample_params": [
         null,
         {
            "learning_rate": 0.1,
            "max_depth": 3,
            "max_features": "sqrt",
            "n_estimators": 100,
            "random_state": 1234
         },
         null,
         null,
         null,
         null,
         {
            "learning_rate": 0.2,
            "max_depth": 3,
            "max_features": null,
            "n_estimators": 300,
            "random_state": 1234
         },
         {
            "learning_rate": 0.1,
            "max_depth": 5,
            "max_features": "sqrt",
            "n_estimators": 100,
            "random_state": 1234
         },
         {
            "learning_rate": 0.1,
            "max_depth": 3,
            "max_features": "sqrt",
            "n_estimators": 100,
            "random_state": 1234
         },
         {
            "learning_rate": 0.1,
            "max_depth": 3,
            "max_features": "sqrt",
            "n_estimators": 300,
            "random_state": 1234
         },
         null,
         null,
         null,
         null,
         {
            "learning_rate": 0.3,
            "max_depth": 5,
            "max_features": "sqrt",
            "n_estimators": 100,
            "random_state": 1234
         },
         null,
         {
            "learning_rate": 0.1,
            "max_depth": 5,
            "max_features": "sqrt",
            "n_estimators": 100,
            "random_state": 1234
         },
         {
            "learning_rate": 0.1,
            "max_depth": 5,
            "max_features": "sqrt",
            "n_estimators": 100,