{
   "r2": {
      "info": {
         "complexity": {
            "global": [
               0.3769565217391304
            ],
            "class 0": [
               0.4139024390243902
            ],
            "class 1": [
               0.34725490196078423
            ]
         },
         "data": {
            "n": 92,
            "n0": 41,
            "n1": 51
         }
      }
   },
   "SVC": {
      "test_score": 0.719093582749468,
      "best_score": 0.8290822412894876,
      "best_params": {
         "C": 100,
         "gamma": 0.1,
         "kernel": "rbf",
         "random_state": 1234
      },
      "sample_proportion": 0.98,
      "threshold": 0.8,
      "p": 3,
      "highest class adjustment": false,
      "sample_params": [
         null,
         null,
         null,
         null,
         {
            "C": 1,
            "gamma": 0.1,
            "kernel": "rbf",
            "random_state": 1234
         },
         null,
         null,
         null,
         {
            "C": 100,
            "gamma": 0.01,
            "kernel": "rbf",
            "random_state": 1234
         },
         null,
         null,
         null,
         null,
         null,
         {
            "C": 100,
            "gamma": 0.1,
            "kernel": "rbf",
            "random_state": 1234
         },
         {
            "C": 100,
            "gamma": 0.1,
            "kernel": "rbf",
            "random_state": 1234
         },
         {
            "C": 1000,
            "gamma": 0.01,
            "kernel": "rbf",
            "random_state": 1234
         },
         {
            "C": 1000,
            "gamma": 0.01,
            "kernel": "rbf",
            "random_state": 1234
         },
         null
      ],
      "sample scores": [
         0.0,
         0.0,
         0.0,
         0.0,
         0.7682420454166281,
         0.0,
         0.0,
         0.0,
         0.7987828606244557,
         0.0,
         0.0,
         0.0,
         0.0,
         0.0,
         0.805226278070636,
         0.8290822412894876,
         0.7695883573780886,
         0.7695883573780886,
         0.0
      ]
   },
   "KNeighborsClassifier": {
      "test_score": 0.74830427232533,
      "best_score": 0.8379332600383339,
      "best_params": {
         "n_jobs": -1,
         "n_neighbors": 1
      },
      "sample_proportion": 0.4,
      "threshold": 0.3,
      "p": 3,
      "highest class adjustment": false,
      "sample_params": [
         null,
         null,
         null,
         null,
         {
            "n_jobs": -1,
            "n_neighbors": 1
         },
         {
            "n_jobs": -1,
            "n_neighbors": 1
         },
         {
            "n_jobs": -1,
            "n_neighbors": 1
         },
         null,
         null,
         null,
         null,
         {
            "n_jobs": -1,
            "n_neighbors": 3
         },
         null,
         null,
         null,
         {
            "n_jobs": -1,
            "n_neighbors": 3
         },
         null,
         {
            "n_jobs": -1,
            "n_neighbors": 3
         },
         null
      ],
      "sample scores": [
         0.0,
         0.0,
         0.0,
         0.0,
         0.8032298311661688,
         0.8379332600383339,
         0.79613642955287,
         0.0,
         0.0,
         0.0,
         0.0,
         0.725363094915585,
         0.0,
         0.0,
         0.0,
         0.7151634948132606,
         0.0,
         0.7142176617072818,
         0.0
      ]
   },
   "RandomForestClassifier": {
      "test_score": 0.78976893202349,
      "best_score": 0.7773230978690746,
      "best_params": {
         "max_features": "sqrt",
         "n_estimators": 100,
         "n_jobs": -1,
         "random_state": 1234
      },
      "sample_proportion": 0.4,
      "threshold": 0.3,
      "p": 3,
      "highest class adjustment": false,
      "sample_params": [
         null,
         null,
         {
            "max_features": null,
            "n_estimators": 100,
            "n_jobs": -1,
            "random_state": 1234
         },
         null,
         {
            "max_features": "sqrt",
            "n_estimators": 100,
            "n_jobs": -1,
            "random_state": 1234
         },
         {
            "max_features": "sqrt",
            "n_estimators": 100,
            "n_jobs": -1,
            "random_state": 1234
         },
         {
            "max_features": "sqrt",
            "n_estimators": 300,
            "n_jobs": -1,
            "random_state": 1234
         },
         null,
         null,
         null,
         null,
         null,
         null,
         null,
         {
            "max_features": null,
            "n_estimators": 100,
            "n_jobs": -1,
            "random_state": 1234
         },
         {
            "max_features": null,
            "n_estimators": 500,
            "n_jobs": -1,
            "random_state": 1234
         },
         null,
         null,
         {
            "max_features": null,
            "n_estimators": 100,
            "n_jobs": -1,
            "random_state": 1234
         }
      ],
      "sample scores": [
         0.0,
         0.0,
         0.7068706058304218,
         0.0,
         0.7628995121634728,
         0.7773230978690746,
         0.7017174219470513,
         0.0,
         0.0,
         0.0,
         0.0,
         0.0,
         0.0,
         0.0,
         0.7056362675456457,
         0.7163410305526061,
         0.0,
         0.0,
         0.6801977814944121
      ]
   },
   "GradientBoostingClassifier": {
      "test_score": 0.7090605025017727,
      "best_score": 0.7388249771169603,
      "best_params": {
         "learning_rate": 0.1,
         "max_depth": 3,
         "max_features": null,
         "n_estimators": 100,
         "random_state": 1234
      },
      "sample_proportion": 0.6,
      "threshold": 0.45,
      "p": 3,
      "highest class adjustment": false,
      "sample_params": [
         null,
         {
            "learning_rate": 0.1,
            "max_depth": 3,
            "max_features": "sqrt",
            "n_estimators": 100,
            "random_state": 1234
         },
         null,
         null,
         null,
         null,
         null,
         {
            "learning_rate": 0.1,
            "max_depth": 3,
            "max_features": "sqrt",
            "n_estimators": 300,
            "random_state": 1234
         },
         {
            "learning_rate": 0.1,
            "max_depth": 3,
            "max_features": null,
            "n_estimators": 100,
            "random_state": 1234
         },
         {
            "learning_rate": 0.2,
            "max_depth": 5,
            "max_features": "sqrt",
            "n_estimators": 100,
            "random_state": 1234
         },
         null,
         null,
         null,
         null,
         {
            "learning_rate": 0.1,
            "max_depth": 3,
            "max_features": "sqrt",
            "n_estimators": 100,
            "random_state": 1234
         },
         null,
         {
            "learning_rate": 0.1,
            "max_depth": 3,
            "max_features": null,
            "n_estimators": 300,
            "random_state": 1234
         },
         {
            "learning_rate": 0.1,
            "max_depth": 3,
            "max_features": null,
            "n_estimators": 300,
            "random_state": 1234
         },
         null
      ],
      "sample scores": [
         0.0,
         0.6817135385123178,
         0.0,
         0.0,
         0.0,
         0.0,
         0.0,
         0.7154873395961093,
         0.7388249771169603,
         0.73758383862104,
         0.0,
         0.0,
         0.0,
         0.0,
         0.7069393827955056,
         0.0,
         0.691682395558553,
         0.691682395558553,
         0.0
      ]
   }
}