{
   "sonar": {
      "info": {
         "complexity": {
            "global": [
               0.20777108433734945
            ],
            "class 0": [
               0.140561797752809
            ],
            "class 1": [
               0.2854545454545454
            ]
         },
         "data": {
            "n": 166,
            "n0": 89,
            "n1": 77
         }
      }
   },
   "SVC": {
      "test_score": 0.7913743123526675,
      "best_score": 0.867594386016572,
      "best_params": {
         "C": 10,
         "gamma": 0.01,
         "kernel": "rbf",
         "random_state": 1234
      },
      "sample_proportion": 0.83,
      "threshold": 0.45,
      "p": 3,
      "highest class adjustment": false,
      "sample_params": [
         null,
         null,
         null,
         null,
         {
            "C": 10,
            "gamma": 0.01,
            "kernel": "rbf",
            "random_state": 1234
         },
         null,
         null,
         {
            "C": 10,
            "gamma": 0.01,
            "kernel": "rbf",
            "random_state": 1234
         },
         {
            "C": 10,
            "gamma": 0.01,
            "kernel": "rbf",
            "random_state": 1234
         },
         {
            "C": 10,
            "gamma": 0.01,
            "kernel": "rbf",
            "random_state": 1234
         },
         null,
         null,
         null,
         null,
         {
            "C": 10,
            "gamma": 0.01,
            "kernel": "rbf",
            "random_state": 1234
         },
         {
            "C": 100,
            "gamma": 0.01,
            "kernel": "rbf",
            "random_state": 1234
         },
         null,
         {
            "C": 100,
            "gamma": 0.01,
            "kernel": "rbf",
            "random_state": 1234
         },
         null
      ],
      "sample scores": [
         0.0,
         0.0,
         0.0,
         0.0,
         0.7974619169646592,
         0.0,
         0.0,
         0.8622317241957801,
         0.867594386016572,
         0.8629980930728399,
         0.0,
         0.0,
         0.0,
         0.0,
         0.8632243968945309,
         0.857386113379255,
         0.0,
         0.857386113379255,
         0.0
      ]
   },
   "KNeighborsClassifier": {
      "test_score": 0.8096460589417889,
      "best_score": 0.9122165599219624,
      "best_params": {
         "n_jobs": -1,
         "n_neighbors": 1
      },
      "sample_proportion": 0.93,
      "threshold": 0.6,
      "p": 3,
      "highest class adjustment": false,
      "sample_params": [
         null,
         null,
         null,
         null,
         {
            "n_jobs": -1,
            "n_neighbors": 1
         },
         {
            "n_jobs": -1,
            "n_neighbors": 1
         },
         null,
         null,
         null,
         null,
         {
            "n_jobs": -1,
            "n_neighbors": 1
         },
         {
            "n_jobs": -1,
            "n_neighbors": 1
         },
         {
            "n_jobs": -1,
            "n_neighbors": 1
         },
         {
            "n_jobs": -1,
            "n_neighbors": 1
         },
         null,
         {
            "n_jobs": -1,
            "n_neighbors": 1
         },
         null,
         {
            "n_jobs": -1,
            "n_neighbors": 1
         },
         null
      ],
      "sample scores": [
         0.0,
         0.0,
         0.0,
         0.0,
         0.8739392659788022,
         0.8629562532448946,
         0.0,
         0.0,
         0.0,
         0.0,
         0.9066767258985396,
         0.9122165599219624,
         0.9122165599219624,
         0.9110987259687079,
         0.0,
         0.9041974763571301,
         0.0,
         0.9041974763571301,
         0.0
      ]
   },
   "RandomForestClassifier": {
      "test_score": 0.8708099243547831,
      "best_score": 0.8455309797870655,
      "best_params": {
         "max_features": "log2",
         "n_estimators": 500,
         "n_jobs": -1,
         "random_state": 1234
      },
      "sample_proportion": 0.99,
      "threshold": 0.75,
      "p": 3,
      "highest class adjustment": false,
      "sample_params": [
         null,
         null,
         {
            "max_features": "log2",
            "n_estimators": 500,
            "n_jobs": -1,
            "random_state": 1234
         },
         null,
         null,
         {
            "max_features": "sqrt",
            "n_estimators": 300,
            "n_jobs": -1,
            "random_state": 1234
         },
         null,
         null,
         null,
         null,
         null,
         null,
         null,
         {
            "max_features": "sqrt",
            "n_estimators": 300,
            "n_jobs": -1,
            "random_state": 1234
         },
         {
            "max_features": "log2",
            "n_estimators": 500,
            "n_jobs": -1,
            "random_state": 1234
         },
         {
            "max_features": "log2",
            "n_estimators": 500,
            "n_jobs": -1,
            "random_state": 1234
         },
         null,
         null,
         {
            "max_features": "log2",
            "n_estimators": 500,
            "n_jobs": -1,
            "random_state": 1234
         }
      ],
      "sample scores": [
         0.0,
         0.0,
         0.7786646974150817,
         0.0,
         0.0,
         0.7854208637518623,
         0.0,
         0.0,
         0.0,
         0.0,
         0.0,
         0.0,
         0.0,
         0.8272254189979984,
         0.8455309797870655,
         0.8342295673847252,
         0.0,
         0.0,
         0.8342295673847252
      ]
   },
   "GradientBoostingClassifier": {
      "test_score": 0.8908679799852858,
      "best_score": 0.8865181111607475,
      "best_params": {
         "learning_rate": 0.3,
         "max_depth": 3,
         "max_features": "log2",
         "n_estimators": 300,
         "random_state": 1234
      },
      "sample_proportion": 0.98,
      "threshold": 0.7,
      "p": 3,
      "highest class adjustment": false,
      "sample_params": [
         null,
         {
            "learning_rate": 0.2,
            "max_depth": 3,
            "max_features": "log2",
            "n_estimators": 100,
            "random_state": 1234
         },
         null,
         null,
         null,
         null,
         null,
         null,
         {
            "learning_rate": 0.3,
            "max_depth": 3,
            "max_features": "sqrt",
            "n_estimators": 300,
            "random_state": 1234
         },
         null,
         null,
         null,
         {
            "learning_rate": 0.1,
            "max_depth": 7,
            "max_features": "log2",
            "n_estimators": 100,
            "random_state": 1234
         },
         {
            "learning_rate": 0.3,
            "max_depth": 3,
            "max_features": "log2",
            "n_estimators": 300,
            "random_state": 1234
         },
         {
            "learning_rate": 0.2,
            "max_depth": 7,
            "max_features": "log2",
            "n_estimators": 100,
            "random_state": 1234
         },
         {
            "learning_rate": 0.3,
            "max_depth": 7,
            "max_features": "log2",
            "n_estimators": 100,
            "random_state": 1234
         },
         {
            "learning_rate": 0.3,
            "max_depth": 7,
            "max_features": "log2",
            "n_estimators": 100,
            "random_state": 1234
         },
         {
            "learning_rate": 0.3,
            "max_depth": 7,
            "max_features": "log2",
            "n_estimators": 100,
            "random_state": 1234
         },
         null
      ],