{
   "a9a": {
      "info": {
         "complexity": {
            "global": [
               0.21213912776412777,
               0.21891392813267815,
               0.17265663390663388,
               0.05953125,
               0.040094824938574934
            ],
            "class 0": [
               0.14686219974715553,
               0.1500414664981037,
               0.11185385587863463,
               0.039561061946902655,
               0.025891276864728193
            ],
            "class 1": [
               0.4179180615335565,
               0.43602741909772036,
               0.3643312609596684,
               0.12248525426430736,
               0.08487007811254584
            ]
         },
         "data": {
            "n": 26048,
            "n0": 19775,
            "n1": 6273
         }
      }
   },
   "SVC": {
      "cv_score": [
         0.8458612714079315,
         0.003002028448725345
      ],
      "best_params": {
         "C": 10,
         "gamma": 0.001,
         "kernel": "rbf",
         "random_state": 1234
      },
      "test_score": 0.7857289207469746,
      "test_score_kdn": [
         0.7726690446504275,
         0.7834135584388773,
         0.7869561949565785,
         0.7887602710597288,
         0.7872417936507188,
         0.7888937464049967,
         0.7855242458673408,
         0.7877409905900992,
         0.7860200734904962
      ],
      "test_score_dynamic_kdn": [
         0.7818671592095622,
         0.7825145569760179,
         0.7865876437937268,
         0.7890703873960789,
         0.7862606114732354,
         0.7867519621426347,
         0.7848737609749353,
         0.7846819911450746,
         0.7817601864577877
      ],
      "test_score_dynamic_kdn_full": [
         0.7627560636666576,
         0.7744602119129422,
         0.7771915303458367,
         0.7841484001797643,
         0.7761939714559568,
         0.7790069224601337,
         0.7805074763855419,
         0.7790999420726632,
         0.7841472819871995
      ],
      "test_score_dynamic_kdn_grouped": [
         0.7648553323027047,
         0.7763211061967545,
         0.7843469300768089,
         0.7805981388523828,
         0.7852445516285681,
         0.7836574675248188,
         0.7848667631522973,
         0.7858651937764525,
         0.7853644496604861
      ],
      "test_score_dynamic_kdn_full_grouped": [
         0.7439505806132348,
         0.7610016687300875,
         0.7746105079074947,
         0.7797576572960717,
         0.7835520551131463,
         0.7844682878477369,
         0.7837611583903572,
         0.7833129492937916,
         0.7862090909031971
      ]
   },
   "KNeighborsClassifier": {
      "cv_score": [
         0.828892596565298,
         0.0054501181899728485
      ],
      "best_params": {
         "n_jobs": -1,
         "n_neighbors": 11
      },
      "test_score": 0.7642109717800833,
      "test_score_kdn": [
         0.7068376159465329,
         0.7309038284792404,
         0.7408517405749734,
         0.7423524051730054,
         0.7570393007499749,
         0.7567026700087024,
         0.758699160354485,
         0.7631799850711414,
         0.7580157176124163
      ],
      "test_score_dynamic_kdn": [
         0.7192297728595677,
         0.74237534783718,
         0.7479576229413264,
         0.7513360209135773,
         0.7515601669132229,
         0.757713613135047,
         0.7591865281877848,
         0.7591344982909797,
         0.7600933242638551
      ],
      "test_score_dynamic_kdn_full": [
         0.6729971832151542,
         0.7300484618584968,
         0.7266768739799517,
         0.7365855818368335,
         0.7488196988352509,
         0.7550092500142189,
         0.7533251402870458,
         0.7521178477882139,
         0.7587174282157226
      ],
      "test_score_dynamic_kdn_grouped": [
         0.6417838336244847,
         0.6812603814295624,
         0.7036230803434521,
         0.7373169832951376,
         0.7514526365930125,
         0.7558578164821017,
         0.764830354815142,
         0.7614547557478619,
         0.7629218240909026
      ],
      "test_score_dynamic_kdn_full_grouped": [
         0.6110475433753644,
         0.7297902561455536,
         0.7401619969056389,
         0.7480729332829728,
         0.7509491932524723,
         0.7509289329134794,
         0.7577847675570684,
         0.7588277513169976,
         0.7648169869671417
      ]
   },
   "RandomForestClassifier": {
      "cv_score": [
         0.829967754760788,
         0.005627953469940958
      ],
      "best_params": {
         "max_features": "log2",
         "n_estimators": 500,
         "random_state": 1234
      },
      "test_score": 0.7658285160180187,
      "test_score_kdn": [
         0.7494060160821866,
         0.7611174443436235,
         0.7583570027492756,
         0.7629076701453293,
         0.7649997117332431,
         0.7632381943794095,
         0.7658679216389686,
         0.7662846391601554,
         0.7640787038762245
      ],
      "test_score_dynamic_kdn": [
         0.7640718598690852,
         0.7618717360618872,
         0.7682875786891913,
         0.7645314639616663,
         0.7699377365768276,
         0.7677849314351004,
         0.7673228631473772,
         0.7657428469391433,
         0.7660395211458052
      ],
      "test_score_dynamic_kdn_full": [
         0.7347887787452646,
         0.7476846033833475,
         0.7513211306881085,
         0.7579918518600983,
         0.7530910696220379,
         0.7654142263656567,
         0.760724900676156,
         0.7628453584857857,
         0.7638082490771017
      ],
      "test_score_dynamic_kdn_grouped": [
         0.7248192075317546,
         0.7396412022012262,
         0.750709443801614,
         0.7587216609970772,
         0.7586053789853687,
         0.765605306694032,
         0.7625927348786612,
         0.7691544717786856,
         0.7661049146302534
      ],
      "test_score_dynamic_kdn_full_grouped": [
         0.6966920749417471,
         0.7543603802745816,
         0.7641740642711017,
         0.7620540513259068,
         0.7618680199714207,
         0.762163622995769,
         0.764280733075527,
         0.7633999952744734,
         0.7645988320118553
      ]
   }
}