{
   "appendicitis": {
      "info": {
         "complexity": {
            "global": [
               0.21190476190476196,
               0.22702380952380952,
               0.17464285714285713,
               0.15107142857142858,
               0.11761904761904761
            ],
            "class 0": [
               0.14626865671641792,
               0.16029850746268656,
               0.11388059701492538,
               0.10402985074626867,
               0.07328358208955224
            ],
            "class 1": [
               0.47058823529411764,
               0.4899999999999999,
               0.41411764705882353,
               0.33647058823529413,
               0.29235294117647065
            ]
         },
         "data": {
            "n": 84,
            "n0": 67,
            "n1": 17
         }
      }
   },
   "SVC": {
      "cv_score": [
         0.8816176470588235,
         0.03605191374156255
      ],
      "best_params": {
         "C": 1,
         "gamma": 1,
         "kernel": "rbf",
         "random_state": 1234
      },
      "test_score": 0.5,
      "test_score_kdn": [
         0.8354101966249685,
         0.5,
         0.5,
         0.5,
         0.5,
         0.5,
         0.5,
         0.5,
         0.5
      ],
      "test_score_dynamic_kdn": [
         0.5,
         0.5,
         0.5,
         0.5,
         0.5,
         0.5,
         0.5,
         0.5,
         0.5
      ],
      "test_score_dynamic_kdn_full": [
         0.5,
         0.6610152971798826,
         0.5416666666666666,
         0.5,
         0.5,
         0.5,
         0.5,
         0.5,
         0.5
      ],
      "test_score_dynamic_kdn_grouped": [
         0.5,
         0.5,
         0.7314550249431379,
         0.5,
         0.5,
         0.5,
         0.5,
         0.5,
         0.5
      ],
      "test_score_dynamic_kdn_full_grouped": [
         0.5,
         0.3721725018587716,
         0.7314550249431379,
         0.5,
         0.5,
         0.5,
         0.5,
         0.5,
         0.5
      ]
   },
   "KNeighborsClassifier": {
      "cv_score": [
         0.8816176470588235,
         0.06378014247706308
      ],
      "best_params": {
         "n_jobs": -1,
         "n_neighbors": 5
      },
      "test_score": 0.6944444444444444,
      "test_score_kdn": [
         0.7314550249431379,
         0.5,
         0.9214636152117623,
         0.7940032457248254,
         0.749756216421785,
         0.8472222222222222,
         0.749756216421785,
         0.7940032457248254,
         0.7940032457248254
      ],
      "test_score_dynamic_kdn": [
         0.5,
         0.9214636152117623,
         0.9214636152117623,
         0.8354101966249685,
         0.749756216421785,
         0.8354101966249685,
         0.6944444444444444,
         0.6944444444444444,
         0.6944444444444444
      ],
      "test_score_dynamic_kdn_full": [
         0.5,
         0.7525907427704612,
         0.617851130197758,
         0.5920087412456472,
         0.5780488176318078,
         0.6533929977694741,
         0.6944444444444444,
         0.6944444444444444,
         0.6944444444444444
      ],
      "test_score_dynamic_kdn_grouped": [
         0.7314550249431379,
         0.44856555001263604,
         0.6533929977694741,
         0.6944444444444444,
         0.6533929977694741,
         0.6944444444444444,
         0.6944444444444444,
         0.6944444444444444,
         0.6944444444444444
      ],
      "test_score_dynamic_kdn_full_grouped": [
         0.5,
         0.4219511823681922,
         0.620281306081172,
         0.6944444444444444,
         0.6944444444444444,
         0.6944444444444444,
         0.6944444444444444,
         0.6944444444444444,
         0.6944444444444444
      ]
   },
   "RandomForestClassifier": {
      "cv_score": [
         0.8691176470588236,
         0.05740947439983276
      ],
      "best_params": {
         "max_features": null,
         "n_estimators": 100,
         "random_state": 1234
      },
      "test_score": 0.7940032457248254,
      "test_score_kdn": [
         0.6944444444444444,
         0.7314550249431379,
         0.7940032457248254,
         0.9214636152117623,
         0.8472222222222222,
         0.7940032457248254,
         0.7940032457248254,
         0.9214636152117623,
         0.8472222222222222
      ],
      "test_score_dynamic_kdn": [
         0.5,
         0.6944444444444444,
         0.8354101966249685,
         0.749756216421785,
         0.8472222222222222,
         0.8472222222222222,
         0.8472222222222222,
         0.8472222222222222,
         0.7940032457248254
      ],
      "test_score_dynamic_kdn_full": [
         0.5,
         0.5120281306081172,
         0.5668153104781061,
         0.620281306081172,
         0.9214636152117623,
         0.7940032457248254,
         0.9214636152117623,
         0.9214636152117623,
         0.9214636152117623
      ],
      "test_score_dynamic_kdn_grouped": [
         0.6944444444444444,
         0.3888888888888889,
         0.8472222222222222,
         0.8472222222222222,
         0.9214636152117623,
         0.8354101966249685,
         0.9214636152117623,
         0.8472222222222222,
         0.8472222222222222
      ],
      "test_score_dynamic_kdn_full_grouped": [
         0.38214886980224205,
         0.5556794253984217,
         0.5920087412456472,
         0.8354101966249685,
         0.8472222222222222,
         0.8472222222222222,
         0.9214636152117623,
         0.8472222222222222,
         0.8472222222222222
      ]
   }
}