{
   "australian": {
      "info": {
         "complexity": {
            "global": [
               0.19637681159420292,
               0.20219202898550726,
               0.15320652173913044,
               0.09994565217391305,
               0.063768115942029
            ],
            "class 0": [
               0.1673202614379085,
               0.17333333333333337,
               0.12843137254901962,
               0.0835294117647059,
               0.051405228758169934
            ],
            "class 1": [
               0.23252032520325205,
               0.23808943089430895,
               0.1840243902439025,
               0.12036585365853658,
               0.07914634146341465
            ]
         },
         "data": {
            "n": 552,
            "n0": 306,
            "n1": 246
         }
      }
   },
   "SVC": {
      "cv_score": [
         0.8677641277641278,
         0.022520086235591118
      ],
      "best_params": {
         "C": 1,
         "gamma": 0.01,
         "kernel": "rbf",
         "random_state": 1234
      },
      "test_score": 0.8288719124134938,
      "test_score_kdn": [
         0.7790146741398074,
         0.8238492791770766,
         0.8288719124134938,
         0.8288719124134938,
         0.8288719124134938,
         0.8288719124134938,
         0.8288719124134938,
         0.8288719124134938,
         0.8288719124134938
      ],
      "test_score_dynamic_kdn": [
         0.5948807740013147,
         0.8256061708556084,
         0.8198088939208763,
         0.8288719124134938,
         0.8288719124134938,
         0.8288719124134938,
         0.8198088939208763,
         0.8288719124134938,
         0.8288719124134938
      ],
      "test_score_dynamic_kdn_full": [
         0.442418425341894,
         0.7347741245059966,
         0.8492904406893689,
         0.8288719124134938,
         0.8288719124134938,
         0.8288719124134938,
         0.8288719124134938,
         0.8288719124134938,
         0.8288719124134938
      ],
      "test_score_dynamic_kdn_grouped": [
         0.6402953179552093,
         0.727057888517166,
         0.8288719124134938,
         0.8288719124134938,
         0.8288719124134938,
         0.8288719124134938,
         0.8288719124134938,
         0.8288719124134938,
         0.8288719124134938
      ],
      "test_score_dynamic_kdn_full_grouped": [
         0.3538859191316143,
         0.6435179521781251,
         0.8256061708556084,
         0.8288719124134938,
         0.8198088939208763,
         0.8288719124134938,
         0.8288719124134938,
         0.8288719124134938,
         0.8288719124134938
      ]
   },
   "KNeighborsClassifier": {
      "cv_score": [
         0.8550204750204751,
         0.023833030781244442
      ],
      "best_params": {
         "n_jobs": -1,
         "n_neighbors": 9
      },
      "test_score": 0.8413438746589987,
      "test_score_kdn": [
         0.7411283982744046,
         0.795161566562484,
         0.8260920481344427,
         0.8260920481344427,
         0.8322432256523733,
         0.8364778057333556,
         0.8364778057333556,
         0.8428921811632875,
         0.8413438746589987
      ],
      "test_score_dynamic_kdn": [
         0.7197362917391305,
         0.8201932104841612,
         0.7926997379855212,
         0.8400806495281385,
         0.8428921811632875,
         0.8301314635298218,
         0.8364778057333556,
         0.8364778057333556,
         0.8201932104841612
      ],
      "test_score_dynamic_kdn_full": [
         0.40595028403060657,
         0.5454160231748059,
         0.7910078319856049,
         0.8079625292740047,
         0.8155341735691953,
         0.8322407278456903,
         0.8364778057333556,
         0.8400806495281385,
         0.8413438746589987
      ],
      "test_score_dynamic_kdn_grouped": [
         0.48700116451350917,
         0.7216145067309798,
         0.805600521234883,
         0.8167329509302879,
         0.8199971676324664,
         0.8283010245180412,
         0.8510704949826338,
         0.8428921811632875,
         0.8559411646196253
      ],
      "test_score_dynamic_kdn_full_grouped": [
         0.33206284471937914,
         0.5185344483548503,
         0.7699546421247512,
         0.8092443116847771,
         0.8254649131111709,
         0.8510704949826338,
         0.8447287534904484,
         0.8267465846983721,
         0.8413438746589987
      ]
   },
   "RandomForestClassifier": {
      "cv_score": [
         0.8786076986076987,
         0.022665728921515457
      ],
      "best_params": {
         "max_features": "sqrt",
         "n_estimators": 100,
         "random_state": 1234
      },
      "test_score": 0.8260920481344427,
      "test_score_kdn": [
         0.7968328136464368,
         0.8559411646196253,
         0.8447287534904484,
         0.8218851164840775,
         0.8301314635298218,
         0.8176274892354056,
         0.8384542466693761,
         0.8407216653784456,
         0.8322432256523733
      ],
      "test_score_dynamic_kdn": [
         0.8041643229918033,
         0.8108491766942032,
         0.846858962069341,
         0.8364778057333556,
         0.8238492791770766,
         0.8364778057333556,
         0.8322432256523733,
         0.8384542466693761,
         0.8447287534904484
      ],
      "test_score_dynamic_kdn_full": [
         0.5557684461727976,
         0.763732885944862,
         0.8013762017942738,
         0.8238492791770766,
         0.8364778057333556,
         0.8301314635298218,
         0.8238492791770766,
         0.8384542466693761,
         0.8238492791770766
      ],
      "test_score_dynamic_kdn_grouped": [
         0.6417157166891795,
         0.759164543567535,
         0.7846214691378282,
         0.8447287534904484,
         0.8301314635298218,
         0.8510704949826338,
         0.8447287534904484,
         0.846858962069341,
         0.8301314635298218
      ],
      "test_score_dynamic_kdn_full_grouped": [
         0.46519921451415847,
         0.7371250715879865,
         0.8199971676324664,
         0.8447287534904484,
         0.8301314635298218,
         0.8238492791770766,
         0.8559411646196253,
         0.8447287534904484,
         0.8364778057333556
      ]
   }
}