{
   "backache": {
      "info": {
         "complexity": {
            "global": [
               0.21666666666666667,
               0.21458333333333332,
               0.15868055555555557,
               0.014166666666666673,
               0.008819444444444444
            ],
            "class 0": [
               0.12741935483870967,
               0.12064516129032256,
               0.06919354838709678,
               0.007661290322580652,
               0.0036290322580645167
            ],
            "class 1": [
               0.77,
               0.7969999999999999,
               0.7135,
               0.054500000000000014,
               0.041
            ]
         },
         "data": {
            "n": 144,
            "n0": 124,
            "n1": 20
         }
      }
   },
   "SVC": {
      "cv_score": [
         0.8610837438423644,
         0.0019704433497536923
      ],
      "best_params": {
         "C": 1,
         "gamma": 0.0001,
         "kernel": "rbf",
         "random_state": 1234
      },
      "test_score": 0.5,
      "test_score_kdn": [
         0.5,
         0.5,
         0.5,
         0.5,
         0.5,
         0.5,
         0.5,
         0.5,
         0.5
      ],
      "test_score_dynamic_kdn": [
         0.5,
         0.5,
         0.5,
         0.5,
         0.5,
         0.5,
         0.5,
         0.5,
         0.5
      ],
      "test_score_dynamic_kdn_full": [
         0.5,
         0.5,
         0.5,
         0.5,
         0.5,
         0.5,
         0.5,
         0.5,
         0.5
      ],
      "test_score_dynamic_kdn_grouped": [
         0.5,
         0.5,
         0.5,
         0.5,
         0.5,
         0.5,
         0.5,
         0.5,
         0.5
      ],
      "test_score_dynamic_kdn_full_grouped": [
         0.5,
         0.5,
         0.5,
         0.5,
         0.5,
         0.5,
         0.5,
         0.5,
         0.5
      ]
   },
   "KNeighborsClassifier": {
      "cv_score": [
         0.8610837438423644,
         0.0019704433497536923
      ],
      "best_params": {
         "n_jobs": -1,
         "n_neighbors": 11
      },
      "test_score": 0.5,
      "test_score_kdn": [
         0.5,
         0.5,
         0.5,
         0.5,
         0.5,
         0.5,
         0.5,
         0.5,
         0.5
      ],
      "test_score_dynamic_kdn": [
         0.5,
         0.5,
         0.5,
         0.5,
         0.5,
         0.5,
         0.5,
         0.5,
         0.5
      ],
      "test_score_dynamic_kdn_full": [
         0.5,
         0.5,
         0.8019544180637788,
         0.5,
         0.5,
         0.5,
         0.5,
         0.5,
         0.5
      ],
      "test_score_dynamic_kdn_grouped": [
         0.5,
         0.5709952292808831,
         0.37546612965332055,
         0.5,
         0.5,
         0.5,
         0.5,
         0.5,
         0.5
      ],
      "test_score_dynamic_kdn_full_grouped": [
         0.5,
         0.5,
         0.5,
         0.5,
         0.5,
         0.5,
         0.5,
         0.5,
         0.5
      ]
   },
   "RandomForestClassifier": {
      "cv_score": [
         0.8610837438423644,
         0.0019704433497536923
      ],
      "best_params": {
         "max_features": "log2",
         "n_estimators": 100,
         "random_state": 1234
      },
      "test_score": 0.7104417123236605,
      "test_score_kdn": [
         0.5,
         0.4892665302314727,
         0.7104417123236605,
         0.4660577883348935,
         0.5,
         0.5,
         0.5,
         0.5,
         0.5
      ],
      "test_score_dynamic_kdn": [
         0.6516129032258065,
         0.4013438460740906,
         0.5,
         0.5,
         0.7104417123236605,
         0.7104417123236605,
         0.7104417123236605,
         0.5,
         0.5
      ],
      "test_score_dynamic_kdn_full": [
         0.6516129032258065,
         0.7104417123236605,
         0.7104417123236605,
         0.5,
         0.5,
         0.5,
         0.5,
         0.5,
         0.5
      ],
      "test_score_dynamic_kdn_grouped": [
         0.6042936484359613,
         0.411750249670723,
         0.535483870967742,
         0.5,
         0.5847629089468844,
         0.5,
         0.5,
         0.5,
         0.5
      ],
      "test_score_dynamic_kdn_full_grouped": [
         0.8019544180637788,
         0.4660577883348935,
         0.767741935483871,
         0.7104417123236605,
         0.6266260462848104,
         0.7104417123236605,
         0.5,
         0.5,
         0.5
      ]
   }
}