{
   "banknote": {
      "info": {
         "complexity": {
            "global": [
               0.0021877848678213308,
               0.004038286235186874,
               0.002953509571558797,
               0.0036918869644484965,
               0.002825888787602552
            ],
            "class 0": [
               0.003940886699507389,
               0.006847290640394088,
               0.005123152709359606,
               0.0062233169129720855,
               0.004893267651888342
            ],
            "class 1": [
               0.0,
               0.0005327868852459019,
               0.0002459016393442623,
               0.0005327868852459019,
               0.0002459016393442623
            ]
         },
         "data": {
            "n": 1097,
            "n0": 609,
            "n1": 488
         }
      }
   },
   "SVC": {
      "cv_score": [
         1.0,
         0.0
      ],
      "best_params": {
         "C": 10,
         "gamma": 0.1,
         "kernel": "rbf",
         "random_state": 1234
      },
      "test_score": 1.0,
      "test_score_kdn": [
         0.9963333327444995,
         0.9926991752936268,
         1.0,
         1.0,
         1.0,
         1.0,
         1.0,
         1.0,
         1.0
      ],
      "test_score_dynamic_kdn": [
         0.9963333327444995,
         1.0,
         1.0,
         1.0,
         1.0,
         1.0,
         1.0,
         1.0,
         1.0
      ],
      "test_score_dynamic_kdn_full": [
         0.9963333327444995,
         1.0,
         1.0,
         1.0,
         1.0,
         1.0,
         1.0,
         1.0,
         1.0
      ],
      "test_score_dynamic_kdn_grouped": [
         1.0,
         1.0,
         1.0,
         1.0,
         1.0,
         1.0,
         1.0,
         1.0,
         1.0
      ],
      "test_score_dynamic_kdn_full_grouped": [
         1.0,
         0.9855255243080868,
         1.0,
         1.0,
         1.0,
         1.0,
         1.0,
         1.0,
         1.0
      ]
   },
   "KNeighborsClassifier": {
      "cv_score": [
         0.9981776670817768,
         0.002231902546335626
      ],
      "best_params": {
         "n_jobs": -1,
         "n_neighbors": 1
      },
      "test_score": 1.0,
      "test_score_kdn": [
         0.9963272603983382,
         0.9784734969200509,
         1.0,
         1.0,
         1.0,
         1.0,
         1.0,
         1.0,
         1.0
      ],
      "test_score_dynamic_kdn": [
         0.9963333327444995,
         0.9890968066492664,
         1.0,
         1.0,
         1.0,
         1.0,
         1.0,
         1.0,
         1.0
      ],
      "test_score_dynamic_kdn_full": [
         0.9779009964641594,
         1.0,
         0.9890968066492664,
         1.0,
         1.0,
         1.0,
         1.0,
         1.0,
         1.0
      ],
      "test_score_dynamic_kdn_grouped": [
         1.0,
         1.0,
         1.0,
         1.0,
         1.0,
         1.0,
         1.0,
         1.0,
         1.0
      ],
      "test_score_dynamic_kdn_full_grouped": [
         0.9779009964641594,
         1.0,
         1.0,
         1.0,
         1.0,
         1.0,
         1.0,
         1.0,
         1.0
      ]
   },
   "RandomForestClassifier": {
      "cv_score": [
         0.9954420921544209,
         0.002874815854921248
      ],
      "best_params": {
         "max_features": "sqrt",
         "n_estimators": 100,
         "random_state": 1234
      },
      "test_score": 0.9963333327444995,
      "test_score_kdn": [
         0.959962195031238,
         0.9819846435775076,
         0.9890968066492664,
         0.9634901762195087,
         0.9963333327444995,
         0.9963333327444995,
         0.9890968066492664,
         0.9963333327444995,
         0.9963333327444995
      ],
      "test_score_dynamic_kdn": [
         0.9376480988459965,
         0.9705346619522126,
         0.9890968066492664,
         0.9890968066492664,
         0.9963333327444995,
         0.9963333327444995,
         0.9963333327444995,
         0.9963333327444995,
         0.9963333327444995
      ],
      "test_score_dynamic_kdn_full": [
         0.9563101011292368,
         0.9781804082785608,
         0.9890968066492664,
         0.9746438273954177,
         0.9963333327444995,
         0.9963333327444995,
         0.9963333327444995,
         0.9963333327444995,
         0.9963333327444995
      ],
      "test_score_dynamic_kdn_grouped": [
         0.9410657189755218,
         0.9926991752936268,
         0.9963333327444995,
         0.9779009964641594,
         0.9926991752936268,
         0.9963333327444995,
         0.9963333327444995,
         0.9963333327444995,
         0.9963333327444995
      ],
      "test_score_dynamic_kdn_full_grouped": [
         0.9890968066492664,
         0.9926991752936268,
         0.9963333327444995,
         0.9673030112133278,
         0.9963333327444995,
         0.9963333327444995,
         0.9963333327444995,
         0.9963333327444995,
         0.9963333327444995
      ]
   }
}