{
   "breastcancer": {
      "info": {
         "complexity": {
            "global": [
               0.054505494505494516,
               0.06883516483516484,
               0.042681318681318685,
               0.033692307692307695,
               0.019384615384615386
            ],
            "class 0": [
               0.03298245614035088,
               0.04115789473684211,
               0.018947368421052633,
               0.01891228070175439,
               0.007017543859649123
            ],
            "class 1": [
               0.09058823529411765,
               0.11523529411764706,
               0.08247058823529411,
               0.05847058823529413,
               0.04011764705882353
            ]
         },
         "data": {
            "n": 455,
            "n0": 285,
            "n1": 170
         }
      }
   },
   "SVC": {
      "cv_score": [
         0.9758241758241759,
         0.023466106048420466
      ],
      "best_params": {
         "C": 100,
         "gamma": 0.01,
         "kernel": "rbf",
         "random_state": 1234
      },
      "test_score": 0.9527233095226311,
      "test_score_kdn": [
         0.9529119369471538,
         0.9720774754816659,
         0.9720774754816659,
         0.9720774754816659,
         0.9720774754816659,
         0.9623015873015873,
         0.9720774754816659,
         0.9720774754816659,
         0.9527233095226311
      ],
      "test_score_dynamic_kdn": [
         0.9813109511118895,
         0.9720774754816659,
         0.9622590592970439,
         0.9434523809523809,
         0.9622590592970439,
         0.9527233095226311,
         0.9434523809523809,
         0.9527233095226311,
         0.9527233095226311
      ],
      "test_score_dynamic_kdn_full": [
         0.8531063760052273,
         0.9190070219254929,
         0.9629100498862757,
         0.953189297146615,
         0.944317519497424,
         0.953189297146615,
         0.9623015873015873,
         0.9527233095226311,
         0.9527233095226311
      ],
      "test_score_dynamic_kdn_grouped": [
         0.9629945833701035,
         0.9527233095226311,
         0.9432071674821982,
         0.9720774754816659,
         0.9527233095226311,
         0.9527233095226311,
         0.9622590592970439,
         0.9527233095226311,
         0.9527233095226311
      ],
      "test_score_dynamic_kdn_full_grouped": [
         0.8439662814704506,
         0.9190070219254929,
         0.9623015873015873,
         0.9623015873015873,
         0.9434523809523809,
         0.9527233095226311,
         0.9527233095226311,
         0.9527233095226311,
         0.9527233095226311
      ]
   },
   "KNeighborsClassifier": {
      "cv_score": [
         0.9692307692307693,
         0.021308482889742113
      ],
      "best_params": {
         "n_jobs": -1,
         "n_neighbors": 3
      },
      "test_score": 0.9343832464083224,
      "test_score_kdn": [
         0.8869047619047619,
         0.9343832464083224,
         0.9529119369471538,
         0.9251888441403261,
         0.9251888441403261,
         0.9447495899966607,
         0.9447495899966607,
         0.9436221311410142,
         0.9343832464083224
      ],
      "test_score_dynamic_kdn": [
         0.8860514920376614,
         0.8901727911659971,
         0.9343832464083224,
         0.9436221311410142,
         0.9343832464083224,
         0.9529119369471538,
         0.9343832464083224,
         0.9343832464083224,
         0.9343832464083224
      ],
      "test_score_dynamic_kdn_full": [
         0.9356719204143853,
         0.9434523809523809,
         0.9432071674821982,
         0.9432071674821982,
         0.9436221311410142,
         0.9343832464083224,
         0.9538027327183415,
         0.9538027327183415,
         0.9343832464083224
      ],
      "test_score_dynamic_kdn_grouped": [
         0.8522655471609897,
         0.9622590592970439,
         0.9436221311410142,
         0.9436221311410142,
         0.9251888441403261,
         0.9343832464083224,
         0.9343832464083224,
         0.9436221311410142,
         0.9436221311410142
      ],
      "test_score_dynamic_kdn_full_grouped": [
         0.8770788114698621,
         0.9343832464083224,
         0.9432071674821982,
         0.9436221311410142,
         0.9251888441403261,
         0.9436221311410142,
         0.9343832464083224,
         0.9529119369471538,
         0.9343832464083224
      ]
   },
   "RandomForestClassifier": {
      "cv_score": [
         0.9582417582417584,
         0.038945154168504054
      ],
      "best_params": {
         "max_features": "sqrt",
         "n_estimators": 100,
         "random_state": 1234
      },
      "test_score": 0.9538027327183415,
      "test_score_kdn": [
         0.9344298273300885,
         0.9906164499672565,
         0.9622590592970439,
         0.9622590592970439,
         0.9527233095226311,
         0.9629100498862757,
         0.9720774754816659,
         0.9529119369471538,
         0.9538027327183415
      ],
      "test_score_dynamic_kdn": [
         0.9374783291565472,
         0.9813109511118895,
         0.9432071674821982,
         0.9622590592970439,
         0.9720774754816659,
         0.9527233095226311,
         0.9720774754816659,
         0.9720774754816659,
         0.9622590592970439
      ],
      "test_score_dynamic_kdn_full": [
         0.8687090013596303,
         0.9457724139071517,
         0.9434523809523809,
         0.9716698797449438,
         0.9720774754816659,
         0.9622590592970439,
         0.9720774754816659,
         0.9629100498862757,
         0.9720774754816659
      ],
      "test_score_dynamic_kdn_grouped": [
         0.8587552886618637,
         0.9629100498862757,
         0.9720774754816659,
         0.9720774754816659,
         0.9720774754816659,
         0.9629100498862757,
         0.9720774754816659,
         0.9629100498862757,
         0.9629100498862757
      ],
      "test_score_dynamic_kdn_full_grouped": [
         0.9457724139071517,
         0.9527233095226311,
         0.9720774754816659,
         0.9527233095226311,
         0.9529119369471538,
         0.9436221311410142,
         0.9720774754816659,
         0.9720774754816659,
         0.9629100498862757
      ]
   }
}