{
   "bupa": {
      "info": {
         "complexity": {
            "global": [
               0.45434782608695656,
               0.46090579710144924,
               0.38434782608695656,
               0.35206521739130436,
               0.29217391304347823
            ],
            "class 0": [
               0.4666666666666667,
               0.45422222222222225,
               0.37451851851851853,
               0.338962962962963,
               0.2793333333333334
            ],
            "class 1": [
               0.4425531914893616,
               0.4673049645390071,
               0.393758865248227,
               0.36460992907801415,
               0.30446808510638296
            ]
         },
         "data": {
            "n": 276,
            "n0": 135,
            "n1": 141
         }
      }
   },
   "SVC": {
      "cv_score": [
         0.6194155844155844,
         0.08960860152554444
      ],
      "best_params": {
         "C": 10,
         "gamma": 0.1,
         "kernel": "rbf",
         "random_state": 1234
      },
      "test_score": 0.6164363472854919,
      "test_score_kdn": [
         0.6245793023262294,
         0.5766517942872053,
         0.5415651867565944,
         0.7110245270150823,
         0.6575328324635479,
         0.6575328324635479,
         0.6415968439194413,
         0.5840963897146437,
         0.5684363944308856
      ],
      "test_score_dynamic_kdn": [
         0.6439175329137202,
         0.6415471784076612,
         0.5954404146634842,
         0.5882366407998935,
         0.6468685744169272,
         0.6302316206575751,
         0.6676500720928062,
         0.6000773192301501,
         0.5981352071084397
      ],
      "test_score_dynamic_kdn_full": [
         0.4612624182466685,
         0.5273171569211269,
         0.5757389296417386,
         0.5264384052682571,
         0.535506157236597,
         0.5387375817533314,
         0.5739573382102822,
         0.5699230178027249,
         0.6000773192301501
      ],
      "test_score_dynamic_kdn_grouped": [
         0.3462818100110255,
         0.4738564687654549,
         0.5804551853510703,
         0.47486033410881423,
         0.5699230178027249,
         0.6970373328044466,
         0.6229995503796468,
         0.6245793023262294,
         0.614006961314182
      ],
      "test_score_dynamic_kdn_full_grouped": [
         0.5059889903772573,
         0.38082919538633253,
         0.5916698497028211,
         0.4738564687654549,
         0.6120796770601015,
         0.4788848640125035,
         0.5855866660139347,
         0.6439175329137202,
         0.5981352071084397
      ]
   },
   "KNeighborsClassifier": {
      "cv_score": [
         0.6195454545454546,
         0.10224343014719561
      ],
      "best_params": {
         "n_jobs": -1,
         "n_neighbors": 11
      },
      "test_score": 0.5954404146634842,
      "test_score_kdn": [
         0.4612624182466685,
         0.5562357200100839,
         0.49096123092422267,
         0.5825625102007618,
         0.526143531234545,
         0.5530453433414221,
         0.5672395217777593,
         0.5981352071084397,
         0.5825625102007618
      ],
      "test_score_dynamic_kdn": [
         0.4468610260462933,
         0.5912115239569831,
         0.5555718930226211,
         0.5504625914386928,
         0.5954404146634842,
         0.6095201475983156,
         0.5502540236502417,
         0.5378754268241809,
         0.566301527000739
      ],
      "test_score_dynamic_kdn_full": [
         0.3911764705882353,
         0.4018647928915603,
         0.4444281069773789,
         0.4903855850521253,
         0.433698472999261,
         0.5504625914386928,
         0.5541858181151055,
         0.5941176470588235,
         0.6105971918693505
      ],
      "test_score_dynamic_kdn_grouped": [
         0.4087884760430169,
         0.6521008403361345,
         0.5085113318706025,
         0.46341462120694776,
         0.5371626393379938,
         0.5504625914386928,
         0.5648696258851562,
         0.5798319327731092,
         0.5813588537889475
      ],
      "test_score_dynamic_kdn_full_grouped": [
         0.5671618302404693,
         0.448609776896175,
         0.5650233240959368,
         0.5043054414983024,
         0.5808484893344007,
         0.5502540236502417,
         0.46283736066200615,
         0.5651260504201681,
         0.6245793023262294
      ]
   },
   "RandomForestClassifier": {
      "cv_score": [
         0.5979870129870128,
         0.07293580955700851
      ],
      "best_params": {
         "max_features": "sqrt",
         "n_estimators": 100,
         "random_state": 1234
      },
      "test_score": 0.5941176470588235,
      "test_score_kdn": [
         0.5819920061690788,
         0.44347025934992695,
         0.47486033410881423,
         0.49096123092422267,
         0.580057668956885,
         0.5793929113129869,
         0.505635325083971,
         0.46283736066200615,
         0.520852763082976
      ],
      "test_score_dynamic_kdn": [
         0.4469546566585779,
         0.6439175329137202,
         0.5656013688703005,
         0.4590039969154606,
         0.5502168580365544,
         0.4924306112841961,
         0.520852763082976,
         0.5206600436017768,
         0.47486033410881423
      ],
      "test_score_dynamic_kdn_full": [
         0.5235281764820824,
         0.40463296011741434,
         0.5512450038556742,
         0.4726828430788731,
         0.385993038685818,
         0.4757247534844327,
         0.4903855850521253,
         0.4444281069773789,
         0.520852763082976
      ],
      "test_score_dynamic_kdn_grouped": [
         0.33232676214913187,
         0.3624894383295622,
         0.5102490007711349,
         0.49197624832475134,
         0.41994233104311496,
         0.5211151359874965,
         0.5502168580365544,
         0.5205398864795504,
         0.4771178223718585
      ],
      "test_score_dynamic_kdn_full_grouped": [
         0.4602312836247002,
         0.34466819336150545,
         0.6004715771505855,
         0.385993038685818,
         0.385993038685818,
         0.4621245731758191,
         0.5506941879069756,
         0.5502168580365544,
         0.49197624832475134
      ]
   }
}