{
   "cleve": {
      "info": {
         "complexity": {
            "global": [
               0.25785123966942153,
               0.26892561983471075,
               0.20657024793388432,
               0.10177685950413223,
               0.06553719008264462
            ],
            "class 0": [
               0.23333333333333336,
               0.23439393939393938,
               0.17431818181818182,
               0.08984848484848484,
               0.055151515151515146
            ],
            "class 1": [
               0.2872727272727273,
               0.31036363636363645,
               0.2452727272727273,
               0.1160909090909091,
               0.07800000000000001
            ]
         },
         "data": {
            "n": 242,
            "n0": 132,
            "n1": 110
         }
      }
   },
   "SVC": {
      "cv_score": [
         0.80578231292517,
         0.021138094373333263
      ],
      "best_params": {
         "C": 1,
         "gamma": 0.01,
         "kernel": "rbf",
         "random_state": 1234
      },
      "test_score": 0.802487960915747,
      "test_score_kdn": [
         0.5,
         0.7088975346954013,
         0.7706683110838264,
         0.7526004705686093,
         0.8015355031727768,
         0.7851124011492332,
         0.7865401813718806,
         0.7706683110838264,
         0.7865401813718806
      ],
      "test_score_dynamic_kdn": [
         0.5,
         0.7519014449425447,
         0.7779602151090148,
         0.802487960915747,
         0.7707673294584181,
         0.8015355031727768,
         0.7706683110838264,
         0.802487960915747,
         0.7865401813718806
      ],
      "test_score_dynamic_kdn_full": [
         0.3321964596379797,
         0.5,
         0.8049230143537711,
         0.802487960915747,
         0.7865401813718806,
         0.7519014449425447,
         0.7688168557773154,
         0.7851124011492332,
         0.7706683110838264
      ],
      "test_score_dynamic_kdn_grouped": [
         0.5150224949457103,
         0.7548242277209947,
         0.665822779387697,
         0.8191152151560798,
         0.802487960915747,
         0.7865401813718806,
         0.7851124011492332,
         0.7851124011492332,
         0.7851124011492332
      ],
      "test_score_dynamic_kdn_full_grouped": [
         0.5,
         0.5700764888226735,
         0.8214687815880819,
         0.7707673294584181,
         0.7682739015569732,
         0.7351457506388837,
         0.7688168557773154,
         0.7851124011492332,
         0.7865401813718806
      ]
   },
   "KNeighborsClassifier": {
      "cv_score": [
         0.8098639455782314,
         0.04774445949012573
      ],
      "best_params": {
         "n_jobs": -1,
         "n_neighbors": 3
      },
      "test_score": 0.8349567099567099,
      "test_score_kdn": [
         0.7532403314859584,
         0.7017506983253661,
         0.8185582789763548,
         0.7548242277209947,
         0.8181341524489897,
         0.801948051948052,
         0.8185582789763548,
         0.8679653679653679,
         0.869473347966168
      ],
      "test_score_dynamic_kdn": [
         0.687365447815837,
         0.6847747676678685,
         0.6689075110222967,
         0.8349567099567099,
         0.8872727939265819,
         0.836571341796918,
         0.8214687815880819,
         0.8543707877573319,
         0.7861777733210191
      ],
      "test_score_dynamic_kdn_full": [
         0.6194360299296549,
         0.40069233168071566,
         0.7532403314859584,
         0.7532403314859584,
         0.8214687815880819,
         0.7885667754188319,
         0.8214687815880819,
         0.8349567099567099,
         0.8181341524489897
      ],
      "test_score_dynamic_kdn_grouped": [
         0.6168416273555242,
         0.6601731601731602,
         0.71822064549499,
         0.7306501226800806,
         0.8066961797100733,
         0.8214687815880819,
         0.8214687815880819,
         0.8349567099567099,
         0.8191152151560798
      ],
      "test_score_dynamic_kdn_full_grouped": [
         0.26485424936111635,
         0.5221339529646298,
         0.6931818181818181,
         0.8169133997389554,
         0.8191152151560798,
         0.8520526569911404,
         0.8543707877573319,
         0.8349567099567099,
         0.8349567099567099
      ]
   },
   "RandomForestClassifier": {
      "cv_score": [
         0.7975340136054421,
         0.007720788750215092
      ],
      "best_params": {
         "max_features": "sqrt",
         "n_estimators": 300,
         "random_state": 1234
      },
      "test_score": 0.8204798921751519,
      "test_score_kdn": [
         0.836571341796918,
         0.7779602151090148,
         0.8650901482189441,
         0.8391777176237161,
         0.802487960915747,
         0.8049230143537711,
         0.8049230143537711,
         0.844075630938494,
         0.8544196029784232
      ],
      "test_score_dynamic_kdn": [
         0.8090362094238894,
         0.748882181096478,
         0.737865323289168,
         0.802487960915747,
         0.8883593137816945,
         0.8185582789763548,
         0.8391777176237161,
         0.8544196029784232,
         0.8240637728924007
      ],
      "test_score_dynamic_kdn_full": [
         0.5124858196210732,
         0.6624477290408046,
         0.7431522379653461,
         0.8520041568034764,
         0.8347971047885803,
         0.885450034630598,
         0.844075630938494,
         0.8544196029784232,
         0.8586835454781038
      ],
      "test_score_dynamic_kdn_grouped": [
         0.5687042918621517,
         0.7519014449425447,
         0.7431522379653461,
         0.7922077922077921,
         0.8185582789763548,
         0.8512505062022122,
         0.8204798921751519,
         0.8295710109919017,
         0.8090362094238894
      ],
      "test_score_dynamic_kdn_full_grouped": [
         0.3315109032904376,
         0.6015653007454334,
         0.6931818181818181,
         0.8512505062022122,
         0.8007137068323654,
         0.8544196029784232,
         0.8698301711926104,
         0.8520041568034764,
         0.8049230143537711
      ]
   }
}