{
   "cod-rna": {
      "info": {
         "complexity": {
            "global": [
               0.09754346182917611,
               0.1056034265558075,
               0.07337910472831108,
               0.08795897371294198,
               0.055795120517342756
            ],
            "class 0": [
               0.06681783824640967,
               0.06923721340388007,
               0.04625409423028471,
               0.05708522297808012,
               0.03380196523053666
            ],
            "class 1": [
               0.158994708994709,
               0.17833585285966239,
               0.12762912572436383,
               0.14970647518266564,
               0.09978143109095491
            ]
         },
         "data": {
            "n": 47628,
            "n0": 31752,
            "n1": 15876
         }
      }
   },
   "SVC": {
      "cv_score": [
         0.9561602532204994,
         0.0025075260399128533
      ],
      "best_params": {
         "C": 1000,
         "gamma": 0.1,
         "kernel": "rbf",
         "random_state": 1234
      },
      "test_score": 0.955231926990275,
      "test_score_kdn": [
         0.9424578436200824,
         0.9499606147647363,
         0.9518383193749661,
         0.9531198336334484,
         0.9536032623994368,
         0.9546092917867345,
         0.9535633479225216,
         0.9543532360550286,
         0.9548470560643625
      ],
      "test_score_dynamic_kdn": [
         0.9436076026041228,
         0.9509699634307542,
         0.9533170523299752,
         0.9544426844091503,
         0.9541852743577313,
         0.953317491442172,
         0.9546192568521161,
         0.9541658481380414,
         0.9549053763666088
      ],
      "test_score_dynamic_kdn_full": [
         0.9399243664470123,
         0.947897130379295,
         0.9522816430780345,
         0.9523233070014131,
         0.9545350247629378,
         0.9539207391605129,
         0.9547585097862081,
         0.9546803170140439,
         0.9550343901072225
      ],
      "test_score_dynamic_kdn_grouped": [
         0.9191575681410802,
         0.9498715191369109,
         0.9513760769564317,
         0.9540670863019358,
         0.9549664240030401,
         0.9543372079127708,
         0.954581494736284,
         0.9548470560643625,
         0.9550343901072225
      ],
      "test_score_dynamic_kdn_full_grouped": [
         0.8887143572311645,
         0.9480703274238252,
         0.951066222622323,
         0.9536554614750401,
         0.953994896227456,
         0.954394192925515,
         0.9546803170140439,
         0.9551229730020024,
         0.9554397835701696
      ]
   },
   "KNeighborsClassifier": {
      "cv_score": [
         0.934765323030821,
         0.002832378185789049
      ],
      "best_params": {
         "n_jobs": -1,
         "n_neighbors": 11
      },
      "test_score": 0.9267294932125991,
      "test_score_kdn": [
         0.8512598452637695,
         0.8989674804432132,
         0.9183602254485745,
         0.9248373869597698,
         0.9275234371735155,
         0.9274993341103153,
         0.9276075549060725,
         0.9279881015286529,
         0.9273507134692616
      ],
      "test_score_dynamic_kdn": [
         0.8526632866249818,
         0.9015094940614865,
         0.9259334624977915,
         0.9292984859036724,
         0.9297605012008642,
         0.9282892130961635,
         0.9282928958642391,
         0.9293903650820077,
         0.9283036286918034
      ],
      "test_score_dynamic_kdn_full": [
         0.8290596691039198,
         0.8908875236772622,
         0.9239136797452665,
         0.931958120796269,
         0.9309105988220561,
         0.9313971701962986,
         0.9293135667050476,
         0.9296026218374669,
         0.9270076662336431
      ],
      "test_score_dynamic_kdn_grouped": [
         0.7152044308320444,
         0.8707571939199754,
         0.9230158523578911,
         0.9293118349295416,
         0.929130724307259,
         0.9286091568213608,
         0.9272960481572097,
         0.9275844854907578,
         0.9276140888860298
      ],
      "test_score_dynamic_kdn_full_grouped": [
         0.6386254644896068,
         0.8661721180440269,
         0.9243895055995699,
         0.9310651010471221,
         0.929331676931765,
         0.9290869700996287,
         0.9280920459223716,
         0.929184068978658,
         0.9255892495111853
      ]
   },
   "RandomForestClassifier": {
      "cv_score": [
         0.9602964716540392,
         0.0018354999892270486
      ],
      "best_params": {
         "max_features": null,
         "n_estimators": 500,
         "random_state": 1234
      },
      "test_score": 0.9587602801790832,
      "test_score_kdn": [
         0.9402446111272,
         0.9474075824481182,
         0.953316503869883,
         0.9564902102722195,
         0.9573798277012717,
         0.9574288661332879,
         0.9572582067004121,
         0.9573254431202852,
         0.9583641208481776
      ],
      "test_score_dynamic_kdn": [
         0.9426177197877161,
         0.9532238741184548,
         0.9554593839709729,
         0.957448395396366,
         0.9579050560038612,
         0.9595690988513244,
         0.9583347915976026,
         0.9586426608278049,
         0.9601552945325411
      ],
      "test_score_dynamic_kdn_full": [
         0.9349912866680575,
         0.951826036713432,
         0.959515343055988,
         0.95926777933059,
         0.9594785792027837,
         0.958762964270796,
         0.9586575704755191,
         0.9603010743868419,
         0.9605800948614733
      ],
      "test_score_dynamic_kdn_grouped": [
         0.9098930992745404,
         0.9433926124957215,
         0.9569192083000098,
         0.9582228150129017,
         0.9582528378349668,
         0.9601059224718589,
         0.9596317086349033,
         0.9597431836294288,
         0.9591926599990229
      ],
      "test_score_dynamic_kdn_full_grouped": [
         0.8668756703290483,
         0.9473779705098344,
         0.9576795551867361,
         0.9587602801790832,
         0.9589760579964847,
         0.9610869180317017,
         0.9595690988513244,
         0.9603715908579703,
         0.9591854928511838
      ]
   }
}