{
   "diabetes": {
      "info": {
         "complexity": {
            "global": [
               0.3182410423452769,
               0.32501628664495114,
               0.25022801302931597,
               0.22156351791530943,
               0.15395765472312703
            ],
            "class 0": [
               0.494392523364486,
               0.4960280373831776,
               0.4055607476635514,
               0.3396261682242991,
               0.25929906542056075
            ],
            "class 1": [
               0.22400000000000003,
               0.23352499999999998,
               0.167125,
               0.15839999999999999,
               0.09759999999999999
            ]
         },
         "data": {
            "n": 614,
            "n0": 214,
            "n1": 400
         }
      }
   },
   "SVC": {
      "cv_score": [
         0.7769159003065441,
         0.019202575489579096
      ],
      "best_params": {
         "C": 100,
         "gamma": 0.001,
         "kernel": "rbf",
         "random_state": 1234
      },
      "test_score": 0.7251180719300134,
      "test_score_kdn": [
         0.6639997521822731,
         0.7333333333333334,
         0.7044074543831692,
         0.7111553980034182,
         0.7097236744712114,
         0.7333333333333334,
         0.7333333333333334,
         0.7333333333333334,
         0.7251180719300134
      ],
      "test_score_dynamic_kdn": [
         0.6491690990472374,
         0.7210638926808801,
         0.7251180719300134,
         0.6943292770124094,
         0.7158294471851149,
         0.7027777777777777,
         0.7345306581870047,
         0.7251180719300134,
         0.7180555555555556
      ],
      "test_score_dynamic_kdn_full": [
         0.5,
         0.6325145064064068,
         0.7282994951026016,
         0.7145379398178282,
         0.6875,
         0.7277252701303578,
         0.7180555555555556,
         0.7251180719300134,
         0.7251180719300134
      ],
      "test_score_dynamic_kdn_grouped": [
         0.4150059655584431,
         0.7111553980034182,
         0.6111111111111112,
         0.6862962962962963,
         0.7013196594055282,
         0.7027777777777777,
         0.7251180719300134,
         0.7251180719300134,
         0.7251180719300134
      ],
      "test_score_dynamic_kdn_full_grouped": [
         0.5,
         0.42622746560354785,
         0.49907407407407406,
         0.708913497177047,
         0.7345306581870047,
         0.7180555555555556,
         0.7097236744712114,
         0.7180555555555556,
         0.7251180719300134
      ]
   },
   "KNeighborsClassifier": {
      "cv_score": [
         0.7557110489137678,
         0.028529471947441296
      ],
      "best_params": {
         "n_jobs": -1,
         "n_neighbors": 7
      },
      "test_score": 0.6741709274895521,
      "test_score_kdn": [
         0.6040187704927181,
         0.6635404820948054,
         0.672037037037037,
         0.6263888888888889,
         0.6842646467420876,
         0.6507467867272341,
         0.6771896626657347,
         0.6755969698892775,
         0.6668236601039612
      ],
      "test_score_dynamic_kdn": [
         0.6980647671211364,
         0.6928359975570897,
         0.6678793800278405,
         0.6025161665970525,
         0.6529179075022112,
         0.6764649763408948,
         0.6755969698892775,
         0.6829005334806884,
         0.6741709274895521
      ],
      "test_score_dynamic_kdn_full": [
         0.5163487854797423,
         0.38892302533839995,
         0.6057314715830036,
         0.6217795012043499,
         0.6270104034514067,
         0.6656545613067861,
         0.6635404820948054,
         0.6702853975952666,
         0.6579346545879836
      ],
      "test_score_dynamic_kdn_grouped": [
         0.42825431092913746,
         0.5397998069781151,
         0.6217795012043499,
         0.5892984289487031,
         0.6805455837702215,
         0.6580357827897698,
         0.6702853975952666,
         0.6668236601039612,
         0.6741709274895521
      ],
      "test_score_dynamic_kdn_full_grouped": [
         0.4573847522721174,
         0.3933996418221948,
         0.5366889563591031,
         0.5083698372283363,
         0.6230407710437127,
         0.6346896640941312,
         0.6959884524378741,
         0.6829005334806884,
         0.6741709274895521
      ]
   },
   "RandomForestClassifier": {
      "cv_score": [
         0.7687191789950687,
         0.021053755234627578
      ],
      "best_params": {
         "max_features": "log2",
         "n_estimators": 100,
         "random_state": 1234
      },
      "test_score": 0.7277252701303578,
      "test_score_kdn": [
         0.7263223435689622,
         0.7084823324484447,
         0.72282935929454,
         0.719469056285087,
         0.7263223435689622,
         0.7375193084946081,
         0.7478710521209206,
         0.7646538619908402,
         0.7310775311379828
      ],
      "test_score_dynamic_kdn": [
         0.6201537246101541,
         0.659222648677416,
         0.7168367903106591,
         0.7044074543831692,
         0.7330081979854336,
         0.7097236744712114,
         0.7263223435689622,
         0.7180555555555556,
         0.7440896775029315
      ],
      "test_score_dynamic_kdn_full": [
         0.5365781760475145,
         0.48224891238065287,
         0.6043553846061442,
         0.6615229534543803,
         0.6529179075022112,
         0.7576482151816164,
         0.719469056285087,
         0.7027777777777777,
         0.7293138086603799
      ],
      "test_score_dynamic_kdn_grouped": [
         0.45385164964577984,
         0.5989762410697451,
         0.6336990889890843,
         0.6528595588712357,
         0.6934494608944037,
         0.7061975872342183,
         0.7084823324484447,
         0.7210638926808801,
         0.7426867426559871
      ],
      "test_score_dynamic_kdn_full_grouped": [
         0.45345003110627763,
         0.4041666666666667,
         0.5332440978026912,
         0.6341578419056769,
         0.6462638084050385,
         0.6722222222222223,
         0.7180555555555556,
         0.7440896775029315,
         0.7426867426559871
      ]
   }
}