{
   "flare": {
      "info": {
         "complexity": {
            "global": [
               0.21619718309859154,
               0.24771126760563378,
               0.19151408450704224,
               0.20097417840375587,
               0.13857981220657278
            ],
            "class 0": [
               0.1272984441301273,
               0.151018387553041,
               0.10022630834512025,
               0.12263083451202264,
               0.06613861386138614
            ],
            "class 1": [
               0.649655172413793,
               0.7191724137931035,
               0.6366206896551724,
               0.5829655172413793,
               0.49179310344827587
            ]
         },
         "data": {
            "n": 852,
            "n0": 707,
            "n1": 145
         }
      }
   },
   "SVC": {
      "cv_score": [
         0.8333470932232542,
         0.006691842046517119
      ],
      "best_params": {
         "C": 100,
         "gamma": 0.001,
         "kernel": "rbf",
         "random_state": 1234
      },
      "test_score": 0.5596899063394902,
      "test_score_kdn": [
         0.5,
         0.5420075754890799,
         0.5596899063394902,
         0.5596899063394902,
         0.5596899063394902,
         0.5596899063394902,
         0.5596899063394902,
         0.5596899063394902,
         0.5596899063394902
      ],
      "test_score_dynamic_kdn": [
         0.5596899063394902,
         0.5596899063394902,
         0.5,
         0.5596899063394902,
         0.5596899063394902,
         0.5596899063394902,
         0.5596899063394902,
         0.5596899063394902,
         0.5596899063394902
      ],
      "test_score_dynamic_kdn_full": [
         0.507934058877229,
         0.5968997479778373,
         0.5596899063394902,
         0.5596899063394902,
         0.5596899063394902,
         0.5596899063394902,
         0.5596899063394902,
         0.5596899063394902,
         0.5596899063394902
      ],
      "test_score_dynamic_kdn_grouped": [
         0.6600922014518518,
         0.5596899063394902,
         0.5596899063394902,
         0.5596899063394902,
         0.5596899063394902,
         0.5596899063394902,
         0.5596899063394902,
         0.5596899063394902,
         0.5596899063394902
      ],
      "test_score_dynamic_kdn_full_grouped": [
         0.4194065718635944,
         0.400137429562696,
         0.43580274385026907,
         0.5596899063394902,
         0.5596899063394902,
         0.5596899063394902,
         0.5596899063394902,
         0.5596899063394902,
         0.5596899063394902
      ]
   },
   "KNeighborsClassifier": {
      "cv_score": [
         0.8157275541795664,
         0.012622072352353056
      ],
      "best_params": {
         "n_jobs": -1,
         "n_neighbors": 9
      },
      "test_score": 0.6108828740850035,
      "test_score_kdn": [
         0.5517027231134892,
         0.5621651649506059,
         0.5492041990346987,
         0.5587062701288885,
         0.6483102164417713,
         0.5526598968690728,
         0.5957558830010395,
         0.6060112149324659,
         0.5734555317282358
      ],
      "test_score_dynamic_kdn": [
         0.6177998849036483,
         0.6675753940248612,
         0.586686541415263,
         0.5644529160819471,
         0.5711914926982861,
         0.6144272785512831,
         0.586686541415263,
         0.5852298908863606,
         0.5464441091987734
      ],
      "test_score_dynamic_kdn_full": [
         0.5578753615755119,
         0.5773979963977237,
         0.5699304358985128,
         0.5394657348472792,
         0.5824399784737823,
         0.6487890110553313,
         0.5968997479778373,
         0.6316343310050687,
         0.605310049041815
      ],
      "test_score_dynamic_kdn_grouped": [
         0.5538012192288239,
         0.51886379503324,
         0.5029108909668157,
         0.5114855217197048,
         0.4854844344714784,
         0.4936836404665615,
         0.5080960247277954,
         0.4966736115686339,
         0.5080960247277954
      ],
      "test_score_dynamic_kdn_full_grouped": [
         0.5109532056784406,
         0.48258485303968673,
         0.4826024157374095,
         0.5062035974740839,
         0.49077053181031327,
         0.5527573849493284,
         0.4991413530005483,
         0.5284559298926323,
         0.49077053181031327
      ]
   },
   "RandomForestClassifier": {
      "cv_score": [
         0.8122325421396628,
         0.016269122094081205
      ],
      "best_params": {
         "max_features": "sqrt",
         "n_estimators": 100,
         "random_state": 1234
      },
      "test_score": 0.6550414409980185,
      "test_score_kdn": [
         0.5427470105627595,
         0.47854043112121974,
         0.6591239148250104,
         0.6543037657502465,
         0.5994530531707176,
         0.639414459785951,
         0.6229231716029828,
         0.6841679418701292,
         0.6613204406758059
      ],
      "test_score_dynamic_kdn": [
         0.5425982008085255,
         0.49799212725772857,
         0.6041027497314313,
         0.5852298908863606,
         0.6533259641853099,
         0.6322686168971301,
         0.6229231716029828,
         0.6229231716029828,
         0.6308409534899397
      ],
      "test_score_dynamic_kdn_full": [
         0.5358695192476006,
         0.5623638069304511,
         0.6341325120224418,
         0.6533259641853099,
         0.697846664776431,
         0.6550414409980185,
         0.6533259641853099,
         0.639414459785951,
         0.6591239148250104
      ],
      "test_score_dynamic_kdn_grouped": [
         0.5510872806801991,
         0.5289462151384262,
         0.5262859808205406,
         0.6176390030495019,
         0.6550414409980185,
         0.646435290209423,
         0.6144272785512831,
         0.639414459785951,
         0.6699264087287757
      ],
      "test_score_dynamic_kdn_full_grouped": [
         0.5173975842625905,
         0.47258939229611685,
         0.4575311495273463,
         0.651674659445816,
         0.5994530531707176,
         0.6591239148250104,
         0.6841679418701292,
         0.6699264087287757,
         0.6755863144808705
      ]
   }
}