{
   "fourclass": {
      "info": {
         "complexity": {
            "global": [
               0.0055152394775036286,
               0.00985486211901306,
               0.007968069666182874,
               0.00853410740203193,
               0.006908563134978229
            ],
            "class 0": [
               0.003153153153153153,
               0.006103603603603604,
               0.004819819819819819,
               0.005427927927927927,
               0.004414414414414414
            ],
            "class 1": [
               0.00979591836734694,
               0.016653061224489795,
               0.013673469387755101,
               0.01416326530612245,
               0.011428571428571429
            ]
         },
         "data": {
            "n": 689,
            "n0": 444,
            "n1": 245
         }
      }
   },
   "SVC": {
      "cv_score": [
         1.0,
         0.0
      ],
      "best_params": {
         "C": 10,
         "gamma": 1,
         "kernel": "rbf",
         "random_state": 1234
      },
      "test_score": 1.0,
      "test_score_kdn": [
         0.9816810480147958,
         1.0,
         1.0,
         1.0,
         0.9937765120125135,
         1.0,
         1.0,
         1.0,
         1.0
      ],
      "test_score_dynamic_kdn": [
         0.9561458622198642,
         1.0,
         1.0,
         1.0,
         1.0,
         1.0,
         1.0,
         1.0,
         1.0
      ],
      "test_score_dynamic_kdn_full": [
         0.9937765120125135,
         1.0,
         1.0,
         0.9937765120125135,
         1.0,
         1.0,
         1.0,
         1.0,
         1.0
      ],
      "test_score_dynamic_kdn_grouped": [
         0.9816810480147958,
         1.0,
         1.0,
         1.0,
         1.0,
         1.0,
         1.0,
         1.0,
         1.0
      ],
      "test_score_dynamic_kdn_full_grouped": [
         0.9937765120125135,
         0.9876717761581668,
         0.9937765120125135,
         1.0,
         1.0,
         1.0,
         1.0,
         1.0,
         1.0
      ]
   },
   "KNeighborsClassifier": {
      "cv_score": [
         1.0,
         0.0
      ],
      "best_params": {
         "n_jobs": -1,
         "n_neighbors": 1
      },
      "test_score": 1.0,
      "test_score_kdn": [
         0.9561458622198642,
         0.9937323175390573,
         1.0,
         1.0,
         1.0,
         1.0,
         1.0,
         1.0,
         1.0
      ],
      "test_score_dynamic_kdn": [
         0.9643490409126548,
         0.9937765120125135,
         1.0,
         1.0,
         1.0,
         1.0,
         1.0,
         1.0,
         1.0
      ],
      "test_score_dynamic_kdn_full": [
         0.9567913164417493,
         1.0,
         0.9937765120125135,
         1.0,
         1.0,
         1.0,
         1.0,
         1.0,
         1.0
      ],
      "test_score_dynamic_kdn_grouped": [
         0.9622929380993896,
         0.9937765120125135,
         1.0,
         1.0,
         1.0,
         1.0,
         1.0,
         1.0,
         1.0
      ],
      "test_score_dynamic_kdn_full_grouped": [
         0.9622929380993896,
         0.9937323175390573,
         1.0,
         1.0,
         1.0,
         1.0,
         1.0,
         1.0,
         1.0
      ]
   },
   "RandomForestClassifier": {
      "cv_score": [
         0.9956415952607637,
         0.003558674979110167
      ],
      "best_params": {
         "max_features": "sqrt",
         "n_estimators": 100,
         "random_state": 1234
      },
      "test_score": 1.0,
      "test_score_kdn": [
         0.9377355717927554,
         0.9464627040989555,
         0.9687256801714095,
         0.9937765120125135,
         0.9937765120125135,
         1.0,
         1.0,
         1.0,
         1.0
      ],
      "test_score_dynamic_kdn": [
         0.8972272951369671,
         0.9443464506552262,
         0.9811173875531974,
         0.9937765120125135,
         0.9937765120125135,
         1.0,
         0.9937765120125135,
         1.0,
         1.0
      ],
      "test_score_dynamic_kdn_full": [
         0.9164483311418083,
         0.9303598120177977,
         0.975187725066814,
         1.0,
         0.9937765120125135,
         1.0,
         1.0,
         1.0,
         1.0
      ],
      "test_score_dynamic_kdn_grouped": [
         0.8474451129445945,
         0.9304997022705511,
         0.9816810480147958,
         0.9811173875531974,
         1.0,
         1.0,
         1.0,
         1.0,
         1.0
      ],
      "test_score_dynamic_kdn_full_grouped": [
         0.9410079225130483,
         0.9812510960919614,
         0.9937765120125135,
         0.9876717761581668,
         1.0,
         1.0,
         1.0,
         1.0,
         1.0
      ]
   }
}