{
   "german_numer": {
      "info": {
         "complexity": {
            "global": [
               0.335,
               0.3355499999999999,
               0.2589,
               0.08693750000000001,
               0.05233750000000001
            ],
            "class 0": [
               0.22285714285714286,
               0.22389285714285714,
               0.15348214285714287,
               0.05908928571428572,
               0.028839285714285717
            ],
            "class 1": [
               0.5966666666666666,
               0.5960833333333333,
               0.504875,
               0.15191666666666667,
               0.10716666666666667
            ]
         },
         "data": {
            "n": 800,
            "n0": 560,
            "n1": 240
         }
      }
   },
   "SVC": {
      "cv_score": [
         0.775,
         0.03259601202601326
      ],
      "best_params": {
         "C": 1000,
         "gamma": 0.001,
         "kernel": "rbf",
         "random_state": 1234
      },
      "test_score": 0.7155619954591457,
      "test_score_kdn": [
         0.6698585690516214,
         0.6591022918991887,
         0.6840811950481591,
         0.6813885548694018,
         0.7361006170127917,
         0.7113780393151172,
         0.7174464977542928,
         0.7100081239281816,
         0.7121629370464737
      ],
      "test_score_dynamic_kdn": [
         0.6428571428571428,
         0.6372103062220936,
         0.6965087020506705,
         0.6555942555052028,
         0.7155619954591457,
         0.6986493741772715,
         0.6917131844105895,
         0.7194420978489966,
         0.7062661151697711
      ],
      "test_score_dynamic_kdn_full": [
         0.5109658615826628,
         0.6265543994336665,
         0.6559023911155809,
         0.6859339360402736,
         0.6327121865611427,
         0.689376771874564,
         0.706757583522465,
         0.7164098757756547,
         0.6840811950481591
      ],
      "test_score_dynamic_kdn_grouped": [
         0.5338390039661054,
         0.6744848557072917,
         0.7042403824403906,
         0.7115996065387669,
         0.736061877040631,
         0.7321266121755281,
         0.706757583522465,
         0.6970446594881704,
         0.7174464977542928
      ],
      "test_score_dynamic_kdn_full_grouped": [
         0.5794160656248172,
         0.6551603039096171,
         0.5986927542439654,
         0.7006852573173666,
         0.7157962765797641,
         0.6866554616174426,
         0.7090251798882928,
         0.6813885548694018,
         0.694909691882646
      ]
   },
   "KNeighborsClassifier": {
      "cv_score": [
         0.71875,
         0.020539595906443737
      ],
      "best_params": {
         "n_jobs": -1,
         "n_neighbors": 9
      },
      "test_score": 0.6440941174484922,
      "test_score_kdn": [
         0.5630466176920731,
         0.5874817765279706,
         0.6145132443794796,
         0.633500313152469,
         0.6195940305324201,
         0.6484453251233753,
         0.6612946399589411,
         0.6484453251233753,
         0.6462203745422177
      ],
      "test_score_dynamic_kdn": [
         0.5872884313181944,
         0.6169110823155837,
         0.6179659832367438,
         0.6633045420145043,
         0.6651133553640134,
         0.6484453251233753,
         0.6420840834091359,
         0.6750820996954798,
         0.6440941174484922
      ],
      "test_score_dynamic_kdn_full": [
         0.4922206661998444,
         0.6005614032377562,
         0.6334164559819364,
         0.5895531016758103,
         0.6554009705550826,
         0.6131061352015047,
         0.6631428820662838,
         0.6891254436326645,
         0.6547619047619048
      ],
      "test_score_dynamic_kdn_grouped": [
         0.5272772362794991,
         0.5939533838423878,
         0.6259863903450688,
         0.6408590424547528,
         0.6875541967048161,
         0.6417857806806014,
         0.6474065957725179,
         0.6527830828380352,
         0.6527830828380352
      ],
      "test_score_dynamic_kdn_full_grouped": [
         0.4615131495656911,
         0.5895409964699971,
         0.6208419417981441,
         0.5958476902941585,
         0.666084404422413,
         0.6227475632577457,
         0.6567093587800412,
         0.64924056556673,
         0.6547619047619048
      ]
   },
   "RandomForestClassifier": {
      "cv_score": [
         0.76375,
         0.024811791551599006
      ],
      "best_params": {
         "max_features": "sqrt",
         "n_estimators": 500,
         "random_state": 1234
      },
      "test_score": 0.7374391874292467,
      "test_score_kdn": [
         0.6560195262163386,
         0.6671909071247359,
         0.6909406539564933,
         0.694909691882646,
         0.715839422587149,
         0.7149456051548638,
         0.7016394605748366,
         0.7225440876645398,
         0.7294689568545168
      ],
      "test_score_dynamic_kdn": [
         0.6056877479123713,
         0.6994047619047619,
         0.7045792720962428,
         0.7030317262527133,
         0.7016394605748366,
         0.7045792720962428,
         0.7016394605748366,
         0.7093398753074425,
         0.7233895313683446
      ],
      "test_score_dynamic_kdn_full": [
         0.6082547069277948,
         0.6472701767074159,
         0.6894737904281283,
         0.6411579281007156,
         0.6739592788522734,
         0.6685705443309371,
         0.7081864045894082,
         0.7030317262527133,
         0.730844291492811
      ],
      "test_score_dynamic_kdn_grouped": [
         0.5596172173346985,
         0.6564757529637324,
         0.6968339971879339,
         0.6805379441021082,
         0.735935052808204,
         0.7155619954591457,
         0.7196600187522237,
         0.6891254436326645,
         0.7121629370464737
      ],
      "test_score_dynamic_kdn_full_grouped": [
         0.48964383723331334,
         0.6113588507968435,
         0.6220744567483644,
         0.711896724206605,
         0.6725335037079421,
         0.6732395365502117,
         0.6970446594881704,
         0.7169380088727622,
         0.715839422587149
      ]
   }
}