{
   "haberman": {
      "info": {
         "complexity": {
            "global": [
               0.3327868852459017,
               0.314672131147541,
               0.24934426229508194,
               0.23790983606557375,
               0.18147540983606558
            ],
            "class 0": [
               0.2223463687150838,
               0.2093854748603352,
               0.14899441340782124,
               0.15754189944134078,
               0.10770949720670392
            ],
            "class 1": [
               0.6369230769230769,
               0.6046153846153847,
               0.5256923076923077,
               0.4592307692307692,
               0.3846153846153847
            ]
         },
         "data": {
            "n": 244,
            "n0": 179,
            "n1": 65
         }
      }
   },
   "SVC": {
      "cv_score": [
         0.7787414965986394,
         0.058083646822741565
      ],
      "best_params": {
         "C": 100,
         "gamma": 0.01,
         "kernel": "rbf",
         "random_state": 1234
      },
      "test_score": 0.41266292273704136,
      "test_score_kdn": [
         0.4595374722578699,
         0.5112715068281619,
         0.4964530977885052,
         0.4335055035771226,
         0.4803491576158343,
         0.453035388215992,
         0.4658146228578363,
         0.41266292273704136,
         0.41266292273704136
      ],
      "test_score_dynamic_kdn": [
         0.4964530977885052,
         0.42255969073376337,
         0.441476113510336,
         0.4658146228578363,
         0.4658146228578363,
         0.441476113510336,
         0.4658146228578363,
         0.4658146228578363,
         0.4658146228578363
      ],
      "test_score_dynamic_kdn_full": [
         0.5305143190181448,
         0.5292093150039118,
         0.4964530977885052,
         0.452445652173913,
         0.4831227414607212,
         0.42255969073376337,
         0.4658146228578363,
         0.41266292273704136,
         0.41266292273704136
      ],
      "test_score_dynamic_kdn_grouped": [
         0.4638916123811756,
         0.5281526635288407,
         0.48400767447481996,
         0.453035388215992,
         0.4658146228578363,
         0.4658146228578363,
         0.4658146228578363,
         0.453035388215992,
         0.41266292273704136
      ],
      "test_score_dynamic_kdn_full_grouped": [
         0.4288766674846176,
         0.546964611784008,
         0.5341853771421636,
         0.5560250384121801,
         0.5,
         0.453035388215992,
         0.41266292273704136,
         0.4658146228578363,
         0.41266292273704136
      ]
   },
   "KNeighborsClassifier": {
      "cv_score": [
         0.7665816326530612,
         0.041149785819243286
      ],
      "best_params": {
         "n_jobs": -1,
         "n_neighbors": 9
      },
      "test_score": 0.441476113510336,
      "test_score_kdn": [
         0.4488360124385481,
         0.5193942281233392,
         0.453035388215992,
         0.453035388215992,
         0.441476113510336,
         0.430803239988957,
         0.441476113510336,
         0.441476113510336,
         0.441476113510336
      ],
      "test_score_dynamic_kdn": [
         0.453035388215992,
         0.4803491576158343,
         0.4831227414607212,
         0.41266292273704136,
         0.441476113510336,
         0.453035388215992,
         0.453035388215992,
         0.430803239988957,
         0.441476113510336
      ],
      "test_score_dynamic_kdn_full": [
         0.4239144689460486,
         0.5755415232778003,
         0.6169199111344963,
         0.510843404974367,
         0.430803239988957,
         0.4954855305092837,
         0.394799269603822,
         0.441476113510336,
         0.441476113510336
      ],
      "test_score_dynamic_kdn_grouped": [
         0.4658146228578363,
         0.507781255335025,
         0.414788884146431,
         0.394799269603822,
         0.47090409124370725,
         0.38649912923216684,
         0.430803239988957,
         0.441476113510336,
         0.441476113510336
      ],
      "test_score_dynamic_kdn_full_grouped": [
         0.5538381902058166,
         0.5829989477293539,
         0.5755415232778003,
         0.4268566203183204,
         0.4729834395353984,
         0.4595374722578699,
         0.40347658218683197,
         0.441476113510336,
         0.441476113510336
      ]
   },
   "RandomForestClassifier": {
      "cv_score": [
         0.7461734693877551,
         0.03645371566917602
      ],
      "best_params": {
         "max_features": "sqrt",
         "n_estimators": 500,
         "random_state": 1234
      },
      "test_score": 0.4207944706078697,
      "test_score_kdn": [
         0.5038687558163026,
         0.430803239988957,
         0.430803239988957,
         0.40347658218683197,
         0.40347658218683197,
         0.4207944706078697,
         0.441476113510336,
         0.441476113510336,
         0.4207944706078697
      ],
      "test_score_dynamic_kdn": [
         0.5144075848918359,
         0.4803491576158343,
         0.5711233325153824,
         0.441476113510336,
         0.4207944706078697,
         0.4386604384917852,
         0.430803239988957,
         0.430803239988957,
         0.4112936891807148
      ],
      "test_score_dynamic_kdn_full": [
         0.4546030981309758,
         0.5548103979945198,
         0.48400767447481996,
         0.525321182081535,
         0.4945652173913043,
         0.507781255335025,
         0.4595374722578699,
         0.5292093150039118,
         0.4207944706078697
      ],
      "test_score_dynamic_kdn_grouped": [
         0.525321182081535,
         0.5055529853238401,
         0.5366847826086957,
         0.4488360124385481,
         0.4386604384917852,
         0.4595374722578699,
         0.430803239988957,
         0.4112936891807148,
         0.4207944706078697
      ],
      "test_score_dynamic_kdn_full_grouped": [
         0.44397496158781985,
         0.5829989477293539,
         0.5451611921468543,
         0.46402784605819036,
         0.5226116379053423,
         0.5666346896882501,
         0.5055529853238401,
         0.4207944706078697,
         0.4112936891807148
      ]
   }
}