{
   "heart": {
      "info": {
         "complexity": {
            "global": [
               0.2222222222222222,
               0.24203703703703705,
               0.18185185185185185,
               0.08726851851851852,
               0.05375
            ],
            "class 0": [
               0.19499999999999998,
               0.22124999999999997,
               0.15975,
               0.07775000000000001,
               0.044916666666666674
            ],
            "class 1": [
               0.25625000000000003,
               0.2680208333333333,
               0.20947916666666666,
               0.09916666666666667,
               0.06479166666666666
            ]
         },
         "data": {
            "n": 216,
            "n0": 120,
            "n1": 96
         }
      }
   },
   "SVC": {
      "cv_score": [
         0.8471458773784354,
         0.06849894291754757
      ],
      "best_params": {
         "C": 1,
         "gamma": 0.01,
         "kernel": "rbf",
         "random_state": 1234
      },
      "test_score": 0.8522153203200166,
      "test_score_kdn": [
         0.5,
         0.5,
         0.6096322524133786,
         0.7930471350766347,
         0.8307785452577072,
         0.8321819194149599,
         0.814921933462603,
         0.8321819194149599,
         0.8522153203200166
      ],
      "test_score_dynamic_kdn": [
         0.5,
         0.5,
         0.8312706744344567,
         0.8118174363892494,
         0.8354101966249685,
         0.8522153203200166,
         0.8321819194149599,
         0.814921933462603,
         0.8354101966249685
      ],
      "test_score_dynamic_kdn_full": [
         0.5,
         0.5,
         0.8125,
         0.8522153203200166,
         0.8522153203200166,
         0.8321819194149599,
         0.8125,
         0.8321819194149599,
         0.8354101966249685
      ],
      "test_score_dynamic_kdn_grouped": [
         0.5,
         0.5785714285714285,
         0.7548235957188127,
         0.8031160014661509,
         0.8354101966249685,
         0.8321819194149599,
         0.8125,
         0.814921933462603,
         0.8354101966249685
      ],
      "test_score_dynamic_kdn_full_grouped": [
         0.5,
         0.5,
         0.6355815361366601,
         0.8031160014661509,
         0.8563590299708403,
         0.8125,
         0.8354101966249685,
         0.8321819194149599,
         0.8354101966249685
      ]
   },
   "KNeighborsClassifier": {
      "cv_score": [
         0.8380549682875265,
         0.046117879761305616
      ],
      "best_params": {
         "n_jobs": -1,
         "n_neighbors": 11
      },
      "test_score": 0.8354101966249685,
      "test_score_kdn": [
         0.7283750695977849,
         0.7817722562560132,
         0.8125,
         0.8312706744344567,
         0.7948173896382007,
         0.8125,
         0.814921933462603,
         0.8354101966249685,
         0.8522153203200166
      ],
      "test_score_dynamic_kdn": [
         0.6355815361366601,
         0.7177276500430478,
         0.75,
         0.814921933462603,
         0.8190656431134268,
         0.8031160014661509,
         0.7981423969999719,
         0.7981423969999719,
         0.8354101966249685
      ],
      "test_score_dynamic_kdn_full": [
         0.38373632820476405,
         0.5953053219689457,
         0.775,
         0.8044099886279532,
         0.8321819194149599,
         0.8404864674003338,
         0.8031160014661509,
         0.7981423969999719,
         0.7875
      ],
      "test_score_dynamic_kdn_grouped": [
         0.6785714285714286,
         0.6053437285098816,
         0.7283750695977849,
         0.7904818397905802,
         0.75,
         0.8190656431134268,
         0.7981423969999719,
         0.8190656431134268,
         0.7981423969999719
      ],
      "test_score_dynamic_kdn_full_grouped": [
         0.2256022637719859,
         0.5149403576166799,
         0.7200705216124109,
         0.8031160014661509,
         0.8031160014661509,
         0.8031160014661509,
         0.814921933462603,
         0.814921933462603,
         0.8190656431134268
      ]
   },
   "RandomForestClassifier": {
      "cv_score": [
         0.8332980972515855,
         0.045195189080375425
      ],
      "best_params": {
         "max_features": "sqrt",
         "n_estimators": 500,
         "random_state": 1234
      },
      "test_score": 0.814921933462603,
      "test_score_kdn": [
         0.7444788693985998,
         0.7608745973749755,
         0.7930471350766347,
         0.814921933462603,
         0.814921933462603,
         0.8321819194149599,
         0.7948114534807769,
         0.814921933462603,
         0.7981423969999719
      ],
      "test_score_dynamic_kdn": [
         0.765745535531968,
         0.5911616123181219,
         0.75,
         0.775,
         0.814921933462603,
         0.7981423969999719,
         0.8321819194149599,
         0.8321819194149599,
         0.814921933462603
      ],
      "test_score_dynamic_kdn_full": [
         0.5538682254607085,
         0.7191149553005537,
         0.7283750695977849,
         0.757038697564111,
         0.8190656431134268,
         0.7981423969999719,
         0.7981423969999719,
         0.7981423969999719,
         0.814921933462603
      ],
      "test_score_dynamic_kdn_grouped": [
         0.7548235957188127,
         0.75,
         0.7403351597477761,
         0.7776285466051895,
         0.7981423969999719,
         0.7948114534807769,
         0.814921933462603,
         0.8321819194149599,
         0.814921933462603
      ],
      "test_score_dynamic_kdn_full_grouped": [
         0.34136380874317934,
         0.5970725343394151,
         0.6381946968766641,
         0.7236067977499789,
         0.7948114534807769,
         0.7981423969999719,
         0.8321819194149599,
         0.8321819194149599,
         0.814921933462603
      ]
   }
}