{
   "housevotes84": {
      "info": {
         "complexity": {
            "global": [
               0.09837837837837836,
               0.10805405405405406,
               0.08178378378378377,
               0.031513513513513516,
               0.022000000000000002
            ],
            "class 0": [
               0.11717171717171719,
               0.12333333333333332,
               0.09909090909090908,
               0.03939393939393939,
               0.0295959595959596
            ],
            "class 1": [
               0.07674418604651162,
               0.09046511627906977,
               0.06186046511627907,
               0.022441860465116283,
               0.013255813953488373
            ]
         },
         "data": {
            "n": 185,
            "n0": 99,
            "n1": 86
         }
      }
   },
   "SVC": {
      "cv_score": [
         0.9621621621621621,
         0.02756226764104207
      ],
      "best_params": {
         "C": 10,
         "gamma": 0.01,
         "kernel": "rbf",
         "random_state": 1234
      },
      "test_score": 1.0,
      "test_score_kdn": [
         1.0,
         1.0,
         1.0,
         1.0,
         1.0,
         1.0,
         0.9790177887699391,
         1.0,
         1.0
      ],
      "test_score_dynamic_kdn": [
         1.0,
         0.9790177887699391,
         1.0,
         1.0,
         1.0,
         1.0,
         1.0,
         1.0,
         1.0
      ],
      "test_score_dynamic_kdn_full": [
         0.8322028898338069,
         0.9790177887699391,
         0.9790177887699391,
         0.9791296457028144,
         0.9790177887699391,
         0.9790177887699391,
         1.0,
         1.0,
         1.0
      ],
      "test_score_dynamic_kdn_grouped": [
         0.7038977179351389,
         0.9390626083213806,
         1.0,
         1.0,
         1.0,
         1.0,
         1.0,
         1.0,
         1.0
      ],
      "test_score_dynamic_kdn_full_grouped": [
         0.8760611365253488,
         0.9790177887699391,
         0.9790177887699391,
         1.0,
         1.0,
         1.0,
         1.0,
         1.0,
         1.0
      ]
   },
   "KNeighborsClassifier": {
      "cv_score": [
         0.918918918918919,
         0.024173707864862594
      ],
      "best_params": {
         "n_jobs": -1,
         "n_neighbors": 9
      },
      "test_score": 0.9036867138796656,
      "test_score_kdn": [
         0.9165161124575603,
         0.8863750953228149,
         0.9036867138796656,
         0.9036867138796656,
         0.9036867138796656,
         0.9036867138796656,
         0.9036867138796656,
         0.9036867138796656,
         0.9036867138796656
      ],
      "test_score_dynamic_kdn": [
         0.8530816713830762,
         0.9165161124575603,
         0.9036867138796656,
         0.9215356541175463,
         0.9036867138796656,
         0.9036867138796656,
         0.9036867138796656,
         0.9036867138796656,
         0.9036867138796656
      ],
      "test_score_dynamic_kdn_full": [
         0.36877445903142353,
         0.94,
         0.9036867138796656,
         0.9215356541175463,
         0.9036867138796656,
         0.9036867138796656,
         0.9036867138796656,
         0.9036867138796656,
         0.9036867138796656
      ],
      "test_score_dynamic_kdn_grouped": [
         0.5,
         0.9165161124575603,
         0.9215356541175463,
         0.9591659104651971,
         0.9036867138796656,
         0.9215356541175463,
         0.9036867138796656,
         0.9036867138796656,
         0.9036867138796656
      ],
      "test_score_dynamic_kdn_full_grouped": [
         0.4011173535053911,
         0.9156138213352012,
         0.9036867138796656,
         0.9036867138796656,
         0.8863750953228149,
         0.9036867138796656,
         0.9036867138796656,
         0.9036867138796656,
         0.9036867138796656
      ]
   },
   "RandomForestClassifier": {
      "cv_score": [
         0.9567567567567569,
         0.02162162162162163
      ],
      "best_params": {
         "max_features": "sqrt",
         "n_estimators": 100,
         "random_state": 1234
      },
      "test_score": 1.0,
      "test_score_kdn": [
         0.9791296457028144,
         1.0,
         1.0,
         1.0,
         1.0,
         1.0,
         1.0,
         1.0,
         1.0
      ],
      "test_score_dynamic_kdn": [
         1.0,
         1.0,
         1.0,
         1.0,
         1.0,
         1.0,
         1.0,
         1.0,
         1.0
      ],
      "test_score_dynamic_kdn_full": [
         0.7038977179351389,
         0.9790177887699391,
         0.9572727272727273,
         1.0,
         0.9572727272727273,
         1.0,
         1.0,
         1.0,
         1.0
      ],
      "test_score_dynamic_kdn_grouped": [
         0.639175553567226,
         1.0,
         0.9790177887699391,
         1.0,
         1.0,
         1.0,
         1.0,
         1.0,
         1.0
      ],
      "test_score_dynamic_kdn_full_grouped": [
         0.7038977179351389,
         1.0,
         0.9572727272727273,
         0.9790177887699391,
         1.0,
         1.0,
         1.0,
         1.0,
         1.0
      ]
   }
}