{
   "ilpd": {
      "info": {
         "complexity": {
            "global": [
               0.3568034557235422,
               0.3529805615550756,
               0.278682505399568,
               0.25892008639308856,
               0.19721382289416847
            ],
            "class 0": [
               0.2646525679758308,
               0.2702114803625378,
               0.20105740181268886,
               0.19897280966767372,
               0.14271903323262838
            ],
            "class 1": [
               0.5878787878787879,
               0.560530303030303,
               0.4733333333333334,
               0.4092424242424242,
               0.33386363636363636
            ]
         },
         "data": {
            "n": 463,
            "n0": 331,
            "n1": 132
         }
      }
   },
   "SVC": {
      "cv_score": [
         0.721435250116877,
         0.011289040006055392
      ],
      "best_params": {
         "C": 1,
         "gamma": 1,
         "kernel": "rbf",
         "random_state": 1234
      },
      "test_score": 0.5232019704624422,
      "test_score_kdn": [
         0.5424375291995046,
         0.5514135172964415,
         0.6135707115094572,
         0.48255731407726726,
         0.5759750797495655,
         0.5502655455498879,
         0.5502655455498879,
         0.5584329978411547,
         0.5411702068489849
      ],
      "test_score_dynamic_kdn": [
         0.4704288611753188,
         0.5394239964458847,
         0.5314387810185164,
         0.5750774744170667,
         0.5584329978411547,
         0.5502655455498879,
         0.5349104382299208,
         0.5180674629265217,
         0.5254536166827092
      ],
      "test_score_dynamic_kdn_full": [
         0.590335786403466,
         0.5003458690644982,
         0.5003458690644982,
         0.5596448571060048,
         0.4485660443719254,
         0.5298326540418503,
         0.4847139959306263,
         0.5044247173285319,
         0.5232019704624422
      ],
      "test_score_dynamic_kdn_grouped": [
         0.5044247173285319,
         0.5005056382040992,
         0.5424375291995046,
         0.5591596698796014,
         0.5438659361914835,
         0.5349104382299208,
         0.5276511604356757,
         0.5232019704624422,
         0.5044247173285319
      ],
      "test_score_dynamic_kdn_full_grouped": [
         0.611427354838019,
         0.5349104382299208,
         0.6215255086043787,
         0.5911776617454704,
         0.44427636748110233,
         0.5124198783063661,
         0.5411702068489849,
         0.5232019704624422,
         0.5232019704624422
      ]
   },
   "KNeighborsClassifier": {
      "cv_score": [
         0.7082982702197288,
         0.029487909455984625
      ],
      "best_params": {
         "n_jobs": -1,
         "n_neighbors": 11
      },
      "test_score": 0.4680050766517458,
      "test_score_kdn": [
         0.4358380835668466,
         0.471178622366348,
         0.48833846218997795,
         0.4449572641075732,
         0.47741065363854746,
         0.5276511604356757,
         0.49091502176531054,
         0.49091502176531054,
         0.48460342243951265
      ],
      "test_score_dynamic_kdn": [
         0.6215255086043787,
         0.48255731407726726,
         0.5314387810185164,
         0.5319751843178024,
         0.4182800603472723,
         0.4176557518881954,
         0.5319751843178024,
         0.4680050766517458,
         0.48460342243951265
      ],
      "test_score_dynamic_kdn_full": [
         0.6095503312656729,
         0.551168225170031,
         0.5314387810185164,
         0.5466896608248645,
         0.48460342243951265,
         0.47641318364561475,
         0.47844382706224825,
         0.48048153381011127,
         0.46199578956588566
      ],
      "test_score_dynamic_kdn_grouped": [
         0.5606647965103256,
         0.4758297589483518,
         0.47561547119978576,
         0.5591925295868017,
         0.4858869069088184,
         0.5425251449493858,
         0.4680050766517458,
         0.4680050766517458,
         0.47416116087350973
      ],
      "test_score_dynamic_kdn_full_grouped": [
         0.47133874236992435,
         0.5373765340765043,
         0.568574518499652,
         0.5789758891524563,
         0.4550376313244531,
         0.4494341000365097,
         0.4869860496539348,
         0.47416116087350973,
         0.47416116087350973
      ]
   },
   "RandomForestClassifier": {
      "cv_score": [
         0.6976624590930341,
         0.014404715331803234
      ],
      "best_params": {
         "max_features": null,
         "n_estimators": 300,
         "random_state": 1234
      },
      "test_score": 0.590335786403466,
      "test_score_kdn": [
         0.5823128271075555,
         0.5825548022195695,
         0.6048013704509034,
         0.6066453876405576,
         0.5884866857173525,
         0.5331411032531922,
         0.6054647473331343,
         0.5984056003740222,
         0.5828348268059068
      ],
      "test_score_dynamic_kdn": [
         0.6711221107344356,
         0.5232019704624422,
         0.5230958995761625,
         0.6067970210938998,
         0.5825548022195695,
         0.5671008612974747,
         0.6202492196812746,
         0.5902662534151135,
         0.5911776617454704
      ],
      "test_score_dynamic_kdn_full": [
         0.638448612224006,
         0.5866601453686598,
         0.509719015394385,
         0.568574518499652,
         0.6215255086043787,
         0.6396461086338137,
         0.6260420498937462,
         0.6202492196812746,
         0.590335786403466
      ],
      "test_score_dynamic_kdn_grouped": [
         0.5823128271075555,
         0.5423957472839062,
         0.5587524826586706,
         0.552675756329224,
         0.5698417170922576,
         0.6260420498937462,
         0.6260420498937462,
         0.6046664975725846,
         0.6135707115094572
      ],
      "test_score_dynamic_kdn_full_grouped": [
         0.5454849600082695,
         0.4768148257041138,
         0.5536571176561937,
         0.5745177558440114,
         0.625996747059597,
         0.6122104504624449,
         0.583290945251423,
         0.6118191221839772,
         0.6202492196812746
      ]
   }
}