{
   "ionosphere": {
      "info": {
         "complexity": {
            "global": [
               0.18000000000000002,
               0.21800000000000003,
               0.18128571428571427,
               0.045750000000000006,
               0.03071428571428571
            ],
            "class 0": [
               0.4574257425742574,
               0.5567326732673267,
               0.4706930693069308,
               0.09742574257425743,
               0.06495049504950494
            ],
            "class 1": [
               0.023463687150837985,
               0.026871508379888272,
               0.017988826815642456,
               0.016592178770949723,
               0.011396648044692738
            ]
         },
         "data": {
            "n": 280,
            "n0": 101,
            "n1": 179
         }
      }
   },
   "SVC": {
      "cv_score": [
         0.9607142857142856,
         0.01336306209562122
      ],
      "best_params": {
         "C": 100,
         "gamma": 0.1,
         "kernel": "rbf",
         "random_state": 1234
      },
      "test_score": 0.9098060568675774,
      "test_score_kdn": [
         0.7236490634715076,
         0.833958006807082,
         0.8659832344477232,
         0.8889788209422911,
         0.9135996207061903,
         0.9098060568675774,
         0.9266203360901584,
         0.9266203360901584,
         0.9098060568675774
      ],
      "test_score_dynamic_kdn": [
         0.7148124312973267,
         0.7065771528577537,
         0.9266203360901584,
         0.8836041425957311,
         0.9098060568675774,
         0.8836041425957311,
         0.9135996207061903,
         0.9098060568675774,
         0.8964509696933443
      ],
      "test_score_dynamic_kdn_full": [
         0.784376051339926,
         0.8964509696933443,
         0.8659832344477232,
         0.8964509696933443,
         0.8964509696933443,
         0.8964509696933443,
         0.8964509696933443,
         0.8964509696933443,
         0.9098060568675774
      ],
      "test_score_dynamic_kdn_grouped": [
         0.47364270510221274,
         0.41893565166222224,
         0.6546518162357311,
         0.8443422731878991,
         0.8836041425957311,
         0.9135996207061903,
         0.9266203360901584,
         0.9098060568675774,
         0.9266203360901584
      ],
      "test_score_dynamic_kdn_full_grouped": [
         0.7762963758343702,
         0.8238308511068215,
         0.8964509696933443,
         0.9135996207061903,
         0.8964509696933443,
         0.9266203360901584,
         0.9382608695652174,
         0.9237226415916415,
         0.9098060568675774
      ]
   },
   "KNeighborsClassifier": {
      "cv_score": [
         0.875,
         0.05297284633639761
      ],
      "best_params": {
         "n_jobs": -1,
         "n_neighbors": 1
      },
      "test_score": 0.8459946187657168,
      "test_score_kdn": [
         0.7952338792860008,
         0.8274696174888138,
         0.8305227773151356,
         0.8805454175454157,
         0.8361286303490836,
         0.8658116753442704,
         0.8459946187657168,
         0.8148995863484131,
         0.8148995863484131
      ],
      "test_score_dynamic_kdn": [
         0.4540866371233212,
         0.7257917333414123,
         0.8510189250087319,
         0.8510189250087319,
         0.7990709707919641,
         0.8305227773151356,
         0.8361286303490836,
         0.8305227773151356,
         0.8459946187657168
      ],
      "test_score_dynamic_kdn_full": [
         0.5947573057252045,
         0.8274696174888138,
         0.8305227773151356,
         0.8766675065506855,
         0.8305227773151356,
         0.7990709707919641,
         0.8148995863484131,
         0.8613622455379475,
         0.8305227773151356
      ],
      "test_score_dynamic_kdn_grouped": [
         0.24817702470338548,
         0.6768414071850666,
         0.7423422224266203,
         0.8148995863484131,
         0.8361286303490836,
         0.8459946187657168,
         0.8459946187657168,
         0.8148995863484131,
         0.8459946187657168
      ],
      "test_score_dynamic_kdn_full_grouped": [
         0.3962653887787813,
         0.8288125249045014,
         0.7952338792860008,
         0.8459946187657168,
         0.8919482128222131,
         0.8613622455379475,
         0.8459946187657168,
         0.8148995863484131,
         0.8459946187657168
      ]
   },
   "RandomForestClassifier": {
      "cv_score": [
         0.9214285714285715,
         0.02422260708259021
      ],
      "best_params": {
         "max_features": "sqrt",
         "n_estimators": 100,
         "random_state": 1234
      },
      "test_score": 0.9543272270982607,
      "test_score_kdn": [
         0.6219046090008584,
         0.6268936640069911,
         0.9135996207061903,
         0.9266203360901584,
         0.9401779045059886,
         0.9543272270982607,
         0.9543272270982607,
         0.9401779045059886,
         0.9543272270982607
      ],
      "test_score_dynamic_kdn": [
         0.5900645092912525,
         0.6635217950927512,
         0.9135996207061903,
         0.9401779045059886,
         0.9401779045059886,
         0.9543272270982607,
         0.9543272270982607,
         0.9401779045059886,
         0.9543272270982607
      ],
      "test_score_dynamic_kdn_full": [
         0.5462938002547748,
         0.8413693755272971,
         0.9010669756810855,
         0.9401779045059886,
         0.9543272270982607,
         0.9401779045059886,
         0.9543272270982607,
         0.9543272270982607,
         0.9543272270982607
      ],
      "test_score_dynamic_kdn_grouped": [
         0.5,
         0.5,
         0.5,
         0.8550084041658865,
         0.9266203360901584,
         0.9401779045059886,
         0.9401779045059886,
         0.9543272270982607,
         0.9401779045059886
      ],
      "test_score_dynamic_kdn_full_grouped": [
         0.4695233558061812,
         0.7762963758343702,
         0.9098060568675774,
         0.9401779045059886,
         0.9543272270982607,
         0.9266203360901584,
         0.9543272270982607,
         0.9543272270982607,
         0.9543272270982607
      ]
   }
}