{
   "kr_vs_kp": {
      "info": {
         "complexity": {
            "global": [
               0.13708920187793427,
               0.11623630672926448,
               0.0778716744913928,
               0.026447574334898277,
               0.016940532081377153
            ],
            "class 0": [
               0.1446355446355446,
               0.12247338247338246,
               0.0826945126945127,
               0.0284029484029484,
               0.018574938574938575
            ],
            "class 1": [
               0.130187265917603,
               0.11053183520599251,
               0.07346067415730337,
               0.024659176029962544,
               0.015445692883895135
            ]
         },
         "data": {
            "n": 2556,
            "n0": 1221,
            "n1": 1335
         }
      }
   },
   "SVC": {
      "cv_score": [
         0.991390196917808,
         0.004565460368203138
      ],
      "best_params": {
         "C": 1000,
         "gamma": 0.01,
         "kernel": "rbf",
         "random_state": 1234
      },
      "test_score": 0.9953052956471404,
      "test_score_kdn": [
         0.9734183600176585,
         0.9796481095751178,
         0.9843588144519332,
         0.993738014167743,
         0.993738014167743,
         0.992191030602944,
         0.9953052956471404,
         0.9953052956471404,
         0.9953052956471404
      ],
      "test_score_dynamic_kdn": [
         0.9640258463039386,
         0.9687078308683825,
         0.9859261937940922,
         0.993738014167743,
         0.9953272732345986,
         0.993738014167743,
         0.993738014167743,
         0.9953052956471404,
         0.9953052956471404
      ],
      "test_score_dynamic_kdn_full": [
         0.9562106838603277,
         0.9783469112421268,
         0.9812620332319633,
         0.9875722145655212,
         0.9890675837440442,
         0.9921760015532151,
         0.993745984052514,
         0.9953052956471404,
         0.9953052956471404
      ],
      "test_score_dynamic_kdn_grouped": [
         0.9452247062253608,
         0.9655767508834804,
         0.9718380275850926,
         0.9937494046020636,
         0.9953052956471404,
         0.993738014167743,
         0.9953052956471404,
         0.9953052956471404,
         0.993738014167743
      ],
      "test_score_dynamic_kdn_full_grouped": [
         0.9280152735511509,
         0.97047856145234,
         0.9812140425032289,
         0.9906140716893519,
         0.9906192078853534,
         0.9906192078853534,
         0.9953052956471404,
         0.9953052956471404,
         0.993745984052514
      ]
   },
   "KNeighborsClassifier": {
      "cv_score": [
         0.9327062438845403,
         0.011590143837486536
      ],
      "best_params": {
         "n_jobs": -1,
         "n_neighbors": 3
      },
      "test_score": 0.9565223589680802,
      "test_score_kdn": [
         0.7245524869649926,
         0.7980546099714747,
         0.9096310528915406,
         0.9343725062875403,
         0.9421811595486931,
         0.960997796139342,
         0.9548979371605961,
         0.961176315452692,
         0.9565223589680802
      ],
      "test_score_dynamic_kdn": [
         0.7447874149928072,
         0.8296033702891595,
         0.8732139832485957,
         0.9280988466914033,
         0.9327728412533685,
         0.9535038668545583,
         0.9532788830370535,
         0.9502422818092038,
         0.9548979371605961
      ],
      "test_score_dynamic_kdn_full": [
         0.7996147850653155,
         0.8563455736245812,
         0.8575375960032972,
         0.8891445282169352,
         0.9314020503325742,
         0.9251219731736977,
         0.947002140531023,
         0.9501405117840382,
         0.9516651408169994
      ],
      "test_score_dynamic_kdn_grouped": [
         0.6729824960571933,
         0.7586998653501102,
         0.8512624263490502,
         0.9110384103675015,
         0.9421274422590021,
         0.9471022432297656,
         0.950362034479727,
         0.9550112851781709,
         0.9566456992293897
      ],
      "test_score_dynamic_kdn_full_grouped": [
         0.7745121186311631,
         0.8522845706376119,
         0.904483315279017,
         0.9155010994479376,
         0.9362861816869221,
         0.9453899711627525,
         0.9485275559898759,
         0.9425717354829204,
         0.9517587480145482
      ]
   },
   "RandomForestClassifier": {
      "cv_score": [
         0.9933471440802348,
         0.005480107456732804
      ],
      "best_params": {
         "max_features": "sqrt",
         "n_estimators": 500,
         "random_state": 1234
      },
      "test_score": 0.9937494046020636,
      "test_score_kdn": [
         0.944047116340738,
         0.9796536838369393,
         0.9796780495082127,
         0.9874890111686433,
         0.9875210801994182,
         0.9890675837440442,
         0.9921974284893214,
         0.9937494046020636,
         0.9921760015532151
      ],
      "test_score_dynamic_kdn": [
         0.9644411037847378,
         0.9844432415857971,
         0.9860405547282611,
         0.9937494046020636,
         0.9906506036831457,
         0.9937494046020636,
         0.9953065809822839,
         0.9921974284893214,
         0.9937494046020636
      ],
      "test_score_dynamic_kdn_full": [
         0.9499041133419436,
         0.9624474374349623,
         0.9737067889369424,
         0.9891088817078786,
         0.9874890111686433,
         0.9906506036831457,
         0.9906506036831457,
         0.9906192078853534,
         0.9937494046020636
      ],
      "test_score_dynamic_kdn_grouped": [
         0.9185800873366223,
         0.9783469112421268,
         0.9875210801994182,
         0.9890675837440442,
         0.9906506036831457,
         0.9953065809822839,
         0.9937494046020636,
         0.9921974284893214,
         0.9937494046020636
      ],
      "test_score_dynamic_kdn_full_grouped": [
         0.9547531178404408,
         0.9718734627807809,
         0.989045422124146,
         0.9906192078853534,
         0.9843915567156907,
         0.9906506036831457,
         0.9921974284893214,
         0.9921974284893214,
         0.9906192078853534
      ]
   }
}