{
   "liver-disorders": {
      "info": {
         "complexity": {
            "global": [
               0.37931034482758624,
               0.36534482758620684,
               0.2943965517241379,
               0.26267241379310347,
               0.21853448275862067
            ],
            "class 0": [
               0.28611111111111115,
               0.27222222222222225,
               0.20513888888888887,
               0.19569444444444448,
               0.15513888888888888
            ],
            "class 1": [
               0.5318181818181817,
               0.5177272727272727,
               0.4404545454545455,
               0.37227272727272714,
               0.3222727272727272
            ]
         },
         "data": {
            "n": 116,
            "n0": 72,
            "n1": 44
         }
      }
   },
   "SVC": {
      "cv_score": [
         0.7333333333333332,
         0.07701640727876186
      ],
      "best_params": {
         "C": 10,
         "gamma": 0.01,
         "kernel": "rbf",
         "random_state": 1234
      },
      "test_score": 0.6978684816410538,
      "test_score_kdn": [
         0.6978684816410538,
         0.5763778511485899,
         0.6978684816410538,
         0.7558408596267325,
         0.6978684816410538,
         0.73895986117754,
         0.6978684816410538,
         0.6978684816410538,
         0.6978684816410538
      ],
      "test_score_dynamic_kdn": [
         0.73895986117754,
         0.620873444603807,
         0.6527938467215209,
         0.6978684816410538,
         0.815268520501556,
         0.6978684816410538,
         0.73895986117754,
         0.6978684816410538,
         0.6978684816410538
      ],
      "test_score_dynamic_kdn_full": [
         0.5,
         0.2905768597538666,
         0.5,
         0.7623684076583561,
         0.73895986117754,
         0.7357660240272506,
         0.6978684816410538,
         0.6978684816410538,
         0.6978684816410538
      ],
      "test_score_dynamic_kdn_grouped": [
         0.5,
         0.6947089709441474,
         0.6978684816410538,
         0.6766365908995158,
         0.6947089709441474,
         0.73895986117754,
         0.6978684816410538,
         0.6978684816410538,
         0.6978684816410538
      ],
      "test_score_dynamic_kdn_full_grouped": [
         0.4661515668975032,
         0.5,
         0.5,
         0.34720615327847915,
         0.6841001088248474,
         0.6947089709441474,
         0.6978684816410538,
         0.6978684816410538,
         0.6978684816410538
      ]
   },
   "KNeighborsClassifier": {
      "cv_score": [
         0.7072463768115942,
         0.06176021957293484
      ],
      "best_params": {
         "n_jobs": -1,
         "n_neighbors": 3
      },
      "test_score": 0.5902253661297546,
      "test_score_kdn": [
         0.6562635275529451,
         0.504927603299909,
         0.5286336721976688,
         0.6218313308480479,
         0.6218313308480479,
         0.6218313308480479,
         0.5902253661297546,
         0.5902253661297546,
         0.5902253661297546
      ],
      "test_score_dynamic_kdn": [
         0.6562635275529451,
         0.36722874886405144,
         0.6116713215709081,
         0.6512404184667975,
         0.5767610310786397,
         0.5902253661297546,
         0.6562635275529451,
         0.5902253661297546,
         0.5902253661297546
      ],
      "test_score_dynamic_kdn_full": [
         0.7070707070707071,
         0.3955107490453569,
         0.46765808899022954,
         0.6766365908995158,
         0.5763778511485899,
         0.6044892509546431,
         0.6338383838383839,
         0.6338383838383839,
         0.5902253661297546
      ],
      "test_score_dynamic_kdn_grouped": [
         0.5665226445487718,
         0.3158998911751526,
         0.5338484331024969,
         0.7754447480042823,
         0.6986380394261651,
         0.6338383838383839,
         0.6044892509546431,
         0.5902253661297546,
         0.5902253661297546
      ],
      "test_score_dynamic_kdn_full_grouped": [
         0.4502531661836909,
         0.5592909548852674,
         0.5822439618699711,
         0.48453279437775637,
         0.6338383838383839,
         0.5323419110097705,
         0.6649835266372656,
         0.5902253661297546,
         0.5902253661297546
      ]
   },
   "RandomForestClassifier": {
      "cv_score": [
         0.7231884057971014,
         0.10653899101153105
      ],
      "best_params": {
         "max_features": "sqrt",
         "n_estimators": 500,
         "random_state": 1234
      },
      "test_score": 0.7397416871447766,
      "test_score_kdn": [
         0.6978684816410538,
         0.6642867599356062,
         0.5767610310786397,
         0.7357660240272506,
         0.7777466203173866,
         0.815268520501556,
         0.860784269690626,
         0.860784269690626,
         0.7357660240272506
      ],
      "test_score_dynamic_kdn": [
         0.7803030303030303,
         0.5767610310786397,
         0.7070707070707071,
         0.815268520501556,
         0.7754447480042823,
         0.815268520501556,
         0.8266793038882825,
         0.8522514565823994,
         0.7397416871447766
      ],
      "test_score_dynamic_kdn_full": [
         0.7397416871447766,
         0.5027414653956657,
         0.4502531661836909,
         0.6947089709441474,
         0.7623684076583561,
         0.7070707070707071,
         0.8144998476522876,
         0.7397416871447766,
         0.6986380394261651
      ],
      "test_score_dynamic_kdn_grouped": [
         0.7353959545345998,
         0.6947089709441474,
         0.6338383838383839,
         0.8334776022573498,
         0.7907285946946323,
         0.7754447480042823,
         0.8522514565823994,
         0.7754447480042823,
         0.8144998476522876
      ],
      "test_score_dynamic_kdn_full_grouped": [
         0.5398054289351022,
         0.5606060606060606,
         0.49026876319798096,
         0.4713663278023313,
         0.7192783468459515,
         0.860784269690626,
         0.8522514565823994,
         0.8535353535353536,
         0.7754447480042823
      ]
   }
}