{
   "mammographic": {
      "info": {
         "complexity": {
            "global": [
               0.2644578313253012,
               0.28149096385542166,
               0.22778614457831325,
               0.22243975903614457,
               0.1744578313253012
            ],
            "class 0": [
               0.252046783625731,
               0.27470760233918123,
               0.2271052631578947,
               0.21798245614035086,
               0.17505847953216375
            ],
            "class 1": [
               0.277639751552795,
               0.2886956521739131,
               0.2285093167701863,
               0.22717391304347828,
               0.17381987577639751
            ]
         },
         "data": {
            "n": 664,
            "n0": 342,
            "n1": 322
         }
      }
   },
   "SVC": {
      "cv_score": [
         0.8193210298473457,
         0.04420211728385801
      ],
      "best_params": {
         "C": 100,
         "gamma": 0.01,
         "kernel": "rbf",
         "random_state": 1234
      },
      "test_score": 0.7536869037684817,
      "test_score_kdn": [
         0.7550104781274276,
         0.7771672021307494,
         0.7680243940016604,
         0.7664318588322148,
         0.7867556409936971,
         0.770361670022752,
         0.753249116586301,
         0.7599942840989411,
         0.7727478646836323
      ],
      "test_score_dynamic_kdn": [
         0.7411965496845447,
         0.7746155143920765,
         0.7680243940016604,
         0.7801475682262586,
         0.753249116586301,
         0.7727478646836323,
         0.7599942840989411,
         0.7536869037684817,
         0.7536869037684817
      ],
      "test_score_dynamic_kdn_full": [
         0.7409061263857072,
         0.7387477786161596,
         0.7536869037684817,
         0.7717905309229685,
         0.7408756116255073,
         0.7606645592292733,
         0.7529586932874635,
         0.7528186816924545,
         0.7599942840989411
      ],
      "test_score_dynamic_kdn_grouped": [
         0.7180524763273817,
         0.7978146681678548,
         0.794766257963903,
         0.7614904691113789,
         0.7636235914117493,
         0.7801475682262586,
         0.7653016834880573,
         0.7594771241830065,
         0.7591113801722837
      ],
      "test_score_dynamic_kdn_full_grouped": [
         0.5136156943250066,
         0.7536869037684817,
         0.7038059123826159,
         0.7290257492068684,
         0.7290257492068684,
         0.764874699639142,
         0.7529586932874635,
         0.7709513435003631,
         0.7594771241830065
      ]
   },
   "KNeighborsClassifier": {
      "cv_score": [
         0.8148097516518569,
         0.037113383039296406
      ],
      "best_params": {
         "n_jobs": -1,
         "n_neighbors": 11
      },
      "test_score": 0.765746475940752,
      "test_score_kdn": [
         0.7295677594239409,
         0.7345397813769319,
         0.7215524941404499,
         0.7372743364070615,
         0.765746475940752,
         0.7594771241830065,
         0.7671052608043285,
         0.7614904691113789,
         0.7536869037684817
      ],
      "test_score_dynamic_kdn": [
         0.781267194536468,
         0.7840439877760953,
         0.747928572284453,
         0.747928572284453,
         0.753249116586301,
         0.7493824027592202,
         0.7663469540730059,
         0.778420573509412,
         0.7591113801722837
      ],
      "test_score_dynamic_kdn_full": [
         0.7650651769793091,
         0.6945365647429234,
         0.7437780455524639,
         0.7050215720144591,
         0.7364979483205554,
         0.7536869037684817,
         0.7594771241830065,
         0.7529586932874635,
         0.765746475940752
      ],
      "test_score_dynamic_kdn_grouped": [
         0.7529586932874635,
         0.7437780455524639,
         0.7215524941404499,
         0.7614904691113789,
         0.7614904691113789,
         0.7429156954505267,
         0.7421997152001938,
         0.7591113801722837,
         0.7653016834880573
      ],
      "test_score_dynamic_kdn_full_grouped": [
         0.42622747154511875,
         0.4506008273798869,
         0.6710390002048743,
         0.6807727698218758,
         0.7237971486554766,
         0.7542733346365998,
         0.7411965496845447,
         0.7591113801722837,
         0.753249116586301
      ]
   },
   "RandomForestClassifier": {
      "cv_score": [
         0.7982456140350876,
         0.02453069534484646
      ],
      "best_params": {
         "max_features": "sqrt",
         "n_estimators": 300,
         "random_state": 1234
      },
      "test_score": 0.7474219317356572,
      "test_score_kdn": [
         0.7229563038691744,
         0.7447903552450199,
         0.7358628604699649,
         0.7529586932874635,
         0.7364979483205554,
         0.7233115468409586,
         0.7536869037684817,
         0.7295677594239409,
         0.753249116586301
      ],
      "test_score_dynamic_kdn": [
         0.7832147643743567,
         0.8099227345200135,
         0.7170914158810321,
         0.7350079959702108,
         0.7536869037684817,
         0.7542733346365998,
         0.7429156954505267,
         0.7599942840989411,
         0.7536869037684817
      ],
      "test_score_dynamic_kdn_full": [
         0.602806788189359,
         0.6322194057441686,
         0.6925172666055202,
         0.7244146428661965,
         0.7429156954505267,
         0.7409061263857072,
         0.7358628604699649,
         0.747928572284453,
         0.7594771241830065
      ],
      "test_score_dynamic_kdn_grouped": [
         0.7421346767414206,
         0.7170914158810321,
         0.7381951345872153,
         0.7337547881110253,
         0.765746475940752,
         0.7350079959702108,
         0.753249116586301,
         0.7295677594239409,
         0.753249116586301
      ],
      "test_score_dynamic_kdn_full_grouped": [
         0.3384905807551724,
         0.49149134580235915,
         0.5141134966406656,
         0.6985027648516098,
         0.7407450622560485,
         0.7468409586056645,
         0.7591113801722837,
         0.7711630722733203,
         0.7536869037684817
      ]
   }
}