{
   "mushroom": {
      "info": {
         "complexity": {
            "global": [
               0.0002461917218033544,
               0.00035543929835359295,
               0.00025542391137098016,
               0.00022311124788428993,
               0.0001831050930912448
            ],
            "class 0": [
               0.0,
               0.00010101010101010104,
               5.941770647653001e-05,
               8.615567439096852e-05,
               7.724301841948902e-05
            ],
            "class 1": [
               0.0005106926268751995,
               0.0006287902968400895,
               0.0004660070220236195,
               0.0003702521544845197,
               0.0002968400893712097
            ]
         },
         "data": {
            "n": 6499,
            "n0": 3366,
            "n1": 3133
         }
      }
   },
   "SVC": {
      "cv_score": [
         1.0,
         0.0
      ],
      "best_params": {
         "C": 1,
         "gamma": 0.1,
         "kernel": "rbf",
         "random_state": 1234
      },
      "test_score": 1.0,
      "test_score_kdn": [
         0.9840227707656722,
         0.9975408186050199,
         0.999384154775798,
         1.0,
         1.0,
         1.0,
         1.0,
         1.0,
         1.0
      ],
      "test_score_dynamic_kdn": [
         0.9963046566397209,
         0.9981545666717342,
         1.0,
         1.0,
         1.0,
         1.0,
         1.0,
         1.0,
         1.0
      ],
      "test_score_dynamic_kdn_full": [
         0.9791128873494173,
         0.9981545666717342,
         0.9963154015408893,
         1.0,
         1.0,
         1.0,
         1.0,
         1.0,
         1.0
      ],
      "test_score_dynamic_kdn_grouped": [
         0.9747549754613507,
         0.9963154015408893,
         0.9957037274090279,
         1.0,
         1.0,
         1.0,
         1.0,
         1.0,
         1.0
      ],
      "test_score_dynamic_kdn_full_grouped": [
         0.990790932731834,
         0.9913739639527959,
         0.9926555988349379,
         1.0,
         0.999384154775798,
         1.0,
         1.0,
         1.0,
         1.0
      ]
   },
   "KNeighborsClassifier": {
      "cv_score": [
         1.0,
         0.0
      ],
      "best_params": {
         "n_jobs": -1,
         "n_neighbors": 1
      },
      "test_score": 1.0,
      "test_score_kdn": [
         0.9841400260332938,
         1.0,
         1.0,
         1.0,
         1.0,
         1.0,
         1.0,
         1.0,
         1.0
      ],
      "test_score_dynamic_kdn": [
         0.999384154775798,
         0.999384154775798,
         1.0,
         1.0,
         1.0,
         1.0,
         1.0,
         1.0,
         1.0
      ],
      "test_score_dynamic_kdn_full": [
         0.999384154775798,
         0.99938420985189,
         1.0,
         1.0,
         1.0,
         1.0,
         1.0,
         1.0,
         1.0
      ],
      "test_score_dynamic_kdn_grouped": [
         1.0,
         1.0,
         0.9987690111989875,
         1.0,
         1.0,
         1.0,
         1.0,
         1.0,
         1.0
      ],
      "test_score_dynamic_kdn_full_grouped": [
         0.9981545666717342,
         1.0,
         1.0,
         1.0,
         1.0,
         1.0,
         1.0,
         1.0,
         1.0
      ]
   },
   "RandomForestClassifier": {
      "cv_score": [
         1.0,
         0.0
      ],
      "best_params": {
         "max_features": null,
         "n_estimators": 100,
         "random_state": 1234
      },
      "test_score": 1.0,
      "test_score_kdn": [
         0.9926077947497662,
         0.9981550611423169,
         1.0,
         1.0,
         1.0,
         1.0,
         1.0,
         1.0,
         1.0
      ],
      "test_score_dynamic_kdn": [
         0.9792810192387562,
         0.99938420985189,
         0.9987690111989875,
         1.0,
         1.0,
         1.0,
         1.0,
         1.0,
         1.0
      ],
      "test_score_dynamic_kdn_full": [
         0.9889163787554652,
         0.990790932731834,
         1.0,
         0.9987690111989875,
         1.0,
         1.0,
         1.0,
         1.0,
         1.0
      ],
      "test_score_dynamic_kdn_grouped": [
         0.9969291345999514,
         1.0,
         1.0,
         1.0,
         1.0,
         1.0,
         1.0,
         1.0,
         1.0
      ],
      "test_score_dynamic_kdn_full_grouped": [
         0.9950826430362809,
         0.9956871909726626,
         0.9987690111989875,
         0.9975408186050199,
         1.0,
         1.0,
         1.0,
         1.0,
         1.0
      ]
   }
}