{
   "r2": {
      "info": {
         "complexity": {
            "global": [
               0.341304347826087,
               0.3769565217391304,
               0.3153260869565217,
               0.1988043478260869,
               0.15347826086956523
            ],
            "class 0": [
               0.3756097560975609,
               0.4139024390243902,
               0.35414634146341456,
               0.22341463414634147,
               0.1773170731707317
            ],
            "class 1": [
               0.3137254901960784,
               0.34725490196078423,
               0.2841176470588235,
               0.17901960784313722,
               0.13431372549019605
            ]
         },
         "data": {
            "n": 92,
            "n0": 41,
            "n1": 51
         }
      }
   },
   "SVC": {
      "cv_score": [
         0.8058479532163743,
         0.08463586539822325
      ],
      "best_params": {
         "C": 100,
         "gamma": 0.01,
         "kernel": "rbf",
         "random_state": 1234
      },
      "test_score": 0.7926847035024818,
      "test_score_kdn": [
         0.7359407048271494,
         0.7090605025017727,
         0.6713286713286714,
         0.7049585128946637,
         0.7552447552447552,
         0.6713286713286714,
         0.7552447552447552,
         0.7552447552447552,
         0.7926847035024818
      ],
      "test_score_dynamic_kdn": [
         0.5724206824377901,
         0.6713286713286714,
         0.6201480937658373,
         0.7090605025017727,
         0.7552447552447552,
         0.719093582749468,
         0.7926847035024818,
         0.7552447552447552,
         0.7926847035024818
      ],
      "test_score_dynamic_kdn_full": [
         0.5728252704039083,
         0.4195804195804196,
         0.6254363015010636,
         0.661937568907824,
         0.6643356643356644,
         0.7926847035024818,
         0.7552447552447552,
         0.7926847035024818,
         0.7926847035024818
      ],
      "test_score_dynamic_kdn_grouped": [
         0.5971625413446944,
         0.5418121005003546,
         0.7552447552447552,
         0.5874125874125874,
         0.6713286713286714,
         0.7090605025017727,
         0.7926847035024818,
         0.7552447552447552,
         0.7926847035024818
      ],
      "test_score_dynamic_kdn_full_grouped": [
         0.2827379526866296,
         0.6643356643356644,
         0.719093582749468,
         0.6182624791978165,
         0.7090605025017727,
         0.7926847035024818,
         0.7552447552447552,
         0.7926847035024818,
         0.7926847035024818
      ]
   },
   "KNeighborsClassifier": {
      "cv_score": [
         0.7502923976608187,
         0.07396216025151989
      ],
      "best_params": {
         "n_jobs": -1,
         "n_neighbors": 7
      },
      "test_score": 0.7552447552447552,
      "test_score_kdn": [
         0.74830427232533,
         0.6713286713286714,
         0.7056883378018606,
         0.6201480937658373,
         0.74830427232533,
         0.630892578601184,
         0.7172620473133704,
         0.7698959481797065,
         0.8391608391608392
      ],
      "test_score_dynamic_kdn": [
         0.5724206824377901,
         0.6738383738412789,
         0.4965034965034965,
         0.6643356643356644,
         0.6643356643356644,
         0.7049585128946637,
         0.7568049008979925,
         0.6643356643356644,
         0.6643356643356644
      ],
      "test_score_dynamic_kdn_full": [
         0.5186989398001691,
         0.5934946990008457,
         0.6207011373963169,
         0.6207011373963169,
         0.4965034965034965,
         0.48920416207281175,
         0.6342831636206417,
         0.6643356643356644,
         0.7552447552447552
      ],
      "test_score_dynamic_kdn_grouped": [
         0.4873931773585175,
         0.48920416207281175,
         0.5959026819995964,
         0.535337674637011,
         0.6111543600901759,
         0.6254363015010636,
         0.6201480937658373,
         0.7090605025017727,
         0.7090605025017727
      ],
      "test_score_dynamic_kdn_full_grouped": [
         0.5,
         0.6478280989972707,
         0.6201480937658373,
         0.719093582749468,
         0.6478280989972707,
         0.6201480937658373,
         0.6254363015010636,
         0.7552447552447552,
         0.7090605025017727
      ]
   },
   "RandomForestClassifier": {
      "cv_score": [
         0.7713450292397661,
         0.05567546308964636
      ],
      "best_params": {
         "max_features": "sqrt",
         "n_estimators": 500,
         "random_state": 1234
      },
      "test_score": 0.7552447552447552,
      "test_score_kdn": [
         0.5874125874125874,
         0.6111543600901759,
         0.6835292447622004,
         0.8039040018782944,
         0.7926847035024818,
         0.78976893202349,
         0.8321678321678322,
         0.7926847035024818,
         0.7552447552447552
      ],
      "test_score_dynamic_kdn": [
         0.6738383738412789,
         0.632984760902575,
         0.719093582749468,
         0.8039040018782944,
         0.7552447552447552,
         0.7926847035024818,
         0.719093582749468,
         0.7552447552447552,
         0.7552447552447552
      ],
      "test_score_dynamic_kdn_full": [
         0.630892578601184,
         0.6689815923548437,
         0.6478280989972707,
         0.7552447552447552,
         0.916083916083916,
         0.6835292447622004,
         0.7926847035024818,
         0.7552447552447552,
         0.7552447552447552
      ],
      "test_score_dynamic_kdn_grouped": [
         0.5494727444918154,
         0.47043438020054584,
         0.5107958379271883,
         0.6182624791978165,
         0.6835292447622004,
         0.8321678321678322,
         0.7552447552447552,
         0.7552447552447552,
         0.719093582749468
      ],
      "test_score_dynamic_kdn_full_grouped": [
         0.29685582466278215,
         0.6713286713286714,
         0.6478280989972707,
         0.8321678321678322,
         0.719093582749468,
         0.7926847035024818,
         0.8321678321678322,
         0.7926847035024818,
         0.7926847035024818
      ]
   }
}