{
   "sonar": {
      "info": {
         "complexity": {
            "global": [
               0.21927710843373494,
               0.20777108433734945,
               0.15409638554216867,
               0.007048192771084342,
               0.006626506024096386
            ],
            "class 0": [
               0.1550561797752809,
               0.140561797752809,
               0.09651685393258427,
               0.005280898876404498,
               0.005056179775280899
            ],
            "class 1": [
               0.29350649350649355,
               0.2854545454545454,
               0.22064935064935062,
               0.009090909090909097,
               0.008441558441558443
            ]
         },
         "data": {
            "n": 166,
            "n0": 89,
            "n1": 77
         }
      }
   },
   "SVC": {
      "cv_score": [
         0.8675579322638146,
         0.04074789892970995
      ],
      "best_params": {
         "C": 100,
         "gamma": 0.01,
         "kernel": "rbf",
         "random_state": 1234
      },
      "test_score": 0.8838727507521906,
      "test_score_kdn": [
         0.45438969893612746,
         0.7201927530252721,
         0.7371735655321372,
         0.8568181818181818,
         0.8838727507521906,
         0.8808460138833356,
         0.8622919586282771,
         0.8622919586282771,
         0.8622919586282771
      ],
      "test_score_dynamic_kdn": [
         0.4044791460584482,
         0.5986053313144698,
         0.5727272727272728,
         0.8578132236660672,
         0.8329551977662695,
         0.8568181818181818,
         0.8578132236660672,
         0.8838727507521906,
         0.8838727507521906
      ],
      "test_score_dynamic_kdn_full": [
         0.7636363636363637,
         0.7850643816492033,
         0.7995455121771062,
         0.8411211461689767,
         0.8353105352955882,
         0.8578132236660672,
         0.9287368300004017,
         0.8578132236660672,
         0.8838727507521906
      ],
      "test_score_dynamic_kdn_grouped": [
         0.41810178833960576,
         0.7160656153408635,
         0.7417345956385244,
         0.8375162278726567,
         0.7860387767736776,
         0.8578132236660672,
         0.8578132236660672,
         0.8838727507521906,
         0.8838727507521906
      ],
      "test_score_dynamic_kdn_full_grouped": [
         0.71576949235052,
         0.7995455121771062,
         0.82024493467004,
         0.7641225246773891,
         0.82024493467004,
         0.7913743123526675,
         0.8329551977662695,
         0.8838727507521906,
         0.8838727507521906
      ]
   },
   "KNeighborsClassifier": {
      "cv_score": [
         0.8795008912655972,
         0.079033501357898
      ],
      "best_params": {
         "n_jobs": -1,
         "n_neighbors": 1
      },
      "test_score": 0.8090909090909091,
      "test_score_kdn": [
         0.45869368478203165,
         0.6459529634043921,
         0.7159090909090909,
         0.7383656473113981,
         0.7613636363636364,
         0.7383656473113981,
         0.8113636363636363,
         0.8090909090909091,
         0.8090909090909091
      ],
      "test_score_dynamic_kdn": [
         0.4044791460584482,
         0.6129433898372696,
         0.6181818181818182,
         0.7959982656402433,
         0.747436050183641,
         0.7636363636363637,
         0.8337119062359573,
         0.7860387767736776,
         0.8337119062359573
      ],
      "test_score_dynamic_kdn_full": [
         0.6659530907265011,
         0.7416274785363585,
         0.6685499656158105,
         0.6918806447200494,
         0.7860387767736776,
         0.7614788942175106,
         0.7371735655321372,
         0.7371735655321372,
         0.8113636363636363
      ],
      "test_score_dynamic_kdn_grouped": [
         0.6432178886744377,
         0.6459529634043921,
         0.6017494038138337,
         0.6938437795214583,
         0.7860387767736776,
         0.8113636363636363,
         0.8090909090909091,
         0.8337119062359573,
         0.8337119062359573
      ],
      "test_score_dynamic_kdn_full_grouped": [
         0.7150378077019451,
         0.7479843994253093,
         0.7913743123526675,
         0.6413919332980048,
         0.7614788942175106,
         0.6651445647689541,
         0.7613636363636364,
         0.7383656473113981,
         0.7850643816492033
      ]
   },
   "RandomForestClassifier": {
      "cv_score": [
         0.8431372549019608,
         0.049037429915292405
      ],
      "best_params": {
         "max_features": "sqrt",
         "n_estimators": 500,
         "random_state": 1234
      },
      "test_score": 0.8511066249289032,
      "test_score_kdn": [
         0.5852802865422442,
         0.6720255883009938,
         0.6659090909090909,
         0.7133117294932323,
         0.8578132236660672,
         0.8568181818181818,
         0.9113766756037212,
         0.8708099243547831,
         0.8511066249289032
      ],
      "test_score_dynamic_kdn": [
         0.5734692267056574,
         0.5337099931231621,
         0.6752499093081954,
         0.8375162278726567,
         0.8568181818181818,
         0.9324349662087931,
         0.9113766756037212,
         0.8908679799852858,
         0.8708099243547831
      ],
      "test_score_dynamic_kdn_full": [
         0.7581644701123021,
         0.7371857969456166,
         0.71576949235052,
         0.8123790088358857,
         0.8622919586282771,
         0.7931509849889643,
         0.8411211461689767,
         0.83166247903554,
         0.83166247903554
      ],
      "test_score_dynamic_kdn_grouped": [
         0.5744529196912674,
         0.7132007163556104,
         0.7839809171235324,
         0.7683599177495504,
         0.8329551977662695,
         0.8096460589417889,
         0.9113766756037212,
         0.9113766756037212,
         0.8708099243547831
      ],
      "test_score_dynamic_kdn_full_grouped": [
         0.7696799449852969,
         0.8132072416528331,
         0.9068181818181817,
         0.7039499313887188,
         0.8908679799852858,
         0.8511066249289032,
         0.8511066249289032,
         0.8708099243547831,
         0.8708099243547831
      ]
   }
}