{
   "splice": {
      "info": {
         "complexity": {
            "global": [
               0.34925000000000006,
               0.3565625,
               0.271525,
               0.0008375000000000008,
               0.0008
            ],
            "class 0": [
               0.1772020725388601,
               0.19059585492227982,
               0.11199481865284976,
               0.0004922279792746118,
               0.00046632124352331605
            ],
            "class 1": [
               0.5096618357487923,
               0.511304347826087,
               0.4202657004830918,
               0.0011594202898550735,
               0.0011111111111111111
            ]
         },
         "data": {
            "n": 800,
            "n0": 386,
            "n1": 414
         }
      }
   },
   "SVC": {
      "cv_score": [
         0.8724999999999999,
         0.025186802099512375
      ],
      "best_params": {
         "C": 10,
         "gamma": 0.01,
         "kernel": "rbf",
         "random_state": 1234
      },
      "test_score": 0.8849665262761108,
      "test_score_kdn": [
         0.6701531113066725,
         0.7544581471617009,
         0.8269574562839563,
         0.8464665841550559,
         0.8200924998315425,
         0.860330193937806,
         0.8649372206050991,
         0.865164360951967,
         0.8749439663626479
      ],
      "test_score_dynamic_kdn": [
         0.6528764498318714,
         0.7703072078861276,
         0.8215308856012431,
         0.8176285813670254,
         0.8114118962825572,
         0.8425886541707075,
         0.8498448483832608,
         0.8749439663626479,
         0.8651341252812095
      ],
      "test_score_dynamic_kdn_full": [
         0.7578809638187536,
         0.829810784052079,
         0.8159950131453505,
         0.8401830380290346,
         0.8400200372338286,
         0.8399364976943609,
         0.8899009108197378,
         0.8607746972275048,
         0.8803641144240189
      ],
      "test_score_dynamic_kdn_grouped": [
         0.6127315289990458,
         0.6837658887968062,
         0.6978035159542135,
         0.7457411454561622,
         0.7655990467747351,
         0.8106140739594936,
         0.8749439663626479,
         0.8599947067337095,
         0.8849665262761108
      ],
      "test_score_dynamic_kdn_full_grouped": [
         0.6939279569410419,
         0.7902411482561698,
         0.8215308856012431,
         0.8707837053348013,
         0.8251463487928474,
         0.8449242115233828,
         0.8599947067337095,
         0.8848811250097361,
         0.8798959448800333
      ]
   },
   "KNeighborsClassifier": {
      "cv_score": [
         0.71625,
         0.024238399287081658
      ],
      "best_params": {
         "n_jobs": -1,
         "n_neighbors": 9
      },
      "test_score": 0.7562471733821419,
      "test_score_kdn": [
         0.6634732078501032,
         0.7096063980649887,
         0.7424425696982356,
         0.7145830077472412,
         0.7912452102145542,
         0.7765224280124421,
         0.785418099610852,
         0.7490048166745567,
         0.7470691687581706
      ],
      "test_score_dynamic_kdn": [
         0.5327606964853937,
         0.6323860550755542,
         0.7114064199293407,
         0.7047437939148871,
         0.7196398088440822,
         0.7197477729956961,
         0.7563958056328706,
         0.7341392459258265,
         0.7363968853783437
      ],
      "test_score_dynamic_kdn_full": [
         0.7006757290504921,
         0.7346789590505756,
         0.7590287133240666,
         0.7316198056548548,
         0.6893413190504644,
         0.7468823354248377,
         0.7335373684774644,
         0.7549840320467471,
         0.7419961020067375
      ],
      "test_score_dynamic_kdn_grouped": [
         0.5952661551125458,
         0.5981235190358632,
         0.5612865700585629,
         0.6681813105687059,
         0.7050516395709505,
         0.6716843299473108,
         0.7555304728282696,
         0.7533004506976422,
         0.7554370173001734
      ],
      "test_score_dynamic_kdn_full_grouped": [
         0.6711468721085245,
         0.7599800108142132,
         0.7563958056328706,
         0.7219121731561184,
         0.6988686548919654,
         0.7345174999980297,
         0.7428226983104707,
         0.7767014950923707,
         0.7256221923034684
      ]
   },
   "RandomForestClassifier": {
      "cv_score": [
         0.9475,
         0.019605483926697632
      ],
      "best_params": {
         "max_features": "sqrt",
         "n_estimators": 500,
         "random_state": 1234
      },
      "test_score": 0.9700850801657035,
      "test_score_kdn": [
         0.6796139691596074,
         0.8237180006271827,
         0.8989935717908553,
         0.9060838092873071,
         0.9502566474107783,
         0.9353908288812223,
         0.9600322022047602,
         0.9750087705545396,
         0.9603802269623252
      ],
      "test_score_dynamic_kdn": [
         0.5981235190358632,
         0.6700491735892538,
         0.8665371873958659,
         0.8319991955187918,
         0.8973775060661113,
         0.9126017894694157,
         0.9459349869828495,
         0.940227542891104,
         0.9650022660136814
      ],
      "test_score_dynamic_kdn_full": [
         0.8511869025141414,
         0.9308377539785807,
         0.922275445800887,
         0.9503752236598733,
         0.9503752236598733,
         0.9399981378735784,
         0.9552048883099864,
         0.9552048883099864,
         0.9552048883099864
      ],
      "test_score_dynamic_kdn_grouped": [
         0.5,
         0.536523821477296,
         0.536523821477296,
         0.6620329385090873,
         0.7535841558953359,
         0.8844902598358354,
         0.9181731136477383,
         0.9649812550846032,
         0.9699729756781104
      ],
      "test_score_dynamic_kdn_full_grouped": [
         0.72066844983651,
         0.9171946707425565,
         0.9399981378735784,
         0.9249311900471697,
         0.9555961517452747,
         0.9699729756781104,
         0.9549957614728232,
         0.9652093913497664,
         0.9650022660136814
      ]
   }
}