{
   "svmguide1": {
      "info": {
         "complexity": {
            "global": [
               0.05746661270740591,
               0.060145690004046945,
               0.043909348441926344,
               0.05013759611493322,
               0.035940914609469854
            ],
            "class 0": [
               0.08266360505166476,
               0.08645235361653274,
               0.06385763490241103,
               0.07182548794489094,
               0.053008036739380024
            ],
            "class 1": [
               0.04375,
               0.045825,
               0.03305,
               0.03833125,
               0.02665
            ]
         },
         "data": {
            "n": 2471,
            "n0": 871,
            "n1": 1600
         }
      }
   },
   "SVC": {
      "cv_score": [
         0.9668138878665195,
         0.007958611275749082
      ],
      "best_params": {
         "C": 100,
         "gamma": 0.1,
         "kernel": "rbf",
         "random_state": 1234
      },
      "test_score": 0.9751550569580565,
      "test_score_kdn": [
         0.9770654189915775,
         0.9769215795581045,
         0.9804929839314408,
         0.9840313429400291,
         0.9858082939773598,
         0.9769215250060349,
         0.9804764339730321,
         0.9787385321100918,
         0.9787385321100918
      ],
      "test_score_dynamic_kdn": [
         0.9805981359794129,
         0.9804929839314408,
         0.9822572149709254,
         0.9787141470261309,
         0.9804929839314408,
         0.9822572149709254,
         0.9769456817683823,
         0.9769456817683823,
         0.9751550569580565
      ],
      "test_score_dynamic_kdn_full": [
         0.9682870268243549,
         0.978706135964491,
         0.9805336496370538,
         0.9769215250060349,
         0.9769215250060349,
         0.978706135964491,
         0.9769456817683823,
         0.9769215250060349,
         0.9769456817683823
      ],
      "test_score_dynamic_kdn_grouped": [
         0.9822572149709254,
         0.9751550569580565,
         0.9769456817683823,
         0.9769456817683823,
         0.9787385321100918,
         0.9804929839314408,
         0.9751550569580565,
         0.9769215250060349,
         0.978706135964491
      ],
      "test_score_dynamic_kdn_full_grouped": [
         0.9680305847043744,
         0.9751949541284404,
         0.9822821100917432,
         0.9769215250060349,
         0.978706135964491,
         0.9769215250060349,
         0.9804929839314408,
         0.9769456817683823,
         0.9751550569580565
      ]
   },
   "KNeighborsClassifier": {
      "cv_score": [
         0.9579135484398641,
         0.002654413964192098
      ],
      "best_params": {
         "n_jobs": -1,
         "n_neighbors": 9
      },
      "test_score": 0.9715807025475026,
      "test_score_kdn": [
         0.9519824688196803,
         0.9591327116631283,
         0.9734538376054966,
         0.9698510774422652,
         0.9786979023968085,
         0.973375397421031,
         0.9751803288978562,
         0.9751474247868168,
         0.973375397421031
      ],
      "test_score_dynamic_kdn": [
         0.9406524020441231,
         0.966233389241637,
         0.971651376146789,
         0.978706135964491,
         0.9893692660550459,
         0.9751474247868168,
         0.9769215795581045,
         0.9769215795581045,
         0.9715807025475026
      ],
      "test_score_dynamic_kdn_full": [
         0.9359923922898081,
         0.9680528989451875,
         0.9751391098878919,
         0.971603977951622,
         0.9733588494526153,
         0.9751550569580565,
         0.9769215250060349,
         0.9715807025475026,
         0.9715807025475026
      ],
      "test_score_dynamic_kdn_grouped": [
         0.8799567014673959,
         0.966233389241637,
         0.9697961193471262,
         0.9786979023968085,
         0.9751803288978562,
         0.9751391098878919,
         0.9733588494526153,
         0.9751391098878919,
         0.9715807025475026
      ],
      "test_score_dynamic_kdn_full_grouped": [
         0.8966351573142419,
         0.9698117070720407,
         0.9804764339730321,
         0.9787141470261309,
         0.9715807025475026,
         0.973375397421031,
         0.9751474247868168,
         0.9751474247868168,
         0.9769215795581045
      ]
   },
   "RandomForestClassifier": {
      "cv_score": [
         0.9684316852737906,
         0.0047333041077098435
      ],
      "best_params": {
         "max_features": "sqrt",
         "n_estimators": 500,
         "random_state": 1234
      },
      "test_score": 0.9699999850159067,
      "test_score_kdn": [
         0.9627564731161481,
         0.9698117070720407,
         0.9629345510402357,
         0.9645642201834863,
         0.9702406206756565,
         0.9701089671069837,
         0.9701089671069837,
         0.971722218540074,
         0.9718162258997123
      ],
      "test_score_dynamic_kdn": [
         0.9615258010579886,
         0.971603977951622,
         0.9769937436212752,
         0.9682870268243549,
         0.971722218540074,
         0.9752585043676993,
         0.9751949541284404,
         0.9699139315897181,
         0.9701089671069837
      ],
      "test_score_dynamic_kdn_full": [
         0.9611133610571985,
         0.9663740255739395,
         0.9663037752792066,
         0.9681859327124489,
         0.9752585043676993,
         0.9701089671069837,
         0.9753454249750695,
         0.9718162258997123,
         0.9699999850159067
      ],
      "test_score_dynamic_kdn_grouped": [
         0.9663037752792066,
         0.9610206422018348,
         0.9681077981651376,
         0.971651376146789,
         0.9754554471014609,
         0.9788746240504269,
         0.9681859327124489,
         0.9699999850159067,
         0.9701089671069837
      ],
      "test_score_dynamic_kdn_full_grouped": [
         0.955661868790031,
         0.9627564731161481,
         0.9610206422018348,
         0.9718162258997123,
         0.9665832354296928,
         0.9736346987842744,
         0.9734538376054966,
         0.9735327020037421,
         0.9718162258997123
      ]
   }
}