{
   "svmguide3": {
      "info": {
         "complexity": {
            "global": [
               0.2551307847082495,
               0.26513078470824947,
               0.19241448692152915,
               0.15606639839034206,
               0.09878269617706237
            ],
            "class 0": [
               0.14425363276089828,
               0.15327608982826949,
               0.08071334214002643,
               0.09034346103038311,
               0.03857331571994716
            ],
            "class 1": [
               0.6092827004219409,
               0.6224050632911392,
               0.549198312236287,
               0.3659915611814346,
               0.29109704641350204
            ]
         },
         "data": {
            "n": 994,
            "n0": 757,
            "n1": 237
         }
      }
   },
   "SVC": {
      "cv_score": [
         0.8481041571493833,
         0.01852386300070344
      ],
      "best_params": {
         "C": 100,
         "gamma": 0.01,
         "kernel": "rbf",
         "random_state": 1234
      },
      "test_score": 0.6835785474607297,
      "test_score_kdn": [
         0.6997907435342239,
         0.6183002240259456,
         0.6998226108777735,
         0.6667076434434669,
         0.6638299823473967,
         0.6810116417954392,
         0.6810116417954392,
         0.691408741576363,
         0.6696507417575848
      ],
      "test_score_dynamic_kdn": [
         0.677921498661909,
         0.6458439455414544,
         0.6828334152262923,
         0.6638299823473967,
         0.6752273234182862,
         0.6725134341813845,
         0.6785516227676427,
         0.6810116417954392,
         0.6780200075305718
      ],
      "test_score_dynamic_kdn_full": [
         0.6138733704191988,
         0.6712345571387001,
         0.615431063510381,
         0.646213866560029,
         0.6134714920498563,
         0.6431703462645868,
         0.6610423762651372,
         0.6575322205090803,
         0.6943078776006677
      ],
      "test_score_dynamic_kdn_grouped": [
         0.6335710043478665,
         0.6108637057657605,
         0.6362389388833891,
         0.6277317808669999,
         0.6514143612505745,
         0.647568745250998,
         0.6491388781458888,
         0.6624158108088585,
         0.6726484819271643
      ],
      "test_score_dynamic_kdn_full_grouped": [
         0.574507805184684,
         0.5752825284092234,
         0.599480207143961,
         0.6354615769045513,
         0.6511579829303993,
         0.6433038656536264,
         0.6624158108088585,
         0.6540225640931188,
         0.6674510019289683
      ]
   },
   "KNeighborsClassifier": {
      "cv_score": [
         0.8148875691589259,
         0.006705364424934362
      ],
      "best_params": {
         "n_jobs": -1,
         "n_neighbors": 11
      },
      "test_score": 0.6689497776805317,
      "test_score_kdn": [
         0.579400541473454,
         0.64693506192423,
         0.6592884245335353,
         0.6956646941275753,
         0.6492654367371744,
         0.677524202790478,
         0.6867377246752262,
         0.677524202790478,
         0.677524202790478
      ],
      "test_score_dynamic_kdn": [
         0.5831367756910253,
         0.6469010154488215,
         0.6867377246752262,
         0.6956646941275753,
         0.6794935873198222,
         0.678289334342352,
         0.6689497776805317,
         0.6689497776805317,
         0.6592884245335353
      ],
      "test_score_dynamic_kdn_full": [
         0.5669943642281212,
         0.5544764622877973,
         0.5813504203846451,
         0.6739030406942645,
         0.650513347974188,
         0.6650309263766025,
         0.6703470857508043,
         0.6689497776805317,
         0.6689497776805317
      ],
      "test_score_dynamic_kdn_grouped": [
         0.5693681391396452,
         0.5843178603067556,
         0.624065420104704,
         0.6850505040753759,
         0.6997907435342239,
         0.6883813661809149,
         0.653353325994414,
         0.678289334342352,
         0.6689497776805317
      ],
      "test_score_dynamic_kdn_full_grouped": [
         0.4189429994751926,
         0.4292387591244764,
         0.5400750674449565,
         0.6433038656536264,
         0.6610322108864239,
         0.6897608480785465,
         0.653353325994414,
         0.677524202790478,
         0.6689497776805317
      ]
   },
   "RandomForestClassifier": {
      "cv_score": [
         0.8531292827775239,
         0.010104095971456757
      ],
      "best_params": {
         "max_features": null,
         "n_estimators": 100,
         "random_state": 1234
      },
      "test_score": 0.7227165440283808,
      "test_score_kdn": [
         0.7291619637927917,
         0.6333738836911428,
         0.74463560093208,
         0.7127727408884266,
         0.7227165440283808,
         0.7079949036081348,
         0.7521618029562411,
         0.7077363154365173,
         0.7450494779354621
      ],
      "test_score_dynamic_kdn": [
         0.6524036450914947,
         0.6433038656536264,
         0.6975063531638747,
         0.7175607032997415,
         0.6982762647484587,
         0.7446048133149582,
         0.74463560093208,
         0.7096196384993835,
         0.7175607032997415
      ],
      "test_score_dynamic_kdn_full": [
         0.6386178633189649,
         0.6358331180269459,
         0.6420331221320327,
         0.6878634103005269,
         0.6629019156610554,
         0.7382063628399014,
         0.7155235414607374,
         0.7480216289440662,
         0.7392897702733094
      ],
      "test_score_dynamic_kdn_grouped": [
         0.6610231267394401,
         0.6285878118194561,
         0.7001338090990188,
         0.6722017855327961,
         0.7096436624163673,
         0.7328312407513261,
         0.74463560093208,
         0.7467866564215311,
         0.7124850339816466
      ],
      "test_score_dynamic_kdn_full_grouped": [
         0.5217777741387465,
         0.6098195942494127,
         0.6803552843240409,
         0.6750212531733075,
         0.6999494170186047,
         0.729972372882728,
         0.7392897702733094,
         0.7392897702733094,
         0.7330333266433393
      ]
   }
}