{
   "transfusion": {
      "info": {
         "complexity": {
            "global": [
               0.29665551839464877,
               0.3110702341137123,
               0.24436454849498332,
               0.25456521739130433,
               0.20006688963210703
            ],
            "class 0": [
               0.193421052631579,
               0.20160087719298247,
               0.13699561403508773,
               0.16598684210526315,
               0.11739035087719298
            ],
            "class 1": [
               0.628169014084507,
               0.6626056338028169,
               0.5891549295774647,
               0.5390140845070422,
               0.46556338028169025
            ]
         },
         "data": {
            "n": 598,
            "n0": 456,
            "n1": 142
         }
      }
   },
   "SVC": {
      "cv_score": [
         0.7792857142857142,
         0.02806110401353944
      ],
      "best_params": {
         "C": 1,
         "gamma": 1,
         "kernel": "rbf",
         "random_state": 1234
      },
      "test_score": 0.6923790372656707,
      "test_score_kdn": [
         0.6980558093767829,
         0.7012379518061583,
         0.7112315280315604,
         0.692520416825126,
         0.705352571770967,
         0.7392946588823269,
         0.7303696495604325,
         0.7240332211686744,
         0.6810331962183155
      ],
      "test_score_dynamic_kdn": [
         0.5728527148975094,
         0.6904192982318237,
         0.6923790372656707,
         0.6810331962183155,
         0.7196201382237128,
         0.7324929170216529,
         0.705352571770967,
         0.7215221375019941,
         0.705352571770967
      ],
      "test_score_dynamic_kdn_full": [
         0.6306059519051342,
         0.6217919490331654,
         0.6391356952107929,
         0.5933351256219482,
         0.7015399258706148,
         0.705352571770967,
         0.694999046494597,
         0.7144408534658624,
         0.7015399258706148
      ],
      "test_score_dynamic_kdn_grouped": [
         0.6710777520604401,
         0.5647686996792614,
         0.694999046494597,
         0.7015399258706148,
         0.7215221375019941,
         0.694999046494597,
         0.694999046494597,
         0.7015399258706148,
         0.694999046494597
      ],
      "test_score_dynamic_kdn_full_grouped": [
         0.47366062372452633,
         0.5824442908954512,
         0.5289979682362678,
         0.5635154368399405,
         0.6882715793324778,
         0.705352571770967,
         0.6923790372656707,
         0.7015399258706148,
         0.705352571770967
      ]
   },
   "KNeighborsClassifier": {
      "cv_score": [
         0.7758963585434173,
         0.018073761656683448
      ],
      "best_params": {
         "n_jobs": -1,
         "n_neighbors": 11
      },
      "test_score": 0.6923790372656707,
      "test_score_kdn": [
         0.6790466305725551,
         0.7012379518061583,
         0.620408923264288,
         0.6882715793324778,
         0.7259476121394728,
         0.7180050984835434,
         0.6923790372656707,
         0.6923790372656707,
         0.6923790372656707
      ],
      "test_score_dynamic_kdn": [
         0.692520416825126,
         0.7049828248883041,
         0.7144408534658624,
         0.6882715793324778,
         0.705352571770967,
         0.7180050984835434,
         0.7180050984835434,
         0.6923790372656707,
         0.6923790372656707
      ],
      "test_score_dynamic_kdn_full": [
         0.47839090519434446,
         0.6129564989449809,
         0.6391356952107929,
         0.5823048336236905,
         0.6675415633166781,
         0.6703172210654792,
         0.6836909080820464,
         0.7015399258706148,
         0.6923790372656707
      ],
      "test_score_dynamic_kdn_grouped": [
         0.6482554048652875,
         0.541828100498029,
         0.5372279080360933,
         0.6658551621023789,
         0.688484258731263,
         0.7012379518061583,
         0.6923790372656707,
         0.6882715793324778,
         0.6923790372656707
      ],
      "test_score_dynamic_kdn_full_grouped": [
         0.4505490088595553,
         0.609268344684531,
         0.4942799454926206,
         0.5613563352696975,
         0.6527777777777778,
         0.7180050984835434,
         0.7180050984835434,
         0.7015399258706148,
         0.6923790372656707
      ]
   },
   "RandomForestClassifier": {
      "cv_score": [
         0.7458403361344538,
         0.010794640186756028
      ],
      "best_params": {
         "max_features": "sqrt",
         "n_estimators": 100,
         "random_state": 1234
      },
      "test_score": 0.6521951943820252,
      "test_score_kdn": [
         0.6638041066204301,
         0.6710777520604401,
         0.6394609680845866,
         0.6393820239968884,
         0.6649973710013443,
         0.6912196031979292,
         0.6333954278180524,
         0.6717073987899772,
         0.6391356952107929
      ],
      "test_score_dynamic_kdn": [
         0.5768719414544708,
         0.6423516819343125,
         0.6527710241718155,
         0.645721977192776,
         0.6328468568884092,
         0.664794001456092,
         0.6527710241718155,
         0.6717073987899772,
         0.6588992882805079
      ],
      "test_score_dynamic_kdn_full": [
         0.5248538011695907,
         0.5903653867478723,
         0.5569074535845284,
         0.6131707855661214,
         0.6461521460877558,
         0.620408923264288,
         0.6326829899740734,
         0.6649973710013443,
         0.6391356952107929
      ],
      "test_score_dynamic_kdn_grouped": [
         0.6078780585982352,
         0.5932560929136383,
         0.6158965812431914,
         0.60551983508122,
         0.6275102907194197,
         0.6217919490331654,
         0.6131707855661214,
         0.6264465833842078,
         0.6458243454233477
      ],
      "test_score_dynamic_kdn_full_grouped": [
         0.36754676429349564,
         0.48788502443735055,
         0.525490637096729,
         0.48439023647363844,
         0.5431286549707602,
         0.620408923264288,
         0.6193721021410781,
         0.6521951943820252,
         0.6391356952107929
      ]
   }
}