{
   "w1a": {
      "info": {
         "complexity": {
            "global": [
               0.0419989904088844,
               0.03941443715295308,
               0.026219081272084808,
               0.00943462897526502,
               0.006188793538616861
            ],
            "class 0": [
               0.020384815392615704,
               0.023848153926157058,
               0.012199687987519501,
               0.005018200728029124,
               0.0023556942277691106
            ],
            "class 1": [
               0.7586206896551723,
               0.5555172413793104,
               0.49103448275862066,
               0.15586206896551721,
               0.13327586206896552
            ]
         },
         "data": {
            "n": 1981,
            "n0": 1923,
            "n1": 58
         }
      }
   },
   "SVC": {
      "cv_score": [
         0.9813194921507264,
         0.004691886613168617
      ],
      "best_params": {
         "C": 1,
         "gamma": 0.001,
         "kernel": "rbf",
         "random_state": 1234
      },
      "test_score": 0.8756337346087442,
      "test_score_kdn": [
         0.807625738059525,
         0.8342229451394296,
         0.8342229451394296,
         0.8510137233027083,
         0.8510137233027083,
         0.8510137233027083,
         0.8756337346087442,
         0.8756337346087442,
         0.8756337346087442
      ],
      "test_score_dynamic_kdn": [
         0.6318642005555996,
         0.7645312291512731,
         0.6866727945233404,
         0.8246437832545557,
         0.7960559281591844,
         0.7645312291512731,
         0.8756337346087442,
         0.7960559281591844,
         0.8756337346087442
      ],
      "test_score_dynamic_kdn_full": [
         0.6318642005555996,
         0.6866727945233404,
         0.7960559281591844,
         0.7645312291512731,
         0.7960559281591844,
         0.8246437832545557,
         0.8246437832545557,
         0.7645312291512731,
         0.8756337346087442
      ],
      "test_score_dynamic_kdn_grouped": [
         0.6318642005555996,
         0.6866727945233404,
         0.7288583030238105,
         0.6318642005555996,
         0.7645312291512731,
         0.7645312291512731,
         0.7645312291512731,
         0.7645312291512731,
         0.8510137233027083
      ],
      "test_score_dynamic_kdn_full_grouped": [
         0.6318642005555996,
         0.5,
         0.6318642005555996,
         0.7288583030238105,
         0.7789976701035901,
         0.7645312291512731,
         0.7645312291512731,
         0.8246437832545557,
         0.7645312291512731
      ]
   },
   "KNeighborsClassifier": {
      "cv_score": [
         0.9737513675800831,
         0.0025671684898957723
      ],
      "best_params": {
         "n_jobs": -1,
         "n_neighbors": 5
      },
      "test_score": 0.6964775519422319,
      "test_score_kdn": [
         0.6866727945233404,
         0.7645312291512731,
         0.7288583030238105,
         0.7288583030238105,
         0.6964775519422319,
         0.7288583030238105,
         0.7288583030238105,
         0.6964775519422319,
         0.6964775519422319
      ],
      "test_score_dynamic_kdn": [
         0.7645312291512731,
         0.6866727945233404,
         0.6318642005555996,
         0.6866727945233404,
         0.5,
         0.6318642005555996,
         0.6318642005555996,
         0.6964775519422319,
         0.6503564231484232
      ],
      "test_score_dynamic_kdn_full": [
         0.5044727986409268,
         0.7132860263428962,
         0.807625738059525,
         0.7351249155587879,
         0.5657639610656685,
         0.7351249155587879,
         0.5906253815735719,
         0.582639688553799,
         0.7351249155587879
      ],
      "test_score_dynamic_kdn_grouped": [
         0.6284238747331907,
         0.6964775519422319,
         0.6964775519422319,
         0.5906253815735719,
         0.4961699194859369,
         0.4961699194859369,
         0.6503564231484232,
         0.5119018065573041,
         0.6503564231484232
      ],
      "test_score_dynamic_kdn_full_grouped": [
         0.5,
         0.4961699194859369,
         0.4961699194859369,
         0.571854543273036,
         0.7351249155587879,
         0.5906253815735719,
         0.5906253815735719,
         0.6503564231484232,
         0.6503564231484232
      ]
   },
   "RandomForestClassifier": {
      "cv_score": [
         0.980815713813195,
         0.0034344447123889794
      ],
      "best_params": {
         "max_features": null,
         "n_estimators": 100,
         "random_state": 1234
      },
      "test_score": 0.8978367209177291,
      "test_score_kdn": [
         0.7794902193242442,
         0.7638816568082767,
         0.7515933059357384,
         0.8740305898894549,
         0.8897451096621221,
         0.8034958522613351,
         0.8670146255582836,
         0.8759175364605362,
         0.8529934795494962
      ],
      "test_score_dynamic_kdn": [
         0.7351647722914089,
         0.807625738059525,
         0.8342229451394296,
         0.8775287394939638,
         0.9051140927573016,
         0.8519608231562152,
         0.8897451096621221,
         0.8978367209177291,
         0.8897451096621221
      ],
      "test_score_dynamic_kdn_full": [
         0.7337481898464104,
         0.8342229451394296,
         0.7794902193242442,
         0.8289151583592653,
         0.7794902193242442,
         0.8978367209177291,
         0.8670146255582836,
         0.9114598731140676,
         0.9114598731140676
      ],
      "test_score_dynamic_kdn_grouped": [
         0.7427385892116183,
         0.8089361433683427,
         0.8289376239990163,
         0.8178307730401961,
         0.8162418494368702,
         0.8670146255582836,
         0.8759175364605362,
         0.9051140927573016,
         0.9114598731140676
      ],
      "test_score_dynamic_kdn_full_grouped": [
         0.6911394301615905,
         0.7610091119610138,
         0.7477179600866721,
         0.8034958522613351,
         0.807625738059525,
         0.8897451096621221,
         0.8289151583592653,
         0.9264967397747481,
         0.9114598731140676
      ]
   }
}