{
   "w2a": {
      "info": {
         "complexity": {
            "global": [
               0.03731988472622478,
               0.03571685878962537,
               0.0239949567723343,
               0.008382564841498562,
               0.005677233429394813
            ],
            "class 0": [
               0.018066914498141268,
               0.022646840148698895,
               0.01225278810408922,
               0.004375464684014873,
               0.0020594795539033463
            ],
            "class 1": [
               0.6395348837209303,
               0.4445348837209302,
               0.39127906976744187,
               0.13372093023255816,
               0.11883720930232557
            ]
         },
         "data": {
            "n": 2776,
            "n0": 2690,
            "n1": 86
         }
      }
   },
   "SVC": {
      "cv_score": [
         0.9816306954436451,
         0.005732400098091754
      ],
      "best_params": {
         "C": 10,
         "gamma": 0.001,
         "kernel": "rbf",
         "random_state": 1234
      },
      "test_score": 0.8787745797124019,
      "test_score_kdn": [
         0.8295778243878851,
         0.8295778243878851,
         0.850750106543915,
         0.8669133190969521,
         0.8762262451885011,
         0.8669133190969521,
         0.8787745797124019,
         0.8628614675155833,
         0.8669133190969521
      ],
      "test_score_dynamic_kdn": [
         0.8109326146922347,
         0.8339392373035912,
         0.8295778243878851,
         0.84631091359354,
         0.8917836977275754,
         0.8717933343738682,
         0.8669133190969521,
         0.8628614675155833,
         0.8669133190969521
      ],
      "test_score_dynamic_kdn_full": [
         0.5,
         0.8754622901098217,
         0.8910803626883022,
         0.8422471483506666,
         0.8669133190969521,
         0.850750106543915,
         0.8787745797124019,
         0.8628614675155833,
         0.9089601740379982
      ],
      "test_score_dynamic_kdn_grouped": [
         0.8163955819985791,
         0.7411255772219127,
         0.7411255772219127,
         0.8339392373035912,
         0.8244470711552663,
         0.850750106543915,
         0.8339392373035912,
         0.8339392373035912,
         0.8787745797124019
      ],
      "test_score_dynamic_kdn_full_grouped": [
         0.652170279981182,
         0.8050170070915992,
         0.7980149477703635,
         0.8600585577156559,
         0.7363692043883949,
         0.8762262451885011,
         0.8910803626883022,
         0.8628614675155833,
         0.8787745797124019
      ]
   },
   "KNeighborsClassifier": {
      "cv_score": [
         0.9755052174476635,
         0.004909706100383765
      ],
      "best_params": {
         "n_jobs": -1,
         "n_neighbors": 5
      },
      "test_score": 0.6913956661990279,
      "test_score_kdn": [
         0.715512933966141,
         0.6594468788562884,
         0.6913956661990279,
         0.67347178785424,
         0.6865045763463711,
         0.7411255772219127,
         0.6913956661990279,
         0.7189017579564446,
         0.6913956661990279
      ],
      "test_score_dynamic_kdn": [
         0.4952517446068279,
         0.573711012294005,
         0.573711012294005,
         0.6865045763463711,
         0.67347178785424,
         0.715512933966141,
         0.622396514937564,
         0.6865045763463711,
         0.715512933966141
      ],
      "test_score_dynamic_kdn_full": [
         0.5230498179155826,
         0.6280418177520353,
         0.6043940809405082,
         0.7015374585163356,
         0.7268669607779392,
         0.622396514937564,
         0.560184066406109,
         0.6599535074533246,
         0.5864340097162888
      ],
      "test_score_dynamic_kdn_grouped": [
         0.5330499343182908,
         0.5519278681081211,
         0.5316758874054063,
         0.5586535788710342,
         0.496644899742906,
         0.496644899742906,
         0.5674599717070743,
         0.6599535074533246,
         0.5759293386134722
      ],
      "test_score_dynamic_kdn_full_grouped": [
         0.5,
         0.652170279981182,
         0.573711012294005,
         0.6086645052374814,
         0.573711012294005,
         0.496644899742906,
         0.622396514937564,
         0.6599535074533246,
         0.6913956661990279
      ]
   },
   "RandomForestClassifier": {
      "cv_score": [
         0.9816293991833561,
         0.007924760825614755
      ],
      "best_params": {
         "max_features": "sqrt",
         "n_estimators": 300,
         "random_state": 1234
      },
      "test_score": 0.7864802504036181,
      "test_score_kdn": [
         0.8109326146922347,
         0.7786677769834413,
         0.7760947768796072,
         0.7669931427977172,
         0.7980149477703635,
         0.7786677769834413,
         0.7565649188086571,
         0.7581899832574895,
         0.7980149477703635
      ],
      "test_score_dynamic_kdn": [
         0.715512933966141,
         0.573711012294005,
         0.7500979652012445,
         0.7141381015658542,
         0.7363692043883949,
         0.7669931427977172,
         0.7760947768796072,
         0.7760947768796072,
         0.7947011602069413
      ],
      "test_score_dynamic_kdn_full": [
         0.7129234122242337,
         0.7268669607779392,
         0.7565649188086571,
         0.7669931427977172,
         0.7141381015658542,
         0.7464029392746477,
         0.7565649188086571,
         0.7581899832574895,
         0.8050170070915992
      ],
      "test_score_dynamic_kdn_grouped": [
         0.7129234122242337,
         0.7268669607779392,
         0.7500979652012445,
         0.7182503164556231,
         0.6874661422644534,
         0.7436280381763829,
         0.7129234122242337,
         0.7581899832574895,
         0.7669931427977172
      ],
      "test_score_dynamic_kdn_full_grouped": [
         0.6280418177520353,
         0.7245151386078564,
         0.7268669607779392,
         0.7872725181782554,
         0.7669931427977172,
         0.7471725466676151,
         0.7363692043883949,
         0.7141381015658542,
         0.7565649188086571
      ]
   }
}