{
   "w3a": {
      "info": {
         "complexity": {
            "global": [
               0.030083990837363198,
               0.033672690251972524,
               0.0220259608042759,
               0.00942733519979639,
               0.005688470348689234
            ],
            "class 0": [
               0.013577981651376147,
               0.022020969855832254,
               0.011572739187418088,
               0.005509829619921367,
               0.0020576671035386633
            ],
            "class 1": [
               0.5824561403508771,
               0.4235964912280701,
               0.371842105263158,
               0.1405263157894737,
               0.12719298245614036
            ]
         },
         "data": {
            "n": 3929,
            "n0": 3815,
            "n1": 114
         }
      }
   },
   "SVC": {
      "cv_score": [
         0.9844744817750117,
         0.0012457897154699513
      ],
      "best_params": {
         "C": 10,
         "gamma": 0.001,
         "kernel": "rbf",
         "random_state": 1234
      },
      "test_score": 0.8193345614479539,
      "test_score_kdn": [
         0.7939643299840131,
         0.8193345614479539,
         0.805680227361302,
         0.7640562984529742,
         0.805680227361302,
         0.8193345614479539,
         0.7914310444326487,
         0.8193345614479539,
         0.8193345614479539
      ],
      "test_score_dynamic_kdn": [
         0.6627937373353042,
         0.7441074732468702,
         0.7914310444326487,
         0.7263110969217448,
         0.7640562984529742,
         0.7640562984529742,
         0.7764989743515311,
         0.805680227361302,
         0.8324649812814516
      ],
      "test_score_dynamic_kdn_full": [
         0.6041717435032506,
         0.700859191179045,
         0.760772583662432,
         0.8079423522877046,
         0.7793658685298667,
         0.7428674449506267,
         0.7939643299840131,
         0.8193345614479539,
         0.7764989743515311
      ],
      "test_score_dynamic_kdn_grouped": [
         0.700859191179045,
         0.7263110969217448,
         0.7834197232939575,
         0.805680227361302,
         0.7640562984529742,
         0.8050762524282375,
         0.7907292799041253,
         0.8324649812814516,
         0.805680227361302
      ],
      "test_score_dynamic_kdn_full_grouped": [
         0.6294868562242159,
         0.7247364602079132,
         0.5915144025649361,
         0.6833090229083384,
         0.7685940985200724,
         0.7764989743515311,
         0.7441074732468702,
         0.805680227361302,
         0.8079423522877046
      ]
   },
   "KNeighborsClassifier": {
      "cv_score": [
         0.9786207678967926,
         0.001867043112309306
      ],
      "best_params": {
         "n_jobs": -1,
         "n_neighbors": 7
      },
      "test_score": 0.5915144025649361,
      "test_score_kdn": [
         0.5915144025649361,
         0.5915144025649361,
         0.5915144025649361,
         0.5915144025649361,
         0.5915144025649361,
         0.5,
         0.5915144025649361,
         0.5915144025649361,
         0.5915144025649361
      ],
      "test_score_dynamic_kdn": [
         0.5,
         0.5,
         0.5915144025649361,
         0.5,
         0.5,
         0.5915144025649361,
         0.5915144025649361,
         0.5915144025649361,
         0.5915144025649361
      ],
      "test_score_dynamic_kdn_full": [
         0.5888683680242207,
         0.5915144025649361,
         0.5627753364818656,
         0.5,
         0.5915144025649361,
         0.5915144025649361,
         0.6294868562242159,
         0.5915144025649361,
         0.5915144025649361
      ],
      "test_score_dynamic_kdn_grouped": [
         0.5641172964132907,
         0.5050653225252308,
         0.5,
         0.5,
         0.5,
         0.5,
         0.5,
         0.5,
         0.5
      ],
      "test_score_dynamic_kdn_full_grouped": [
         0.5,
         0.5,
         0.5915144025649361,
         0.5915144025649361,
         0.5915144025649361,
         0.5915144025649361,
         0.5915144025649361,
         0.5915144025649361,
         0.5915144025649361
      ]
   },
   "RandomForestClassifier": {
      "cv_score": [
         0.9834569942140321,
         0.002124651927235956
      ],
      "best_params": {
         "max_features": "sqrt",
         "n_estimators": 500,
         "random_state": 1234
      },
      "test_score": 0.760772583662432,
      "test_score_kdn": [
         0.7308158874207384,
         0.7263110969217448,
         0.7308158874207384,
         0.760772583662432,
         0.7793658685298667,
         0.7764989743515311,
         0.7764989743515311,
         0.760772583662432,
         0.7914310444326487
      ],
      "test_score_dynamic_kdn": [
         0.635617355828225,
         0.6861417815942901,
         0.635617355828225,
         0.7441074732468702,
         0.7247364602079132,
         0.7764989743515311,
         0.760772583662432,
         0.760772583662432,
         0.7764989743515311
      ],
      "test_score_dynamic_kdn_full": [
         0.6713673855356923,
         0.6089524243670438,
         0.6294868562242159,
         0.7263110969217448,
         0.7441074732468702,
         0.760772583662432,
         0.760772583662432,
         0.7914310444326487,
         0.7764989743515311
      ],
      "test_score_dynamic_kdn_grouped": [
         0.712546557003062,
         0.7263110969217448,
         0.7071174152431594,
         0.7071174152431594,
         0.7907292799041253,
         0.7764989743515311,
         0.7441074732468702,
         0.7756683894906784,
         0.7441074732468702
      ],
      "test_score_dynamic_kdn_full_grouped": [
         0.6360886954662796,
         0.6627937373353042,
         0.7050504692604703,
         0.6627937373353042,
         0.7640562984529742,
         0.7441074732468702,
         0.7756683894906784,
         0.7764989743515311,
         0.7764989743515311
      ]
   }
}