{
   "w4a": {
      "info": {
         "complexity": {
            "global": [
               0.0308214528173795,
               0.030751866938221326,
               0.02121860149355058,
               0.00830278343516633,
               0.005242701968771216
            ],
            "class 0": [
               0.017240776359503412,
               0.020879524392376298,
               0.012232907851022908,
               0.004705368071341147,
               0.002061549221891939
            ],
            "class 1": [
               0.4797687861271676,
               0.3571098265895953,
               0.31826589595375726,
               0.12722543352601154,
               0.11040462427745666
            ]
         },
         "data": {
            "n": 5892,
            "n0": 5719,
            "n1": 173
         }
      }
   },
   "SVC": {
      "cv_score": [
         0.9848946835610738,
         0.0014613464642993723
      ],
      "best_params": {
         "C": 10,
         "gamma": 0.001,
         "kernel": "rbf",
         "random_state": 1234
      },
      "test_score": 0.8806265985535799,
      "test_score_kdn": [
         0.800819895605522,
         0.800819895605522,
         0.8806265985535799,
         0.866579085940145,
         0.8729260308025164,
         0.8650796488442655,
         0.8729260308025164,
         0.8806265985535799,
         0.8729260308025164
      ],
      "test_score_dynamic_kdn": [
         0.8089400915652106,
         0.8439306910092824,
         0.8223675166689177,
         0.8466963546407656,
         0.8626497919800388,
         0.860527426058447,
         0.8743584974761283,
         0.8683731930144607,
         0.8743584974761283
      ],
      "test_score_dynamic_kdn_full": [
         0.8051751054668417,
         0.8042142541763614,
         0.8439306910092824,
         0.8760772170837459,
         0.8626497919800388,
         0.8726420484541877,
         0.880181897752373,
         0.8806265985535799,
         0.8806265985535799
      ],
      "test_score_dynamic_kdn_grouped": [
         0.664722861873019,
         0.7656513469646546,
         0.6993257887267395,
         0.8297540513392371,
         0.7924647821869768,
         0.8392350035978224,
         0.866579085940145,
         0.8806265985535799,
         0.8729260308025164
      ],
      "test_score_dynamic_kdn_full_grouped": [
         0.5967049411497565,
         0.8127408245568268,
         0.8073817487052761,
         0.8174530664540017,
         0.8275472722102357,
         0.860527426058447,
         0.8649735564583352,
         0.8729260308025164,
         0.8806265985535799
      ]
   },
   "KNeighborsClassifier": {
      "cv_score": [
         0.9801421595522088,
         0.0016674429972862981
      ],
      "best_params": {
         "n_jobs": -1,
         "n_neighbors": 3
      },
      "test_score": 0.8215383103543838,
      "test_score_kdn": [
         0.7493048234298626,
         0.7330412558381114,
         0.8052031403877218,
         0.7925107513611294,
         0.8158269376890948,
         0.8275472722102357,
         0.8215383103543838,
         0.8275472722102357,
         0.8275472722102357
      ],
      "test_score_dynamic_kdn": [
         0.594371158581139,
         0.7436930792318742,
         0.7730008344586881,
         0.7777366296210806,
         0.7822940102595355,
         0.8015521644107395,
         0.8127817000272921,
         0.8127817000272921,
         0.8215383103543838
      ],
      "test_score_dynamic_kdn_full": [
         0.6798915503808004,
         0.5358435012657448,
         0.7321269665062142,
         0.7946333185828435,
         0.8301017109674502,
         0.8275472722102357,
         0.7963415228729704,
         0.8275472722102357,
         0.8215383103543838
      ],
      "test_score_dynamic_kdn_grouped": [
         0.6354598502876044,
         0.6188309174836268,
         0.599616219471542,
         0.5630248005953659,
         0.6982973164168345,
         0.7685984728955164,
         0.6129575478355211,
         0.7980161278443487,
         0.8127817000272921
      ],
      "test_score_dynamic_kdn_full_grouped": [
         0.5366290821186335,
         0.7321269665062142,
         0.7938719901502114,
         0.6858498459587262,
         0.787277391132384,
         0.6582915865675533,
         0.8275472722102357,
         0.819034211805403,
         0.8275472722102357
      ]
   },
   "RandomForestClassifier": {
      "cv_score": [
         0.9831974667029554,
         0.0024842175745835916
      ],
      "best_params": {
         "max_features": "log2",
         "n_estimators": 100,
         "random_state": 1234
      },
      "test_score": 0.8632608075748992,
      "test_score_kdn": [
         0.8208666671898296,
         0.8467627461523397,
         0.8296103931436036,
         0.8297540513392371,
         0.8551616310440955,
         0.8551616310440955,
         0.8631497965721207,
         0.8631497965721207,
         0.8710882584903685
      ],
      "test_score_dynamic_kdn": [
         0.6504620316593156,
         0.761319928168427,
         0.8467627461523397,
         0.8631497965721207,
         0.8233083761515493,
         0.8476505795825549,
         0.8631497965721207,
         0.8710882584903685,
         0.8710882584903685
      ],
      "test_score_dynamic_kdn_full": [
         0.7438024949396702,
         0.5855350417729323,
         0.8382893986212674,
         0.8788710355672436,
         0.8788710355672436,
         0.8551616310440955,
         0.8710882584903685,
         0.8468862289803696,
         0.8467627461523397
      ],
      "test_score_dynamic_kdn_grouped": [
         0.6743286931490708,
         0.7164578766752682,
         0.726688827023358,
         0.7505250658241145,
         0.7924647821869768,
         0.7924647821869768,
         0.8382893986212674,
         0.8551616310440955,
         0.8788710355672436
      ],
      "test_score_dynamic_kdn_full_grouped": [
         0.7164578766752682,
         0.7032683930826256,
         0.6856407630686736,
         0.8382893986212674,
         0.7383883650286106,
         0.8550451836772769,
         0.8710882584903685,
         0.8468862289803696,
         0.8468862289803696
      ]
   }
}