{
   "w5a": {
      "info": {
         "complexity": {
            "global": [
               0.027003792667509484,
               0.02704804045512011,
               0.018348925410872314,
               0.007619469026548676,
               0.004987357774968395
            ],
            "class 0": [
               0.014964216005204945,
               0.018425504229017575,
               0.010655823031880288,
               0.004119713728041642,
               0.001760572543916721
            ],
            "class 1": [
               0.4382222222222222,
               0.32155555555555554,
               0.2811111111111111,
               0.12715555555555555,
               0.1152
            ]
         },
         "data": {
            "n": 7910,
            "n0": 7685,
            "n1": 225
         }
      }
   },
   "SVC": {
      "cv_score": [
         0.9860935524652339,
         0.0026215475794346163
      ],
      "best_params": {
         "C": 10,
         "gamma": 0.001,
         "kernel": "rbf",
         "random_state": 1234
      },
      "test_score": 0.8496540947116047,
      "test_score_kdn": [
         0.8342110199767965,
         0.8512868020990968,
         0.8512868020990968,
         0.8558655468869807,
         0.8544479600107551,
         0.8558655468869807,
         0.853217483945919,
         0.8558655468869807,
         0.8619839708679867
      ],
      "test_score_dynamic_kdn": [
         0.7005328925888785,
         0.8304151280958855,
         0.8178167785379551,
         0.8178167785379551,
         0.8342110199767965,
         0.8450382834318886,
         0.8450382834318886,
         0.8512868020990968,
         0.8558655468869807
      ],
      "test_score_dynamic_kdn_full": [
         0.62284926202171,
         0.8217038776063386,
         0.848182845144323,
         0.8606164627467854,
         0.8342110199767965,
         0.8549424857096384,
         0.848182845144323,
         0.8606164627467854,
         0.8606164627467854
      ],
      "test_score_dynamic_kdn_grouped": [
         0.62284926202171,
         0.6013604187002612,
         0.696465322690227,
         0.7495575667408898,
         0.853217483945919,
         0.8458517227365792,
         0.853217483945919,
         0.853217483945919,
         0.8594317943749428
      ],
      "test_score_dynamic_kdn_full_grouped": [
         0.5658793564164818,
         0.7938311328052322,
         0.8277293586412432,
         0.838691726676424,
         0.8405896333302069,
         0.8321547097884654,
         0.8369338959137032,
         0.8558655468869807,
         0.8496540947116047
      ]
   },
   "KNeighborsClassifier": {
      "cv_score": [
         0.9840707964601771,
         0.001933888563941609
      ],
      "best_params": {
         "n_jobs": -1,
         "n_neighbors": 5
      },
      "test_score": 0.8339527679676904,
      "test_score_kdn": [
         0.8065903210240242,
         0.8136316054650052,
         0.8261017211603052,
         0.8273051635902147,
         0.8328043640748766,
         0.8393855041929434,
         0.8339527679676904,
         0.8287576851050225,
         0.8339527679676904
      ],
      "test_score_dynamic_kdn": [
         0.597571910245087,
         0.5750006612072265,
         0.7384899916363028,
         0.7655801390935535,
         0.8205338780895629,
         0.8065903210240242,
         0.8393855041929434,
         0.8404833640176723,
         0.8339527679676904
      ],
      "test_score_dynamic_kdn_full": [
         0.4972847560550749,
         0.6454221867513563,
         0.7134797013365172,
         0.8082633921042492,
         0.7768432262961095,
         0.7685501971383437,
         0.812302355696495,
         0.8170320061923726,
         0.8339527679676904
      ],
      "test_score_dynamic_kdn_grouped": [
         0.5719073838534937,
         0.5109671914227771,
         0.5369149791299864,
         0.5906134828323386,
         0.668218398688797,
         0.7815915973480813,
         0.8065903210240242,
         0.6144403357851734,
         0.6235556308871874
      ],
      "test_score_dynamic_kdn_full_grouped": [
         0.49667367711646937,
         0.5719073838534937,
         0.6895973015809759,
         0.6985577938602466,
         0.7727334124048699,
         0.7525273007735402,
         0.7750699561801353,
         0.7994011807337185,
         0.8205338780895629
      ]
   },
   "RandomForestClassifier": {
      "cv_score": [
         0.986346396965866,
         0.0021379942509845502
      ],
      "best_params": {
         "max_features": "sqrt",
         "n_estimators": 100,
         "random_state": 1234
      },
      "test_score": 0.8646186618709357,
      "test_score_kdn": [
         0.8304151280958855,
         0.8304151280958855,
         0.8544479600107551,
         0.8594317943749428,
         0.8469030643309718,
         0.8433451496205282,
         0.8544479600107551,
         0.8544479600107551,
         0.8496540947116047
      ],
      "test_score_dynamic_kdn": [
         0.6857862969256734,
         0.8051889481537055,
         0.8220538131988016,
         0.8205338780895629,
         0.8152248229874857,
         0.8433451496205282,
         0.853217483945919,
         0.8594317943749428,
         0.8706807436055627
      ],
      "test_score_dynamic_kdn_full": [
         0.6736699326221376,
         0.7290842326042303,
         0.8177190239051803,
         0.8287576851050225,
         0.8053063272797227,
         0.8152248229874857,
         0.8322423392303011,
         0.838691726676424,
         0.8544479600107551
      ],
      "test_score_dynamic_kdn_grouped": [
         0.6873157919860562,
         0.7033541951625499,
         0.7525273007735402,
         0.7904860560737194,
         0.7828737362861375,
         0.8101548584299127,
         0.8418163060209023,
         0.8639347218429719,
         0.8544479600107551
      ],
      "test_score_dynamic_kdn_full_grouped": [
         0.706691092549715,
         0.7768432262961095,
         0.7744579941232465,
         0.8385718368556052,
         0.848182845144323,
         0.8136316054650052,
         0.8606164627467854,
         0.8594317943749428,
         0.8594317943749428
      ]
   }
}