{
   "w6a": {
      "info": {
         "complexity": {
            "global": [
               0.025250909090909095,
               0.026939636363636374,
               0.01760072727272727,
               0.00941527272727273,
               0.00551709090909091
            ],
            "class 0": [
               0.015273818454613656,
               0.018291072768192057,
               0.009798199549887471,
               0.005313578394598653,
               0.002123780945236309
            ],
            "class 1": [
               0.34190476190476193,
               0.30142857142857143,
               0.2652380952380953,
               0.13959523809523808,
               0.11321428571428573
            ]
         },
         "data": {
            "n": 13750,
            "n0": 13330,
            "n1": 420
         }
      }
   },
   "SVC": {
      "cv_score": [
         0.9863999999999999,
         0.0017605408635505651
      ],
      "best_params": {
         "C": 10,
         "gamma": 0.001,
         "kernel": "rbf",
         "random_state": 1234
      },
      "test_score": 0.8683314636351963,
      "test_score_kdn": [
         0.8603123668053541,
         0.8651406863541085,
         0.8675322394451197,
         0.8604857243759458,
         0.8627922812126734,
         0.8707131262161703,
         0.8683314636351963,
         0.8659922575742296,
         0.8683314636351963
      ],
      "test_score_dynamic_kdn": [
         0.8496418503404004,
         0.85868658520029,
         0.8507132659703524,
         0.848815277222758,
         0.8691687184562742,
         0.8659922575742296,
         0.8651406863541085,
         0.8636942444481106,
         0.8651406863541085
      ],
      "test_score_dynamic_kdn_full": [
         0.8317023664937774,
         0.8408904947169367,
         0.8402919114479466,
         0.8563195904619414,
         0.8651406863541085,
         0.8483928870526005,
         0.8659922575742296,
         0.8683314636351963,
         0.8683314636351963
      ],
      "test_score_dynamic_kdn_grouped": [
         0.6705001660695689,
         0.7487656329574374,
         0.8545638220140559,
         0.8610981670204298,
         0.8643274413246678,
         0.8675322394451197,
         0.8699682974490455,
         0.8707131262161703,
         0.8683314636351963
      ],
      "test_score_dynamic_kdn_full_grouped": [
         0.8281316201396194,
         0.8174280212360555,
         0.8317060471817376,
         0.837318187640162,
         0.8563195904619414,
         0.8651406863541085,
         0.8572530987901505,
         0.8683314636351963,
         0.8707131262161703
      ]
   },
   "KNeighborsClassifier": {
      "cv_score": [
         0.9850181818181818,
         0.0015151030295272538
      ],
      "best_params": {
         "n_jobs": -1,
         "n_neighbors": 7
      },
      "test_score": 0.8440700006388393,
      "test_score_kdn": [
         0.7201034128758371,
         0.7757619295952727,
         0.7915308731104354,
         0.816353876304656,
         0.842100257450384,
         0.8234663613451603,
         0.846419941945226,
         0.8454716285585688,
         0.8497460560993695
      ],
      "test_score_dynamic_kdn": [
         0.5808600868501707,
         0.727953336643392,
         0.7878809859385474,
         0.7878809859385474,
         0.831812558554899,
         0.8343074026621239,
         0.8504261758060195,
         0.8407079978065668,
         0.8440700006388393
      ],
      "test_score_dynamic_kdn_full": [
         0.638058682234274,
         0.7388314094043217,
         0.7690152032050385,
         0.7941463460177749,
         0.8035232869234468,
         0.845528245702337,
         0.8199263640312313,
         0.8407079978065668,
         0.8440700006388393
      ],
      "test_score_dynamic_kdn_grouped": [
         0.6042246433076455,
         0.5686142693707187,
         0.5540901042098151,
         0.7520117194314708,
         0.774113850315373,
         0.8071622238692477,
         0.7991899146533746,
         0.8212479397529928,
         0.6684123459929094
      ],
      "test_score_dynamic_kdn_full_grouped": [
         0.5537111634184171,
         0.6480100574306178,
         0.5944418761323407,
         0.7409833099750855,
         0.8014760578421851,
         0.651910874937812,
         0.8212479397529928,
         0.6609074963642225,
         0.677542095059079
      ]
   },
   "RandomForestClassifier": {
      "cv_score": [
         0.9877818181818181,
         0.0012299297836572904
      ],
      "best_params": {
         "max_features": "sqrt",
         "n_estimators": 300,
         "random_state": 1234
      },
      "test_score": 0.8868908658221788,
      "test_score_kdn": [
         0.8389799160696108,
         0.851598322189673,
         0.8680147591369843,
         0.8806916067771811,
         0.877558001179248,
         0.8781263334020204,
         0.8828681026174613,
         0.8838023888625506,
         0.8868908658221788
      ],
      "test_score_dynamic_kdn": [
         0.7552163844197777,
         0.8360037648785292,
         0.8326739561176921,
         0.8712201468554392,
         0.8859727962890969,
         0.883306545970546,
         0.8838023888625506,
         0.8894784443230808,
         0.8868908658221788
      ],
      "test_score_dynamic_kdn_full": [
         0.7757619295952727,
         0.8377556558167327,
         0.8621518980266627,
         0.837318187640162,
         0.8610981670204298,
         0.8781263334020204,
         0.8825118571690804,
         0.8756091535734232,
         0.8806916067771811
      ],
      "test_score_dynamic_kdn_grouped": [
         0.7688511952758172,
         0.7952552638992592,
         0.8173392710868055,
         0.8482323662584232,
         0.8653961689744281,
         0.8588817095921799,
         0.8797404813576275,
         0.878744888428298,
         0.8874304458023559
      ],
      "test_score_dynamic_kdn_full_grouped": [
         0.7413401824757875,
         0.7941832766432886,
         0.8448371278142802,
         0.8675322394451197,
         0.8545638220140559,
         0.8744010340803746,
         0.8707131262161703,
         0.8838023888625506,
         0.8812500096978011
      ]
   }
}