{
   "w7a": {
      "info": {
         "complexity": {
            "global": [
               0.0243709816230446,
               0.025469548929276574,
               0.01623955854806865,
               0.009304409456791377,
               0.005345517136637474
            ],
            "class 0": [
               0.015176660925838944,
               0.01724283701268202,
               0.008980742132456553,
               0.005200146130160226,
               0.0019497938520954025
            ],
            "class 1": [
               0.3219594594594595,
               0.2917398648648648,
               0.25118243243243243,
               0.14214527027027027,
               0.11525337837837839
            ]
         },
         "data": {
            "n": 19753,
            "n0": 19161,
            "n1": 592
         }
      }
   },
   "SVC": {
      "cv_score": [
         0.9877486423882434,
         0.0009822768511875304
      ],
      "best_params": {
         "C": 10,
         "gamma": 0.001,
         "kernel": "rbf",
         "random_state": 1234
      },
      "test_score": 0.8774730668301624,
      "test_score_kdn": [
         0.7981466987210011,
         0.8736185675006121,
         0.8671814707605885,
         0.8713566676260103,
         0.8774730668301624,
         0.8822222168415919,
         0.8797070613568538,
         0.8732776852368058,
         0.8774730668301624
      ],
      "test_score_dynamic_kdn": [
         0.7901311406349096,
         0.8415070996845749,
         0.8562266023383126,
         0.8675967943585975,
         0.8736185675006121,
         0.8707724262437847,
         0.8713566676260103,
         0.8803315837645243,
         0.8758682162728615
      ],
      "test_score_dynamic_kdn_full": [
         0.8505632655432127,
         0.844737321385957,
         0.8362207861309814,
         0.8639421575843632,
         0.8844289403095646,
         0.8781058211516708,
         0.8721368706744437,
         0.874388526267265,
         0.8797070613568538
      ],
      "test_score_dynamic_kdn_grouped": [
         0.8154630551085141,
         0.8267196696617827,
         0.8004892069895768,
         0.8496586895494316,
         0.8551616553895236,
         0.8794428684395403,
         0.8797070613568538,
         0.8774730668301624,
         0.8774730668301624
      ],
      "test_score_dynamic_kdn_full_grouped": [
         0.8006457981977014,
         0.8273399728739599,
         0.8526121754328653,
         0.8621527651241299,
         0.8781058211516708,
         0.8499170039809946,
         0.875531864491432,
         0.8774730668301624,
         0.8758682162728615
      ]
   },
   "KNeighborsClassifier": {
      "cv_score": [
         0.9852173171989786,
         0.0011176780178807717
      ],
      "best_params": {
         "n_jobs": -1,
         "n_neighbors": 9
      },
      "test_score": 0.8522677145481031,
      "test_score_kdn": [
         0.7333864624822594,
         0.7585748156968812,
         0.7410068263336151,
         0.8068309007328804,
         0.8129039115101053,
         0.8187377245231713,
         0.8296309589168375,
         0.834395936982755,
         0.8455194602665409
      ],
      "test_score_dynamic_kdn": [
         0.6757443710077511,
         0.7534203051962204,
         0.7902614712055331,
         0.7829693009570873,
         0.8067260637964225,
         0.8354109601498096,
         0.8481053956766668,
         0.8539955910287063,
         0.8522677145481031
      ],
      "test_score_dynamic_kdn_full": [
         0.6166988262893327,
         0.6789263652798435,
         0.7323779750773749,
         0.796300152953688,
         0.8303473521115867,
         0.8203180331179271,
         0.8306019275801801,
         0.8161702832250561,
         0.8384595216357902
      ],
      "test_score_dynamic_kdn_grouped": [
         0.5602644748243193,
         0.7029269669227676,
         0.5957561190305951,
         0.7456554689788699,
         0.7576736380172311,
         0.807397090366873,
         0.6559979437713146,
         0.6723801796389738,
         0.8417598298855711
      ],
      "test_score_dynamic_kdn_full_grouped": [
         0.6577170465319383,
         0.5688832232865406,
         0.6035381072805025,
         0.601356931912293,
         0.8261927731008052,
         0.8279403265639432,
         0.6688037608216808,
         0.8271284877098842,
         0.8465214334030983
      ]
   },
   "RandomForestClassifier": {
      "cv_score": [
         0.9875967308388518,
         0.0015776078503063565
      ],
      "best_params": {
         "max_features": "sqrt",
         "n_estimators": 500,
         "random_state": 1234
      },
      "test_score": 0.8923727187023989,
      "test_score_kdn": [
         0.8292951754230234,
         0.8653079494184719,
         0.8555764888575346,
         0.8784671133149767,
         0.8869397548042424,
         0.8869397548042424,
         0.8876536027472335,
         0.8919864456674065,
         0.8858711239633936
      ],
      "test_score_dynamic_kdn": [
         0.8342955404026434,
         0.8403115210321976,
         0.873024720793734,
         0.8841115916204982,
         0.8858711239633936,
         0.8792712045068709,
         0.8884682804994107,
         0.8862953365061703,
         0.881916875059931
      ],
      "test_score_dynamic_kdn_full": [
         0.7871662828581109,
         0.8416740290447889,
         0.8499317739715773,
         0.8583635152481381,
         0.8679282870182052,
         0.8814823937790137,
         0.8836823072182236,
         0.8850962251880536,
         0.8889101361528814
      ],
      "test_score_dynamic_kdn_grouped": [
         0.7720112497990674,
         0.8337837465755716,
         0.810607955366137,
         0.8662313521718414,
         0.8725681192161172,
         0.8797110116892137,
         0.8937796217703191,
         0.8898253728668564,
         0.8916248982762434
      ],
      "test_score_dynamic_kdn_full_grouped": [
         0.7526145054292599,
         0.7987808749825036,
         0.8557474444942826,
         0.8557474444942826,
         0.8662313521718414,
         0.8666912113648458,
         0.8836823072182236,
         0.8867423282041128,
         0.8823745114779054
      ]
   }
}