{
   "w8a": {
      "info": {
         "complexity": {
            "global": [
               0.022638759767833364,
               0.02405688585140331,
               0.015296615492851582,
               0.010622879971858594,
               0.006215482801075404
            ],
            "class 0": [
               0.014175471307230163,
               0.016167909674746222,
               0.00835171949451005,
               0.0058361818935156445,
               0.002343070229956495
            ],
            "class 1": [
               0.2989010989010989,
               0.28157227387996614,
               0.24199492814877427,
               0.16687235841081993,
               0.1326204564666103
            ]
         },
         "data": {
            "n": 39799,
            "n0": 38616,
            "n1": 1183
         }
      }
   },
   "SVC": {
      "cv_score": [
         0.988492165564599,
         0.0011855154317315772
      ],
      "best_params": {
         "C": 10,
         "gamma": 0.001,
         "kernel": "rbf",
         "random_state": 1234
      },
      "test_score": 0.9074252363725954,
      "test_score_kdn": [
         0.8826058056840593,
         0.9027630319912707,
         0.9064805519270637,
         0.9077535951209696,
         0.9047355472414709,
         0.9084701141139807,
         0.9084701141139807,
         0.9103744378899049,
         0.9084701141139807
      ],
      "test_score_dynamic_kdn": [
         0.8759377268479198,
         0.8905640544317275,
         0.8856894798800978,
         0.8982546796126857,
         0.8956157683459323,
         0.9068325541920379,
         0.9065906648761585,
         0.9033254972839613,
         0.9064805519270637
      ],
      "test_score_dynamic_kdn_full": [
         0.8703917877490237,
         0.8812963341382518,
         0.8964830456754341,
         0.904868394468433,
         0.9010962167538654,
         0.9018486238833721,
         0.9082900486590229,
         0.9039573681355477,
         0.9064805519270637
      ],
      "test_score_dynamic_kdn_grouped": [
         0.8313100278108851,
         0.8713791690520865,
         0.8847824555673109,
         0.9030361609863871,
         0.9082900486590229,
         0.9093334508691548,
         0.9094191320898273,
         0.9074252363725954,
         0.9074252363725954
      ],
      "test_score_dynamic_kdn_full_grouped": [
         0.849602260572868,
         0.8594021463239601,
         0.8909279404900697,
         0.897753159738774,
         0.895175052189696,
         0.9010962167538654,
         0.9047355472414709,
         0.904868394468433,
         0.9064805519270637
      ]
   },
   "KNeighborsClassifier": {
      "cv_score": [
         0.9843714583723997,
         0.0007770345335271068
      ],
      "best_params": {
         "n_jobs": -1,
         "n_neighbors": 11
      },
      "test_score": 0.8855660569889883,
      "test_score_kdn": [
         0.8014813051238787,
         0.8205089920747448,
         0.8748949542295033,
         0.8830761834344629,
         0.8789750872122939,
         0.8769982997341781,
         0.8816782731409447,
         0.8887579229717715,
         0.8786463430218383
      ],
      "test_score_dynamic_kdn": [
         0.6621292805281581,
         0.7741610899320435,
         0.8388354375718847,
         0.8544592502015678,
         0.8617290054732643,
         0.8721499775494981,
         0.878093278941027,
         0.8793450493820227,
         0.8793979653646992
      ],
      "test_score_dynamic_kdn_full": [
         0.6393618804335601,
         0.7925084900946775,
         0.8374648258673296,
         0.8669710265678394,
         0.8693939306906107,
         0.8523583670442385,
         0.8687304559560569,
         0.8757895629818016,
         0.8783099702740289
      ],
      "test_score_dynamic_kdn_grouped": [
         0.5459282689773282,
         0.5704440802090471,
         0.7818082552502608,
         0.7979368595822516,
         0.8406504611255612,
         0.6752848399103348,
         0.8639902778864983,
         0.8779768916717827,
         0.8775049208143338
      ],
      "test_score_dynamic_kdn_full_grouped": [
         0.5835406468411048,
         0.5996688495861943,
         0.814123300863014,
         0.8510806530447939,
         0.8595717391590278,
         0.8603555461720881,
         0.694464214181155,
         0.8804371851387056,
         0.8820227070275718
      ]
   },
   "RandomForestClassifier": {
      "cv_score": [
         0.9889192980861085,
         0.0012649979590482567
      ],
      "best_params": {
         "max_features": "sqrt",
         "n_estimators": 500,
         "random_state": 1234
      },
      "test_score": 0.9099639809254865,
      "test_score_kdn": [
         0.8694297214979246,
         0.8858662751796629,
         0.8972842830836917,
         0.9034093335247237,
         0.9066760717679466,
         0.9068462784738869,
         0.912583475708004,
         0.9089270891454653,
         0.9101372324670146
      ],
      "test_score_dynamic_kdn": [
         0.8198438525890119,
         0.8832989853333163,
         0.8853016365283808,
         0.9049338793958479,
         0.9065118122661957,
         0.9072039431361905,
         0.9099639809254865,
         0.9044178967636312,
         0.90963478808168
      ],
      "test_score_dynamic_kdn_full": [
         0.8361011680366819,
         0.8799625488965199,
         0.8900386814081768,
         0.8985577189954411,
         0.9019698628643336,
         0.8998593016643479,
         0.9073911171511031,
         0.9038860941686702,
         0.9070222836523304
      ],
      "test_score_dynamic_kdn_grouped": [
         0.7556299318126876,
         0.8448597053726561,
         0.8595536456612143,
         0.8755325003013918,
         0.9003705288907674,
         0.9094791409119187,
         0.9065118122661957,
         0.9056312052128904,
         0.9111709074540646
      ],
      "test_score_dynamic_kdn_full_grouped": [
         0.7530349189053385,
         0.8314251438277019,
         0.8779858143584915,
         0.8885562437339771,
         0.8960113659653195,
         0.9021620889824274,
         0.9070222836523304,
         0.9089270891454653,
         0.9097964512016132
      ]
   }
}