{
   "appendicitis": {
      "info": {
         "complexity": {
            "global": [
               0.22702380952380952
            ],
            "class 0": [
               0.16029850746268656
            ],
            "class 1": [
               0.4899999999999999
            ]
         },
         "data": {
            "n": 84,
            "n0": 67,
            "n1": 17
         }
      }
   },
   "SVC": {
      "test_score": 0.7940032457248254,
      "best_score": 0.8259029575075462,
      "best_params": {
         "C": 100,
         "gamma": 0.01,
         "kernel": "rbf",
         "random_state": 1234
      },
      "sample_proportion": 0.82,
      "threshold": 0.25,
      "p": 1,
      "highest class adjustment": true,
      "sample_params": [
         null,
         null,
         null,
         {
            "C": 10,
            "gamma": 0.001,
            "kernel": "rbf",
            "random_state": 1234
         },
         {
            "C": 100,
            "gamma": 0.01,
            "kernel": "rbf",
            "random_state": 1234
         },
         {
            "C": 1000,
            "gamma": 0.001,
            "kernel": "rbf",
            "random_state": 1234
         },
         null,
         null,
         {
            "C": 1000,
            "gamma": 0.001,
            "kernel": "rbf",
            "random_state": 1234
         },
         null,
         null,
         null,
         null,
         null,
         {
            "C": 1000,
            "gamma": 0.01,
            "kernel": "rbf",
            "random_state": 1234
         },
         {
            "C": 1000,
            "gamma": 0.01,
            "kernel": "rbf",
            "random_state": 1234
         },
         null,
         {
            "C": 1000,
            "gamma": 0.001,
            "kernel": "rbf",
            "random_state": 1234
         },
         null
      ],
      "sample scores": [
         0.0,
         0.0,
         0.0,
         0.7915952899718907,
         0.8259029575075462,
         0.8136820012411841,
         0.0,
         0.0,
         0.8004858989073321,
         0.0,
         0.0,
         0.0,
         0.0,
         0.0,
         0.8116418844415724,
         0.8116418844415724,
         0.0,
         0.8228223107211777,
         0.0
      ]
   },
   "KNeighborsClassifier": {
      "test_score": 0.9214636152117623,
      "best_score": 0.7915952899718907,
      "best_params": {
         "n_jobs": -1,
         "n_neighbors": 11
      },
      "sample_proportion": 0.82,
      "threshold": 0.25,
      "p": 1,
      "highest class adjustment": true,
      "sample_params": [
         null,
         null,
         {
            "n_jobs": -1,
            "n_neighbors": 11
         },
         {
            "n_jobs": -1,
            "n_neighbors": 11
         },
         {
            "n_jobs": -1,
            "n_neighbors": 11
         },
         {
            "n_jobs": -1,
            "n_neighbors": 11
         },
         null,
         null,
         null,
         null,
         null,
         {
            "n_jobs": -1,
            "n_neighbors": 9
         },
         null,
         null,
         null,
         {
            "n_jobs": -1,
            "n_neighbors": 9
         },
         null,
         {
            "n_jobs": -1,
            "n_neighbors": 7
         },
         null
      ],
      "sample scores": [
         0.0,
         0.0,
         0.7395901250681479,
         0.7911157198158777,
         0.7915952899718907,
         0.7852651831686751,
         0.0,
         0.0,
         0.0,
         0.0,
         0.0,
         0.7794489680049903,
         0.0,
         0.0,
         0.0,
         0.7794489680049903,
         0.0,
         0.7794489680049903,
         0.0
      ]
   },
   "RandomForestClassifier": {
      "test_score": 0.9214636152117623,
      "best_score": 0.8116418844415724,
      "best_params": {
         "max_features": "sqrt",
         "n_estimators": 100,
         "n_jobs": -1,
         "random_state": 1234
      },
      "sample_proportion": 0.99,
      "threshold": 0.85,
      "p": 1,
      "highest class adjustment": true,
      "sample_params": [
         null,
         null,
         {
            "max_features": "sqrt",
            "n_estimators": 300,
            "n_jobs": -1,
            "random_state": 1234
         },
         null,
         null,
         {
            "max_features": null,
            "n_estimators": 100,
            "n_jobs": -1,
            "random_state": 1234
         },
         null,
         null,
         null,
         null,
         null,
         null,
         null,
         null,
         {
            "max_features": null,
            "n_estimators": 100,
            "n_jobs": -1,
            "random_state": 1234
         },
         {
            "max_features": null,
            "n_estimators": 100,
            "n_jobs": -1,
            "random_state": 1234
         },
         {
            "max_features": "sqrt",
            "n_estimators": 100,
            "n_jobs": -1,
            "random_state": 1234
         },
         {
            "max_features": "sqrt",
            "n_estimators": 100,
            "n_jobs": -1,
            "random_state": 1234
         },
         {
            "max_features": "sqrt",
            "n_estimators": 100,
            "n_jobs": -1,
            "random_state": 1234
         }
      ],
      "sample scores": [
         0.0,
         0.0,
         0.7271420461169384,
         0.0,
         0.0,
         0.7828078329990523,
         0.0,
         0.0,
         0.0,
         0.0,
         0.0,
         0.0,
         0.0,
         0.0,
         0.7867801119840235,
         0.7867801119840235,
         0.8116418844415724,
         0.8116418844415724,
         0.8116418844415724
      ]
   },
   "GradientBoostingClassifier": {
      "test_score": 0.8472222222222222,
      "best_score": 0.8370589430417864,
      "best_params": {
         "learning_rate": 0.1,
         "max_depth": 7,
         "max_features": "sqrt",
         "n_estimators": 100,
         "random_state": 1234
      },
      "sample_proportion": 0.99,
      "threshold": 0.85,
      "p": 1,
      "highest class adjustment": true,
      "sample_params": [
         null,
         {
            "learning_rate": 0.1,
            "max_depth": 3,
            "max_features": "sqrt",
            "n_estimators": 300,
            "random_state": 1234
         },
         null,
         null,
         null,
         null,
         null,
         null,
         {
            "learning_rate": 0.3,
            "max_depth": 5,
            "max_features": "sqrt",
            "n_estimators": 100,
            "random_state": 1234
         },
         null,
         null,
         null,
         null,
         null,
         {
            "learning_rate": 0.1,
            "max_depth": 3,
            "max_features": "sqrt",
            "n_estimators": 100,
            "random_state": 1234
         },
         {
            "learning_rate": 0.1,
            "max_depth": 3,
            "max_features": "sqrt",
            "n_estimators": 100,
            "random_state": 1234
         },
         {
            "learning_rate": 0.1,
            "max_depth": 7,
            "max_features": "sqrt",
            "n_estimators": 100,
            "random_state": 1234
         },
         {
            "learning_rate": 0.1,
            "max_depth": 7,
            "max_features": "sqrt",
            "n_estimators": 100,
            "random_state": 1234
         },
         {
            "learning_rate": 0.1,
            "max_depth": 7,
            "max_features": "sqrt",
            "n_estimators": 100,
            "random_state": 1234
         }
      ],