{
   "backache": {
      "info": {
         "complexity": {
            "global": [
               0.21458333333333332
            ],
            "class 0": [
               0.12064516129032256
            ],
            "class 1": [
               0.7969999999999999
            ]
         },
         "data": {
            "n": 144,
            "n0": 124,
            "n1": 20
         }
      }
   },
   "SVC": {
      "test_score": 0.535483870967742,
      "best_score": 0.6490499807691957,
      "best_params": {
         "C": 100,
         "gamma": 0.001,
         "kernel": "rbf",
         "random_state": 1234
      },
      "sample_proportion": 0.82,
      "threshold": 0.25,
      "p": 1,
      "highest class adjustment": true,
      "sample_params": [
         null,
         null,
         null,
         {
            "C": 10,
            "gamma": 0.001,
            "kernel": "rbf",
            "random_state": 1234
         },
         {
            "C": 100,
            "gamma": 0.001,
            "kernel": "rbf",
            "random_state": 1234
         },
         {
            "C": 100,
            "gamma": 0.001,
            "kernel": "rbf",
            "random_state": 1234
         },
         null,
         null,
         {
            "C": 100,
            "gamma": 0.001,
            "kernel": "rbf",
            "random_state": 1234
         },
         null,
         null,
         null,
         null,
         null,
         {
            "C": 10,
            "gamma": 0.01,
            "kernel": "rbf",
            "random_state": 1234
         },
         {
            "C": 10,
            "gamma": 0.01,
            "kernel": "rbf",
            "random_state": 1234
         },
         null,
         {
            "C": 10,
            "gamma": 0.01,
            "kernel": "rbf",
            "random_state": 1234
         },
         null
      ],
      "sample scores": [
         0.0,
         0.0,
         0.0,
         0.6222383453163701,
         0.6490499807691957,
         0.6285141700664306,
         0.0,
         0.0,
         0.6322981042649957,
         0.0,
         0.0,
         0.0,
         0.0,
         0.0,
         0.5953299802681483,
         0.5953299802681483,
         0.0,
         0.5953299802681483,
         0.0
      ]
   },
   "KNeighborsClassifier": {
      "test_score": 0.7334868926348074,
      "best_score": 0.6994762560629867,
      "best_params": {
         "n_jobs": -1,
         "n_neighbors": 5
      },
      "sample_proportion": 0.4,
      "threshold": 0.1,
      "p": 1,
      "highest class adjustment": true,
      "sample_params": [
         null,
         {
            "n_jobs": -1,
            "n_neighbors": 5
         },
         {
            "n_jobs": -1,
            "n_neighbors": 5
         },
         {
            "n_jobs": -1,
            "n_neighbors": 5
         },
         {
            "n_jobs": -1,
            "n_neighbors": 5
         },
         {
            "n_jobs": -1,
            "n_neighbors": 1
         },
         null,
         null,
         null,
         null,
         null,
         {
            "n_jobs": -1,
            "n_neighbors": 1
         },
         null,
         null,
         null,
         {
            "n_jobs": -1,
            "n_neighbors": 9
         },
         null,
         {
            "n_jobs": -1,
            "n_neighbors": 9
         },
         null
      ],
      "sample scores": [
         0.0,
         0.6994762560629867,
         0.6892312519229574,
         0.6485660218668632,
         0.6485660218668632,
         0.6364088593263312,
         0.0,
         0.0,
         0.0,
         0.0,
         0.0,
         0.6267495918095419,
         0.0,
         0.0,
         0.0,
         0.6176718888313667,
         0.0,
         0.6176718888313667,
         0.0
      ]
   },
   "RandomForestClassifier": {
      "test_score": 0.7341236762517573,
      "best_score": 0.6898256579484974,
      "best_params": {
         "max_features": "sqrt",
         "n_estimators": 300,
         "n_jobs": -1,
         "random_state": 1234
      },
      "sample_proportion": 0.4,
      "threshold": 0.1,
      "p": 1,
      "highest class adjustment": true,
      "sample_params": [
         null,
         {
            "max_features": "sqrt",
            "n_estimators": 300,
            "n_jobs": -1,
            "random_state": 1234
         },
         {
            "max_features": "sqrt",
            "n_estimators": 100,
            "n_jobs": -1,
            "random_state": 1234
         },
         {
            "max_features": "log2",
            "n_estimators": 300,
            "n_jobs": -1,
            "random_state": 1234
         },
         null,
         {
            "max_features": "log2",
            "n_estimators": 300,
            "n_jobs": -1,
            "random_state": 1234
         },
         null,
         null,
         null,
         null,
         null,
         null,
         null,
         null,
         {
            "max_features": "log2",
            "n_estimators": 500,
            "n_jobs": -1,
            "random_state": 1234
         },
         {
            "max_features": "log2",
            "n_estimators": 500,
            "n_jobs": -1,
            "random_state": 1234
         },
         null,
         null,
         {
            "max_features": "log2",
            "n_estimators": 500,
            "n_jobs": -1,
            "random_state": 1234
         }
      ],
      "sample scores": [
         0.0,
         0.6898256579484974,
         0.6836976382405738,
         0.6438374815282973,
         0.0,
         0.6270083213497811,
         0.0,
         0.0,
         0.0,
         0.0,
         0.0,
         0.0,
         0.0,
         0.0,
         0.6176718888313667,
         0.6176718888313667,
         0.0,
         0.0,
         0.6176718888313667
      ]
   },
   "GradientBoostingClassifier": {
      "test_score": 0.5567961834247065,
      "best_score": 0.6553501198762158,
      "best_params": {
         "learning_rate": 0.3,
         "max_depth": 5,
         "max_features": null,
         "n_estimators": 100,
         "random_state": 1234
      },
      "sample_proportion": 0.94,
      "threshold": 0.45,
      "p": 1,
      "highest class adjustment": true,
      "sample_params": [
         null,
         {
            "learning_rate": 0.3,
            "max_depth": 7,
            "max_features": "log2",
            "n_estimators": 100,
            "random_state": 1234
         },
         null,
         null,
         null,
         null,
         null,
         {
            "learning_rate": 0.3,
            "max_depth": 5,
            "max_features": null,
            "n_estimators": 100,
            "random_state": 1234
         },
         {
            "learning_rate": 0.3,
            "max_depth": 5,
            "max_features": null,
            "n_estimators": 100,
            "random_state": 1234
         },
         {
            "learning_rate": 0.2,
            "max_depth": 3,
            "max_features": "log2",
            "n_estimators": 300,
            "random_state": 1234
         },
         null,
         null,
         null,
         null,
         {
            "learning_rate": 0.2,
            "max_depth": 7,
            "max_features": null,
            "n_estimators": 100,
            "random_state": 1234
         },
         null,
         {
            "learning_rate": 0.2,
            "max_depth": 7,
            "max_features": null,
            "n_estimators": 100,
            "random_state": 1234
         },
         {
            "learning_rate": 0.2,
            "max_depth": 7,
            "max_features": null,
            "n_estimators": 100,
            "random_state": 1234
         },
         null
      ],