{
   "banknote": {
      "info": {
         "complexity": {
            "global": [
               0.004038286235186874
            ],
            "class 0": [
               0.006847290640394088
            ],
            "class 1": [
               0.0005327868852459019
            ]
         },
         "data": {
            "n": 1097,
            "n0": 609,
            "n1": 488
         }
      }
   },
   "SVC": {
      "test_score": 1.0,
      "best_score": 0.995410396810997,
      "best_params": {
         "C": 10,
         "gamma": 0.1,
         "kernel": "rbf",
         "random_state": 1234
      },
      "sample_proportion": 0.07,
      "threshold": 0.8,
      "p": 3,
      "highest class adjustment": false,
      "sample_params": [
         null,
         null,
         null,
         null,
         {
            "C": 1000,
            "gamma": 0.01,
            "kernel": "rbf",
            "random_state": 1234
         },
         null,
         null,
         null,
         {
            "C": 10,
            "gamma": 0.1,
            "kernel": "rbf",
            "random_state": 1234
         },
         null,
         null,
         null,
         null,
         null,
         {
            "C": 1000,
            "gamma": 0.001,
            "kernel": "rbf",
            "random_state": 1234
         },
         {
            "C": 10,
            "gamma": 0.1,
            "kernel": "rbf",
            "random_state": 1234
         },
         {
            "C": 1,
            "gamma": 0.1,
            "kernel": "rbf",
            "random_state": 1234
         },
         {
            "C": 10,
            "gamma": 0.1,
            "kernel": "rbf",
            "random_state": 1234
         },
         null
      ],
      "sample scores": [
         0.0,
         0.0,
         0.0,
         0.0,
         0.9670611014220155,
         0.0,
         0.0,
         0.0,
         0.985624672750922,
         0.0,
         0.0,
         0.0,
         0.0,
         0.0,
         0.9935804490310757,
         0.995410396810997,
         0.9900246597799408,
         0.9908468446370008,
         0.0
      ]
   },
   "KNeighborsClassifier": {
      "test_score": 0.981612488643471,
      "best_score": 0.961584433141693,
      "best_params": {
         "n_jobs": -1,
         "n_neighbors": 1
      },
      "sample_proportion": 0.07,
      "threshold": 0.85,
      "p": 3,
      "highest class adjustment": false,
      "sample_params": [
         null,
         null,
         null,
         null,
         {
            "n_jobs": -1,
            "n_neighbors": 1
         },
         {
            "n_jobs": -1,
            "n_neighbors": 1
         },
         null,
         null,
         null,
         null,
         null,
         {
            "n_jobs": -1,
            "n_neighbors": 1
         },
         null,
         null,
         null,
         {
            "n_jobs": -1,
            "n_neighbors": 1
         },
         {
            "n_jobs": -1,
            "n_neighbors": 1
         },
         {
            "n_jobs": -1,
            "n_neighbors": 1
         },
         {
            "n_jobs": -1,
            "n_neighbors": 1
         }
      ],
      "sample scores": [
         0.0,
         0.0,
         0.0,
         0.0,
         0.903827073574357,
         0.908600921722032,
         0.0,
         0.0,
         0.0,
         0.0,
         0.0,
         0.9340609258702081,
         0.0,
         0.0,
         0.0,
         0.9345446299985237,
         0.961584433141693,
         0.9594246856842018,
         0.9257731505176086
      ]
   },
   "RandomForestClassifier": {
      "test_score": 0.9632795089803607,
      "best_score": 0.9480915329287267,
      "best_params": {
         "max_features": "sqrt",
         "n_estimators": 100,
         "n_jobs": -1,
         "random_state": 1234
      },
      "sample_proportion": 0.07,
      "threshold": 0.85,
      "p": 3,
      "highest class adjustment": false,
      "sample_params": [
         null,
         null,
         {
            "max_features": null,
            "n_estimators": 100,
            "n_jobs": -1,
            "random_state": 1234
         },
         null,
         null,
         {
            "max_features": "sqrt",
            "n_estimators": 500,
            "n_jobs": -1,
            "random_state": 1234
         },
         null,
         null,
         null,
         null,
         null,
         null,
         null,
         null,
         {
            "max_features": null,
            "n_estimators": 500,
            "n_jobs": -1,
            "random_state": 1234
         },
         {
            "max_features": null,
            "n_estimators": 300,
            "n_jobs": -1,
            "random_state": 1234
         },
         {
            "max_features": "sqrt",
            "n_estimators": 100,
            "n_jobs": -1,
            "random_state": 1234
         },
         {
            "max_features": "sqrt",
            "n_estimators": 100,
            "n_jobs": -1,
            "random_state": 1234
         },
         {
            "max_features": null,
            "n_estimators": 500,
            "n_jobs": -1,
            "random_state": 1234
         }
      ],
      "sample scores": [
         0.0,
         0.0,
         0.9049443157102642,
         0.0,
         0.0,
         0.8924510695328846,
         0.0,
         0.0,
         0.0,
         0.0,
         0.0,
         0.0,
         0.0,
         0.0,
         0.9106490151120847,
         0.9006608788970555,
         0.9480915329287267,
         0.9480915329287267,
         0.921073497852476
      ]
   },
   "GradientBoostingClassifier": {
      "test_score": 0.9596975450473979,
      "best_score": 0.9521701404957165,
      "best_params": {
         "learning_rate": 0.2,
         "max_depth": 3,
         "max_features": "sqrt",
         "n_estimators": 100,
         "random_state": 1234
      },
      "sample_proportion": 0.06,
      "threshold": 0.45,
      "p": 3,
      "highest class adjustment": false,
      "sample_params": [
         null,
         {
            "learning_rate": 0.2,
            "max_depth": 3,
            "max_features": "sqrt",
            "n_estimators": 300,
            "random_state": 1234
         },
         null,
         null,
         null,
         null,
         null,
         {
            "learning_rate": 0.3,
            "max_depth": 3,
            "max_features": "sqrt",
            "n_estimators": 100,
            "random_state": 1234
         },
         {
            "learning_rate": 0.2,
            "max_depth": 3,
            "max_features": "sqrt",
            "n_estimators": 100,
            "random_state": 1234
         },
         {
            "learning_rate": 0.3,
            "max_depth": 3,
            "max_features": "sqrt",
            "n_estimators": 100,
            "random_state": 1234
         },
         null,
         null,
         null,
         null,
         {
            "learning_rate": 0.2,
            "max_depth": 3,
            "max_features": "sqrt",
            "n_estimators": 300,
            "random_state": 1234
         },
         null,
         {
            "learning_rate": 0.3,
            "max_depth": 3,
            "max_features": "sqrt",
            "n_estimators": 300,
            "random_state": 1234
         },
         {
            "learning_rate": 0.3,
            "max_depth": 3,
            "max_features": "sqrt",
            "n_estimators": 100,
            "random_state": 1234
         },
         null
      ],
      "sample scores": [
         0.0,
         0.8798921540721598,
         0.0,
         0.0,
         0.0,
         0.0,
         0.0,
         0.9011797430509189,
         0.9521701404957165,
         0.9321166561496687,
         0.0,
         0.0,
         0.0,
         0.0,
         0.9303387332639138,
         0.0,
         0.9496688546867033,
         0.8905872690864568,
         0.0
      ]
   }
}