{
   "splice": {
      "info": {
         "complexity": {
            "global": [
               0.3565625
            ],
            "class 0": [
               0.19059585492227982
            ],
            "class 1": [
               0.511304347826087
            ]
         },
         "data": {
            "n": 800,
            "n0": 386,
            "n1": 414
         }
      }
   },
   "SVC": {
      "test_score": 0.8651341252812095,
      "best_score": 0.8662418391601517,
      "best_params": {
         "C": 10,
         "gamma": 0.01,
         "kernel": "rbf",
         "random_state": 1234
      },
      "sample_proportion": 0.98,
      "threshold": 0.45,
      "p": 1,
      "highest class adjustment": true,
      "sample_params": [
         null,
         null,
         null,
         null,
         {
            "C": 10,
            "gamma": 0.01,
            "kernel": "rbf",
            "random_state": 1234
         },
         null,
         null,
         {
            "C": 10,
            "gamma": 0.01,
            "kernel": "rbf",
            "random_state": 1234
         },
         {
            "C": 10,
            "gamma": 0.01,
            "kernel": "rbf",
            "random_state": 1234
         },
         {
            "C": 10,
            "gamma": 0.01,
            "kernel": "rbf",
            "random_state": 1234
         },
         null,
         null,
         null,
         null,
         {
            "C": 10,
            "gamma": 0.01,
            "kernel": "rbf",
            "random_state": 1234
         },
         {
            "C": 10,
            "gamma": 0.01,
            "kernel": "rbf",
            "random_state": 1234
         },
         null,
         {
            "C": 10,
            "gamma": 0.01,
            "kernel": "rbf",
            "random_state": 1234
         },
         null
      ],
      "sample scores": [
         0.0,
         0.0,
         0.0,
         0.0,
         0.8387463587590916,
         0.0,
         0.0,
         0.8598162653188295,
         0.8662418391601517,
         0.8625932147380907,
         0.0,
         0.0,
         0.0,
         0.0,
         0.8645564454820908,
         0.8645564454820908,
         0.0,
         0.8645564454820908,
         0.0
      ]
   },
   "KNeighborsClassifier": {
      "test_score": 0.8000000240240208,
      "best_score": 0.7929330813927736,
      "best_params": {
         "n_jobs": -1,
         "n_neighbors": 11
      },
      "sample_proportion": 0.77,
      "threshold": 0.2,
      "p": 1,
      "highest class adjustment": true,
      "sample_params": [
         null,
         null,
         {
            "n_jobs": -1,
            "n_neighbors": 9
         },
         {
            "n_jobs": -1,
            "n_neighbors": 11
         },
         {
            "n_jobs": -1,
            "n_neighbors": 11
         },
         {
            "n_jobs": -1,
            "n_neighbors": 11
         },
         null,
         null,
         null,
         null,
         null,
         {
            "n_jobs": -1,
            "n_neighbors": 7
         },
         null,
         null,
         null,
         {
            "n_jobs": -1,
            "n_neighbors": 7
         },
         null,
         {
            "n_jobs": -1,
            "n_neighbors": 7
         },
         null
      ],
      "sample scores": [
         0.0,
         0.0,
         0.7754808053864578,
         0.7929330813927736,
         0.7890513864557844,
         0.784683352705177,
         0.0,
         0.0,
         0.0,
         0.0,
         0.0,
         0.7413075005446511,
         0.0,
         0.0,
         0.0,
         0.7440009828440176,
         0.0,
         0.7440009828440176,
         0.0
      ]
   },
   "RandomForestClassifier": {
      "test_score": 0.9700850801657035,
      "best_score": 0.9531956291924115,
      "best_params": {
         "max_features": "sqrt",
         "n_estimators": 500,
         "n_jobs": -1,
         "random_state": 1234
      },
      "sample_proportion": 1.0,
      "threshold": 0.7,
      "p": 1,
      "highest class adjustment": true,
      "sample_params": [
         null,
         null,
         {
            "max_features": null,
            "n_estimators": 100,
            "n_jobs": -1,
            "random_state": 1234
         },
         null,
         null,
         {
            "max_features": "log2",
            "n_estimators": 300,
            "n_jobs": -1,
            "random_state": 1234
         },
         null,
         null,
         null,
         null,
         null,
         null,
         {
            "max_features": "sqrt",
            "n_estimators": 500,
            "n_jobs": -1,
            "random_state": 1234
         },
         {
            "max_features": "sqrt",
            "n_estimators": 500,
            "n_jobs": -1,
            "random_state": 1234
         },
         {
            "max_features": "sqrt",
            "n_estimators": 500,
            "n_jobs": -1,
            "random_state": 1234
         },
         {
            "max_features": "sqrt",
            "n_estimators": 500,
            "n_jobs": -1,
            "random_state": 1234
         },
         {
            "max_features": "sqrt",
            "n_estimators": 500,
            "n_jobs": -1,
            "random_state": 1234
         },
         {
            "max_features": "sqrt",
            "n_estimators": 500,
            "n_jobs": -1,
            "random_state": 1234
         },
         {
            "max_features": "sqrt",
            "n_estimators": 500,
            "n_jobs": -1,
            "random_state": 1234
         }
      ],
      "sample scores": [
         0.0,
         0.0,
         0.9056868740282601,
         0.0,
         0.0,
         0.932950609834751,
         0.0,
         0.0,
         0.0,
         0.0,
         0.0,
         0.0,
         0.9520487433645147,
         0.9531956291924115,
         0.9531956291924115,
         0.9531956291924115,
         0.9531956291924115,
         0.9531956291924115,
         0.9531956291924115
      ]
   },
   "GradientBoostingClassifier": {
      "test_score": 0.9700850801657035,
      "best_score": 0.963938125740286,
      "best_params": {
         "learning_rate": 0.1,
         "max_depth": 7,
         "max_features": "sqrt",
         "n_estimators": 300,
         "random_state": 1234
      },
      "sample_proportion": 0.99,
      "threshold": 0.55,
      "p": 1,
      "highest class adjustment": true,
      "sample_params": [
         null,
         {
            "learning_rate": 0.1,
            "max_depth": 3,
            "max_features": null,
            "n_estimators": 300,
            "random_state": 1234
         },
         null,
         null,
         null,
         null,
         null,
         {
            "learning_rate": 0.2,
            "max_depth": 7,
            "max_features": "sqrt",
            "n_estimators": 100,
            "random_state": 1234
         },
         {
            "learning_rate": 0.1,
            "max_depth": 7,
            "max_features": "sqrt",
            "n_estimators": 300,
            "random_state": 1234
         },
         {
            "learning_rate": 0.1,
            "max_depth": 3,
            "max_features": null,
            "n_estimators": 100,
            "random_state": 1234
         },
         {
            "learning_rate": 0.1,
            "max_depth": 7,
            "max_features": "sqrt",
            "n_estimators": 300,
            "random_state": 1234
         },
         {
            "learning_rate": 0.1,
            "max_depth": 5,
            "max_features": "sqrt",
            "n_estimators": 100,
            "random_state": 1234
         },
         null,
         null,
         {
            "learning_rate": 0.2,
            "max_depth": 5,
            "max_features": "sqrt",
            "n_estimators": 300,