{
   "transfusion": {
      "info": {
         "complexity": {
            "global": [
               0.3110702341137123
            ],
            "class 0": [
               0.20160087719298247
            ],
            "class 1": [
               0.6626056338028169
            ]
         },
         "data": {
            "n": 598,
            "n0": 456,
            "n1": 142
         }
      }
   },
   "SVC": {
      "test_score": 0.7156691473657816,
      "best_score": 0.696545499052022,
      "best_params": {
         "C": 1,
         "gamma": 1,
         "kernel": "rbf",
         "random_state": 1234
      },
      "sample_proportion": 0.91,
      "threshold": 0.45,
      "p": 1,
      "highest class adjustment": true,
      "sample_params": [
         null,
         null,
         null,
         null,
         {
            "C": 1,
            "gamma": 1,
            "kernel": "rbf",
            "random_state": 1234
         },
         null,
         null,
         {
            "C": 1,
            "gamma": 1,
            "kernel": "rbf",
            "random_state": 1234
         },
         {
            "C": 1,
            "gamma": 1,
            "kernel": "rbf",
            "random_state": 1234
         },
         {
            "C": 1,
            "gamma": 1,
            "kernel": "rbf",
            "random_state": 1234
         },
         null,
         null,
         null,
         null,
         {
            "C": 1000,
            "gamma": 0.1,
            "kernel": "rbf",
            "random_state": 1234
         },
         {
            "C": 1000,
            "gamma": 0.1,
            "kernel": "rbf",
            "random_state": 1234
         },
         null,
         {
            "C": 1000,
            "gamma": 0.1,
            "kernel": "rbf",
            "random_state": 1234
         },
         null
      ],
      "sample scores": [
         0.0,
         0.0,
         0.0,
         0.0,
         0.68760996081767,
         0.0,
         0.0,
         0.6904958282826276,
         0.696545499052022,
         0.6885804601563196,
         0.0,
         0.0,
         0.0,
         0.0,
         0.6687204959896409,
         0.6687204959896409,
         0.0,
         0.6615629065817278,
         0.0
      ]
   },
   "KNeighborsClassifier": {
      "test_score": 0.7218565944092483,
      "best_score": 0.6901839489465281,
      "best_params": {
         "n_jobs": -1,
         "n_neighbors": 11
      },
      "sample_proportion": 0.97,
      "threshold": 0.65,
      "p": 1,
      "highest class adjustment": true,
      "sample_params": [
         null,
         null,
         null,
         null,
         {
            "n_jobs": -1,
            "n_neighbors": 11
         },
         {
            "n_jobs": -1,
            "n_neighbors": 9
         },
         null,
         null,
         null,
         null,
         {
            "n_jobs": -1,
            "n_neighbors": 9
         },
         {
            "n_jobs": -1,
            "n_neighbors": 11
         },
         {
            "n_jobs": -1,
            "n_neighbors": 11
         },
         {
            "n_jobs": -1,
            "n_neighbors": 9
         },
         {
            "n_jobs": -1,
            "n_neighbors": 9
         },
         {
            "n_jobs": -1,
            "n_neighbors": 9
         },
         null,
         {
            "n_jobs": -1,
            "n_neighbors": 11
         },
         null
      ],
      "sample scores": [
         0.0,
         0.0,
         0.0,
         0.0,
         0.681871562820321,
         0.6878784426497783,
         0.0,
         0.0,
         0.0,
         0.0,
         0.6888331027494953,
         0.6895058240521538,
         0.6901839489465281,
         0.6895461260256256,
         0.6767187949462112,
         0.6767187949462112,
         0.0,
         0.6841931346626314,
         0.0
      ]
   },
   "RandomForestClassifier": {
      "test_score": 0.7132547418833934,
      "best_score": 0.6960666102080904,
      "best_params": {
         "max_features": "sqrt",
         "n_estimators": 100,
         "n_jobs": -1,
         "random_state": 1234
      },
      "sample_proportion": 0.87,
      "threshold": 0.35,
      "p": 1,
      "highest class adjustment": true,
      "sample_params": [
         null,
         null,
         {
            "max_features": "sqrt",
            "n_estimators": 100,
            "n_jobs": -1,
            "random_state": 1234
         },
         null,
         {
            "max_features": "sqrt",
            "n_estimators": 100,
            "n_jobs": -1,
            "random_state": 1234
         },
         {
            "max_features": "sqrt",
            "n_estimators": 500,
            "n_jobs": -1,
            "random_state": 1234
         },
         {
            "max_features": "sqrt",
            "n_estimators": 100,
            "n_jobs": -1,
            "random_state": 1234
         },
         {
            "max_features": "sqrt",
            "n_estimators": 100,
            "n_jobs": -1,
            "random_state": 1234
         },
         null,
         null,
         null,
         null,
         null,
         null,
         {
            "max_features": "sqrt",
            "n_estimators": 500,
            "n_jobs": -1,
            "random_state": 1234
         },
         {
            "max_features": "sqrt",
            "n_estimators": 500,
            "n_jobs": -1,
            "random_state": 1234
         },
         null,
         null,
         {
            "max_features": "sqrt",
            "n_estimators": 100,
            "n_jobs": -1,
            "random_state": 1234
         }
      ],
      "sample scores": [
         0.0,
         0.0,
         0.6446010694775638,
         0.0,
         0.6789285996966942,
         0.6844541387796129,
         0.6960666102080904,
         0.6914594765312252,
         0.0,
         0.0,
         0.0,
         0.0,
         0.0,
         0.0,
         0.6530578804279967,
         0.6530578804279967,
         0.0,
         0.0,
         0.6485353486453808
      ]
   },
   "GradientBoostingClassifier": {
      "test_score": 0.7131931361845056,
      "best_score": 0.6877417241063438,
      "best_params": {
         "learning_rate": 0.1,
         "max_depth": 3,
         "max_features": "sqrt",
         "n_estimators": 100,
         "random_state": 1234
      },
      "sample_proportion": 0.89,
      "threshold": 0.4,
      "p": 1,
      "highest class adjustment": true,
      "sample_params": [
         null,
         {
            "learning_rate": 0.2,
            "max_depth": 5,
            "max_features": "sqrt",
            "n_estimators": 300,
            "random_state": 1234
         },
         null,
         null,
         null,
         {
            "learning_rate": 0.1,
            "max_depth": 3,
            "max_features": "sqrt",
            "n_estimators": 100,
            "random_state": 1234
         },
         {
            "learning_rate": 0.3,
            "max_depth": 5,
            "max_features": "sqrt",
            "n_estimators": 300,
            "random_state": 1234
         },
         {
            "learning_rate": 0.1,
            "max_depth": 3,
            "max_features": "sqrt",
            "n_estimators": 100,
            "random_state": 1234
         },
         {
            "learning_rate": 0.1,
            "max_depth": 3,
            "max_features": "sqrt",
            "n_estimators": 100,
            "random_state": 1234
         },
         {
            "learning_rate": 0.1,
            "max_depth": 3,
            "max_features": "sqrt",
            "n_estimators": 100,
            "random_state": 1234
         },
         null,
         null,
         null,
         null,
         {
            "learning_rate": 0.1,
            "max_depth": 3,
            "max_features": null,
            "n_estimators": 100,