{
   "w4a": {
      "info": {
         "complexity": {
            "global": [
               0.030751866938221326
            ],
            "class 0": [
               0.020879524392376298
            ],
            "class 1": [
               0.3571098265895953
            ]
         },
         "data": {
            "n": 5892,
            "n0": 5719,
            "n1": 173
         }
      }
   },
   "SVC": {
      "test_score": 0.8649735564583352,
      "best_score": 0.8670748804178808,
      "best_params": {
         "C": 10,
         "gamma": 0.001,
         "kernel": "rbf",
         "random_state": 1234
      },
      "sample_proportion": 0.91,
      "threshold": 0.45,
      "p": 1,
      "highest class adjustment": true,
      "sample_params": [
         null,
         null,
         null,
         null,
         {
            "C": 10,
            "gamma": 0.001,
            "kernel": "rbf",
            "random_state": 1234
         },
         null,
         null,
         {
            "C": 10,
            "gamma": 0.001,
            "kernel": "rbf",
            "random_state": 1234
         },
         {
            "C": 10,
            "gamma": 0.001,
            "kernel": "rbf",
            "random_state": 1234
         },
         {
            "C": 10,
            "gamma": 0.001,
            "kernel": "rbf",
            "random_state": 1234
         },
         null,
         null,
         null,
         null,
         {
            "C": 10,
            "gamma": 0.001,
            "kernel": "rbf",
            "random_state": 1234
         },
         {
            "C": 100,
            "gamma": 0.001,
            "kernel": "rbf",
            "random_state": 1234
         },
         null,
         {
            "C": 10,
            "gamma": 0.001,
            "kernel": "rbf",
            "random_state": 1234
         },
         null
      ],
      "sample scores": [
         0.0,
         0.0,
         0.0,
         0.0,
         0.8526913698464244,
         0.0,
         0.0,
         0.8601007020691904,
         0.8670748804178808,
         0.862515097811515,
         0.0,
         0.0,
         0.0,
         0.0,
         0.8515878510345026,
         0.8554427858294913,
         0.0,
         0.8536856518691834,
         0.0
      ]
   },
   "KNeighborsClassifier": {
      "test_score": 0.8244365480998403,
      "best_score": 0.8052669338373727,
      "best_params": {
         "n_jobs": -1,
         "n_neighbors": 3
      },
      "sample_proportion": 0.92,
      "threshold": 0.95,
      "p": 1,
      "highest class adjustment": true,
      "sample_params": [
         null,
         null,
         null,
         null,
         {
            "n_jobs": -1,
            "n_neighbors": 3
         },
         {
            "n_jobs": -1,
            "n_neighbors": 3
         },
         null,
         null,
         null,
         null,
         null,
         {
            "n_jobs": -1,
            "n_neighbors": 3
         },
         null,
         null,
         null,
         {
            "n_jobs": -1,
            "n_neighbors": 3
         },
         {
            "n_jobs": -1,
            "n_neighbors": 3
         },
         {
            "n_jobs": -1,
            "n_neighbors": 3
         },
         {
            "n_jobs": -1,
            "n_neighbors": 3
         }
      ],
      "sample scores": [
         0.0,
         0.0,
         0.0,
         0.0,
         0.7954312590527292,
         0.7919235162548794,
         0.0,
         0.0,
         0.0,
         0.0,
         0.0,
         0.7920035316980195,
         0.0,
         0.0,
         0.0,
         0.7959441175409555,
         0.7969860273796271,
         0.8009245735239675,
         0.8052669338373727
      ]
   },
   "RandomForestClassifier": {
      "test_score": 0.8704083155645632,
      "best_score": 0.8572753900493814,
      "best_params": {
         "max_features": "sqrt",
         "n_estimators": 100,
         "n_jobs": -1,
         "random_state": 1234
      },
      "sample_proportion": 0.91,
      "threshold": 0.65,
      "p": 1,
      "highest class adjustment": true,
      "sample_params": [
         null,
         null,
         {
            "max_features": "sqrt",
            "n_estimators": 100,
            "n_jobs": -1,
            "random_state": 1234
         },
         null,
         null,
         {
            "max_features": "sqrt",
            "n_estimators": 500,
            "n_jobs": -1,
            "random_state": 1234
         },
         null,
         null,
         null,
         null,
         null,
         {
            "max_features": "sqrt",
            "n_estimators": 500,
            "n_jobs": -1,
            "random_state": 1234
         },
         {
            "max_features": "sqrt",
            "n_estimators": 100,
            "n_jobs": -1,
            "random_state": 1234
         },
         {
            "max_features": "sqrt",
            "n_estimators": 300,
            "n_jobs": -1,
            "random_state": 1234
         },
         {
            "max_features": "sqrt",
            "n_estimators": 300,
            "n_jobs": -1,
            "random_state": 1234
         },
         {
            "max_features": "sqrt",
            "n_estimators": 300,
            "n_jobs": -1,
            "random_state": 1234
         },
         null,
         null,
         {
            "max_features": "sqrt",
            "n_estimators": 100,
            "n_jobs": -1,
            "random_state": 1234
         }
      ],
      "sample scores": [
         0.0,
         0.0,
         0.8439298624396354,
         0.0,
         0.0,
         0.8487038645181381,
         0.0,
         0.0,
         0.0,
         0.0,
         0.0,
         0.8525518827655821,
         0.8572753900493814,
         0.8538043211222899,
         0.8534504785725351,
         0.8486373700844636,
         0.0,
         0.0,
         0.8425709723797538
      ]
   },
   "GradientBoostingClassifier": {
      "test_score": 0.8411239477128114,
      "best_score": 0.8590530146036225,
      "best_params": {
         "learning_rate": 0.1,
         "max_depth": 3,
         "max_features": null,
         "n_estimators": 500,
         "random_state": 1234
      },
      "sample_proportion": 0.91,
      "threshold": 0.55,
      "p": 1,
      "highest class adjustment": true,
      "sample_params": [
         null,
         {
            "learning_rate": 0.1,
            "max_depth": 3,
            "max_features": "log2",
            "n_estimators": 500,
            "random_state": 1234
         },
         null,
         null,
         null,
         null,
         null,
         {
            "learning_rate": 0.1,
            "max_depth": 3,
            "max_features": "sqrt",
            "n_estimators": 500,
            "random_state": 1234
         },
         {
            "learning_rate": 0.1,
            "max_depth": 5,
            "max_features": "sqrt",
            "n_estimators": 300,
            "random_state": 1234
         },
         {
            "learning_rate": 0.1,
            "max_depth": 3,
            "max_features": "sqrt",
            "n_estimators": 500,
            "random_state": 1234
         },
         {
            "learning_rate": 0.1,
            "max_depth": 3,
            "max_features": null,
            "n_estimators": 500,
            "random_state": 1234
         },
         {
            "learning_rate": 0.2,
            "max_depth": 3,
            "max_features": null,
            "n_estimators": 300,
            "random_state": 1234
         },
         null,
         null,
         {
            "learning_rate": 0.1,
            "max_depth": 3,
            "max_features": "sqrt",
            "n_estimators": 500,
            "random_state": 1234
         },
         null,
         {
            "learning_rate": 0.1,
            "max_depth": 5,
            "max_features": "log2",
            "n_estimators": 300,