{
   "appendicitis": {
      "info": {
         "complexity": {
            "global": [
               0.22702380952380952
            ],
            "class 0": [
               0.16029850746268656
            ],
            "class 1": [
               0.4899999999999999
            ]
         },
         "data": {
            "n": 84,
            "n0": 67,
            "n1": 17
         }
      }
   },
   "SVC": {
      "test_score": 0.5,
      "best_score": 0.8008561723213093,
      "sample_proportion": 0.98,
      "threshold": 0.75,
      "p": 1,
      "highest class adjustment": true,
      "sample_scores": [
         0.0,
         0.0,
         0.0,
         0.0,
         0.7785465998648489,
         0.0,
         0.0,
         0.0,
         0.7785465998648489,
         0.0,
         0.0,
         0.0,
         0.0,
         0.7785465998648489,
         0.8008561723213093,
         0.8008561723213093,
         0.7737609824965178,
         0.7737609824965178,
         0.0
      ]
   },
   "KNeighborsClassifier": {
      "test_score": 0.6944444444444444,
      "best_score": 0.760083946320254,
      "sample_proportion": 0.98,
      "threshold": 0.75,
      "p": 1,
      "highest class adjustment": true,
      "sample_scores": [
         0.0,
         0.0,
         0.0,
         0.0,
         0.7539545197803093,
         0.7451192373028244,
         0.0,
         0.0,
         0.0,
         0.0,
         0.0,
         0.7451192373028244,
         0.0,
         0.7451192373028244,
         0.760083946320254,
         0.760083946320254,
         0.760083946320254,
         0.760083946320254,
         0.760083946320254
      ]
   },
   "RandomForestClassifier": {
      "test_score": 0.8472222222222222,
      "best_score": 0.7912758255810187,
      "sample_proportion": 0.99,
      "threshold": 0.85,
      "p": 1,
      "highest class adjustment": true,
      "sample_scores": [
         0.0,
         0.0,
         0.7014543891356309,
         0.0,
         0.0,
         0.7828078329990523,
         0.0,
         0.0,
         0.0,
         0.0,
         0.0,
         0.0,
         0.0,
         0.0,
         0.7867801119840235,
         0.7867801119840235,
         0.7912758255810187,
         0.7912758255810187,
         0.7912758255810187
      ]
   },
   "GradientBoostingClassifier": {
      "test_score": 0.8472222222222222,
      "best_score": 0.8307516037141228,
      "sample_proportion": 0.96,
      "threshold": 0.7,
      "p": 1,
      "highest class adjustment": true,
      "sample_scores": [
         0.0,
         0.7342206131859239,
         0.0,
         0.0,
         0.0,
         0.0,
         0.0,
         0.0,
         0.7685798011109931,
         0.0,
         0.0,
         0.0,
         0.8166928841812329,
         0.8307516037141228,
         0.8043107404625394,
         0.8043107404625394,
         0.8043107404625394,
         0.8043107404625394,
         0.8043107404625394
      ]
   }
}