{
   "backache": {
      "info": {
         "complexity": {
            "global": [
               0.21458333333333332
            ],
            "class 0": [
               0.12064516129032256
            ],
            "class 1": [
               0.7969999999999999
            ]
         },
         "data": {
            "n": 144,
            "n0": 124,
            "n1": 20
         }
      }
   },
   "SVC": {
      "test_score": 0.5,
      "best_score": 0.5,
      "sample_proportion": 0.4,
      "threshold": 0.1,
      "p": 1,
      "highest class adjustment": true,
      "sample_scores": [
         0.0,
         0.5,
         0.5,
         0.5,
         0.5,
         0.5,
         0.5,
         0.5,
         0.5,
         0.5,
         0.5,
         0.5,
         0.5,
         0.5,
         0.5,
         0.5,
         0.5,
         0.5,
         0.5
      ]
   },
   "KNeighborsClassifier": {
      "test_score": 0.7104417123236605,
      "best_score": 0.6176718888313667,
      "sample_proportion": 0.82,
      "threshold": 0.25,
      "p": 1,
      "highest class adjustment": true,
      "sample_scores": [
         0.0,
         0.0,
         0.0,
         0.5937092250446935,
         0.6176718888313667,
         0.5937092250446935,
         0.0,
         0.0,
         0.0,
         0.0,
         0.0,
         0.5588359444156833,
         0.0,
         0.0,
         0.0,
         0.5588359444156833,
         0.0,
         0.5588359444156833,
         0.0
      ]
   },
   "RandomForestClassifier": {
      "test_score": 0.8123790088358857,
      "best_score": 0.651306351410454,
      "sample_proportion": 0.6,
      "threshold": 0.15,
      "p": 1,
      "highest class adjustment": true,
      "sample_scores": [
         0.0,
         0.6250144673057777,
         0.651306351410454,
         0.5648012098132219,
         0.0,
         0.6069676452423378,
         0.0,
         0.0,
         0.0,
         0.0,
         0.0,
         0.0,
         0.0,
         0.0,
         0.5,
         0.5,
         0.0,
         0.0,
         0.5
      ]
   },
   "GradientBoostingClassifier": {
      "test_score": 0.7334868926348074,
      "best_score": 0.6138224527651863,
      "sample_proportion": 0.6,
      "threshold": 0.15,
      "p": 1,
      "highest class adjustment": true,
      "sample_scores": [
         0.0,
         0.610238523364986,
         0.6138224527651863,
         0.5878679858456836,
         0.0,
         0.0,
         0.0,
         0.0,
         0.5838924865949585,
         0.0,
         0.0,
         0.0,
         0.0,
         0.0,
         0.5630378480494027,
         0.0,
         0.5630378480494027,
         0.5630378480494027,
         0.0
      ]
   }
}