{
   "bupa": {
      "info": {
         "complexity": {
            "global": [
               0.46090579710144924
            ],
            "class 0": [
               0.45422222222222225
            ],
            "class 1": [
               0.4673049645390071
            ]
         },
         "data": {
            "n": 276,
            "n0": 135,
            "n1": 141
         }
      }
   },
   "SVC": {
      "test_score": 0.5699230178027249,
      "best_score": 0.6446615350804134,
      "sample_proportion": 0.95,
      "threshold": 0.85,
      "p": 5,
      "highest class adjustment": false,
      "sample_scores": [
         0.0,
         0.0,
         0.0,
         0.0,
         0.6156267418948117,
         0.0,
         0.0,
         0.0,
         0.6209403004516721,
         0.0,
         0.0,
         0.0,
         0.0,
         0.0,
         0.6143330719474872,
         0.6333611170230165,
         0.6446615350804134,
         0.6254492425997249,
         0.0
      ]
   },
   "KNeighborsClassifier": {
      "test_score": 0.5699230178027249,
      "best_score": 0.6561894777499129,
      "sample_proportion": 0.67,
      "threshold": 0.55,
      "p": 5,
      "highest class adjustment": false,
      "sample_scores": [
         0.0,
         0.0,
         0.0,
         0.0,
         0.6161318171742529,
         0.5939892114285831,
         0.0,
         0.0,
         0.0,
         0.6241231028028017,
         0.6561894777499129,
         0.6315009156256828,
         0.6225602991993453,
         0.0,
         0.0,
         0.5937390822377089,
         0.0,
         0.5859142687500853,
         0.0
      ]
   },
   "RandomForestClassifier": {
      "test_score": 0.5825625102007618,
      "best_score": 0.6453265417245092,
      "sample_proportion": 0.22,
      "threshold": 0.3,
      "p": 5,
      "highest class adjustment": false,
      "sample_scores": [
         0.0,
         0.0,
         0.6103004699183873,
         0.0,
         0.6403533565053001,
         0.6453265417245092,
         0.6378154495320411,
         0.0,
         0.0,
         0.0,
         0.0,
         0.0,
         0.0,
         0.0,
         0.5942126795981868,
         0.6089973219153803,
         0.0,
         0.0,
         0.5904602769033248
      ]
   },
   "GradientBoostingClassifier": {
      "test_score": 0.5371626393379938,
      "best_score": 0.6494200072836248,
      "sample_proportion": 0.41,
      "threshold": 0.4,
      "p": 5,
      "highest class adjustment": false,
      "sample_scores": [
         0.0,
         0.0523953854947371,
         0.0,
         0.0,
         0.0,
         0.0,
         0.6409339346432664,
         0.6494200072836248,
         0.6343640919559325,
         0.6286066782337332,
         0.0,
         0.0,
         0.0,
         0.0,
         0.5977924104972541,
         0.0,
         0.6049954075998643,
         0.5975405568948378,
         0.0
      ]
   }
}