{
   "cod-rna": {
      "info": {
         "complexity": {
            "global": [
               0.1056034265558075
            ],
            "class 0": [
               0.06923721340388007
            ],
            "class 1": [
               0.17833585285966239
            ]
         },
         "data": {
            "n": 47628,
            "n0": 31752,
            "n1": 15876
         }
      }
   },
   "SVC": {
      "test_score": 0.9524375956660549,
      "best_score": 0.9510757409021955,
      "sample_proportion": 0.96,
      "threshold": 0.6,
      "p": 5,
      "highest class adjustment": false,
      "sample_scores": [
         0.0,
         0.0,
         0.0,
         0.0,
         0.9418645916731059,
         0.0,
         0.0,
         0.0,
         0.9474383407732695,
         0.9486769193058594,
         0.9502756056603551,
         0.9510757409021955,
         0.9510580025580575,
         0.9508589164888539,
         0.9509345051178956,
         0.9509349798682063,
         0.950950210531672,
         0.9508664080074194,
         0.9508513951294492
      ]
   },
   "KNeighborsClassifier": {
      "test_score": 0.9259521638772112,
      "best_score": 0.9248165738101791,
      "sample_proportion": 0.99,
      "threshold": 0.75,
      "p": 5,
      "highest class adjustment": false,
      "sample_scores": [
         0.0,
         0.0,
         0.0,
         0.0,
         0.9121555189166765,
         0.9139649937530763,
         0.0,
         0.0,
         0.0,
         0.0,
         0.9233224234036133,
         0.9241075433249462,
         0.9244649353071703,
         0.9246930715122907,
         0.9248165738101791,
         0.9246354246468114,
         0.9247719220263214,
         0.9248003398157901,
         0.9247543005559402
      ]
   },
   "RandomForestClassifier": {
      "test_score": 0.9572978869501713,
      "best_score": 0.9543342601018668,
      "sample_proportion": 1.0,
      "threshold": 0.95,
      "p": 5,
      "highest class adjustment": false,
      "sample_scores": [
         0.0,
         0.0,
         0.9273600268818951,
         0.0,
         0.0,
         0.9334693318092345,
         0.0,
         0.0,
         0.0,
         0.0,
         0.0,
         0.0,
         0.0,
         0.0,
         0.9532031267496169,
         0.9531350553921043,
         0.9537128082479317,
         0.9538692929381632,
         0.9543342601018668
      ]
   },
   "GradientBoostingClassifier": {
      "test_score": 0.9628516190518088,
      "best_score": 0.9599558482469935,
      "sample_proportion": 1.0,
      "threshold": 0.9,
      "p": 5,
      "highest class adjustment": false,
      "sample_scores": [
         0.0,
         0.9321635436654189,
         0.0,
         0.0,
         0.0,
         0.0,
         0.0,
         0.0,
         0.9494162366968112,
         0.0,
         0.0,
         0.0,
         0.9581819843373421,
         0.9591018328872156,
         0.9592818501646495,
         0.959561052540893,
         0.9599301681042212,
         0.9599558482469935,
         0.9597942499940727
      ]
   }
}