{
   "diabetes": {
      "info": {
         "complexity": {
            "global": [
               0.32501628664495114
            ],
            "class 0": [
               0.4960280373831776
            ],
            "class 1": [
               0.23352499999999998
            ]
         },
         "data": {
            "n": 614,
            "n0": 214,
            "n1": 400
         }
      }
   },
   "SVC": {
      "test_score": 0.7251180719300134,
      "best_score": 0.7389332402305131,
      "sample_proportion": 0.99,
      "threshold": 0.9,
      "p": 1,
      "highest class adjustment": true,
      "sample_scores": [
         0.0,
         0.0,
         0.0,
         0.0,
         0.7358442780866188,
         0.0,
         0.0,
         0.0,
         0.7355736923035868,
         0.0,
         0.0,
         0.0,
         0.0,
         0.0,
         0.7305728135024371,
         0.7351159315925789,
         0.7376882026318384,
         0.7389332402305131,
         0.7389332402305131
      ]
   },
   "KNeighborsClassifier": {
      "test_score": 0.7237847695058337,
      "best_score": 0.7314549302828625,
      "sample_proportion": 0.57,
      "threshold": 0.15,
      "p": 1,
      "highest class adjustment": true,
      "sample_scores": [
         0.0,
         0.711847530053724,
         0.7314549302828625,
         0.7313007398925073,
         0.7252405878536413,
         0.7254702593389646,
         0.7238313249822657,
         0.0,
         0.0,
         0.0,
         0.0,
         0.6901281090247465,
         0.0,
         0.0,
         0.0,
         0.6780332408404565,
         0.0,
         0.6736922282519666,
         0.0
      ]
   },
   "RandomForestClassifier": {
      "test_score": 0.778394743626589,
      "best_score": 0.7611407898710439,
      "sample_proportion": 0.9,
      "threshold": 0.45,
      "p": 1,
      "highest class adjustment": true,
      "sample_scores": [
         0.0,
         0.0,
         0.7127635446751853,
         0.0,
         0.735794124690642,
         0.7443758056758485,
         0.7497933450689572,
         0.7534946303963661,
         0.7611407898710439,
         0.7466047868152351,
         0.0,
         0.0,
         0.0,
         0.0,
         0.7288744875868044,
         0.7446558642116076,
         0.7187285998135282,
         0.0,
         0.7306787969613598
      ]
   },
   "GradientBoostingClassifier": {
      "test_score": 0.7533370344127339,
      "best_score": 0.7513352457240844,
      "sample_proportion": 0.9,
      "threshold": 0.45,
      "p": 1,
      "highest class adjustment": true,
      "sample_scores": [
         0.0,
         0.6858027431809864,
         0.0,
         0.0,
         0.0,
         0.0,
         0.0,
         0.7486645732024969,
         0.7513352457240844,
         0.7420491562039908,
         0.0,
         0.0,
         0.0,
         0.0,
         0.7270808508626366,
         0.0,
         0.7382726027768826,
         0.7387719866556486,
         0.0
      ]
   }
}