{
   "german_numer": {
      "info": {
         "complexity": {
            "global": [
               0.3355499999999999
            ],
            "class 0": [
               0.22389285714285714
            ],
            "class 1": [
               0.5960833333333333
            ]
         },
         "data": {
            "n": 800,
            "n0": 560,
            "n1": 240
         }
      }
   },
   "SVC": {
      "test_score": 0.7021043369812092,
      "best_score": 0.6979632308614945,
      "sample_proportion": 0.68,
      "threshold": 0.2,
      "p": 1,
      "highest class adjustment": true,
      "sample_scores": [
         0.0,
         0.0,
         0.685116206516906,
         0.6979632308614945,
         0.69127500781115,
         0.6931459269345167,
         0.0,
         0.0,
         0.6859731401382335,
         0.0,
         0.0,
         0.0,
         0.0,
         0.0,
         0.6896344972034479,
         0.6896344972034479,
         0.0,
         0.6881214135275849,
         0.0
      ]
   },
   "KNeighborsClassifier": {
      "test_score": 0.7021043369812092,
      "best_score": 0.6759699862511965,
      "sample_proportion": 0.59,
      "threshold": 0.15,
      "p": 1,
      "highest class adjustment": true,
      "sample_scores": [
         0.0,
         0.6500471580289303,
         0.6759699862511965,
         0.6556639600265599,
         0.6558793668948727,
         0.6441960278591167,
         0.0,
         0.0,
         0.0,
         0.0,
         0.0,
         0.6159223868852717,
         0.0,
         0.0,
         0.0,
         0.6011083116644897,
         0.0,
         0.6011083116644897,
         0.0
      ]
   },
   "RandomForestClassifier": {
      "test_score": 0.7157962765797641,
      "best_score": 0.7220519665360322,
      "sample_proportion": 0.78,
      "threshold": 0.3,
      "p": 1,
      "highest class adjustment": true,
      "sample_scores": [
         0.0,
         0.0,
         0.6718885734093684,
         0.0,
         0.7096138998725964,
         0.7220519665360322,
         0.7119121943143701,
         0.0,
         0.0,
         0.0,
         0.0,
         0.0,
         0.0,
         0.0,
         0.6861877619543849,
         0.6861877619543849,
         0.0,
         0.0,
         0.6853666136484754
      ]
   },
   "GradientBoostingClassifier": {
      "test_score": 0.7154807719928388,
      "best_score": 0.703738442931225,
      "sample_proportion": 0.91,
      "threshold": 0.45,
      "p": 1,
      "highest class adjustment": true,
      "sample_scores": [
         0.0,
         0.6947446153920432,
         0.0,
         0.0,
         0.0,
         0.0,
         0.0,
         0.7009613702348737,
         0.703738442931225,
         0.7022542754244395,
         0.0,
         0.0,
         0.0,
         0.0,
         0.6992091005585471,
         0.0,
         0.699736736657718,
         0.699736736657718,
         0.0
      ]
   }
}