{
   "heart": {
      "info": {
         "complexity": {
            "global": [
               0.24203703703703705
            ],
            "class 0": [
               0.22124999999999997
            ],
            "class 1": [
               0.2680208333333333
            ]
         },
         "data": {
            "n": 216,
            "n0": 120,
            "n1": 96
         }
      }
   },
   "SVC": {
      "test_score": 0.814921933462603,
      "best_score": 0.8649153398234498,
      "sample_proportion": 0.94,
      "threshold": 0.75,
      "p": 5,
      "highest class adjustment": false,
      "sample_scores": [
         0.0,
         0.0,
         0.0,
         0.0,
         0.8600604037961883,
         0.0,
         0.0,
         0.0,
         0.8549908060473325,
         0.0,
         0.0,
         0.0,
         0.0,
         0.8596912536352717,
         0.8649153398234498,
         0.8596912536352717,
         0.8596912536352717,
         0.8645349538601077,
         0.8645349538601077
      ]
   },
   "KNeighborsClassifier": {
      "test_score": 0.8522153203200166,
      "best_score": 0.850290047997286,
      "sample_proportion": 0.96,
      "threshold": 0.8,
      "p": 5,
      "highest class adjustment": false,
      "sample_scores": [
         0.0,
         0.0,
         0.0,
         0.0,
         0.836720883471476,
         0.8454372134274742,
         0.0,
         0.0,
         0.0,
         0.0,
         0.0,
         0.8312637829563044,
         0.0,
         0.8408819141810602,
         0.8498542064577418,
         0.850290047997286,
         0.850290047997286,
         0.850290047997286,
         0.8454024644381377
      ]
   },
   "RandomForestClassifier": {
      "test_score": 0.8321819194149599,
      "best_score": 0.8612156130240853,
      "sample_proportion": 0.94,
      "threshold": 0.75,
      "p": 5,
      "highest class adjustment": false,
      "sample_scores": [
         0.0,
         0.0,
         0.8418732954702488,
         0.0,
         0.842971674608306,
         0.8607077186933468,
         0.842971674608306,
         0.0,
         0.0,
         0.0,
         0.0,
         0.0,
         0.0,
         0.8516214114465145,
         0.8612156130240853,
         0.8328320761123278,
         0.0,
         0.0,
         0.8192179907790819
      ]
   },
   "GradientBoostingClassifier": {
      "test_score": 0.814921933462603,
      "best_score": 0.8513923751901684,
      "sample_proportion": 0.8,
      "threshold": 0.45,
      "p": 5,
      "highest class adjustment": false,
      "sample_scores": [
         0.0,
         0.8412939347400316,
         0.0,
         0.0,
         0.0,
         0.0,
         0.0,
         0.8381472919171437,
         0.8513923751901684,
         0.8480016025914431,
         0.0,
         0.0,
         0.0,
         0.0,
         0.8316985965002696,
         0.0,
         0.8136440652372157,
         0.8058880791135404,
         0.0
      ]
   }
}