{
   "liver-disorders": {
      "info": {
         "complexity": {
            "global": [
               0.36534482758620684
            ],
            "class 0": [
               0.27222222222222225
            ],
            "class 1": [
               0.5177272727272727
            ]
         },
         "data": {
            "n": 116,
            "n0": 72,
            "n1": 44
         }
      }
   },
   "SVC": {
      "test_score": 0.73895986117754,
      "best_score": 0.7090289163664848,
      "sample_proportion": 0.94,
      "threshold": 0.8,
      "p": 1,
      "highest class adjustment": false,
      "sample_scores": [
         0.0,
         0.0,
         0.0,
         0.0,
         0.6814376792019399,
         0.0,
         0.0,
         0.0,
         0.7044355695542114,
         0.0,
         0.0,
         0.0,
         0.0,
         0.0,
         0.6994533725310202,
         0.7090289163664848,
         0.6906373382295902,
         0.7016246458022223,
         0.0
      ]
   },
   "KNeighborsClassifier": {
      "test_score": 0.6005842811635974,
      "best_score": 0.7269629917119361,
      "sample_proportion": 0.37,
      "threshold": 0.25,
      "p": 1,
      "highest class adjustment": false,
      "sample_scores": [
         0.0,
         0.0,
         0.0,
         0.6949658433402798,
         0.7269629917119361,
         0.6728364688482665,
         0.0,
         0.0,
         0.0,
         0.0,
         0.0,
         0.6829439451227132,
         0.0,
         0.0,
         0.0,
         0.651339181437863,
         0.0,
         0.6428241137237795,
         0.0
      ]
   },
   "RandomForestClassifier": {
      "test_score": 0.6986380394261651,
      "best_score": 0.7774468986732185,
      "sample_proportion": 0.97,
      "threshold": 0.9,
      "p": 1,
      "highest class adjustment": false,
      "sample_scores": [
         0.0,
         0.0,
         0.6710609186189641,
         0.0,
         0.0,
         0.673154682081329,
         0.0,
         0.0,
         0.0,
         0.0,
         0.0,
         0.0,
         0.0,
         0.0,
         0.7226373770459341,
         0.7328415352292135,
         0.7453846236411151,
         0.7774468986732185,
         0.7774468986732185
      ]
   },
   "GradientBoostingClassifier": {
      "test_score": 0.8522514565823994,
      "best_score": 0.7330356522149537,
      "sample_proportion": 0.95,
      "threshold": 0.85,
      "p": 1,
      "highest class adjustment": false,
      "sample_scores": [
         0.0,
         0.11845817213316889,
         0.0,
         0.0,
         0.0,
         0.0,
         0.0,
         0.0,
         0.7134294123060044,
         0.0,
         0.0,
         0.0,
         0.0,
         0.0,
         0.709036600396146,
         0.7194348755651655,
         0.7330356522149537,
         0.6980997742265064,
         0.0
      ]
   }
}