{
   "mushroom": {
      "info": {
         "complexity": {
            "global": [
               0.00035543929835359295
            ],
            "class 0": [
               0.00010101010101010104
            ],
            "class 1": [
               0.0006287902968400895
            ]
         },
         "data": {
            "n": 6499,
            "n0": 3366,
            "n1": 3133
         }
      }
   },
   "SVC": {
      "test_score": 0.9124565945388832,
      "best_score": 0.9234536840837607,
      "sample_proportion": 0.01,
      "threshold": 0.8,
      "p": 5,
      "highest class adjustment": false,
      "sample_scores": [
         0.0,
         0.0,
         0.0,
         0.0,
         0.9190890150636147,
         0.0,
         0.0,
         0.0,
         0.919096368286224,
         0.0,
         0.0,
         0.0,
         0.0,
         0.0,
         0.915003453794737,
         0.9234536840837607,
         0.8902392492884316,
         0.8961033242164901,
         0.0
      ]
   },
   "KNeighborsClassifier": {
      "test_score": 0.9661104387502608,
      "best_score": 0.943891343006598,
      "sample_proportion": 0.01,
      "threshold": 0.3,
      "p": 5,
      "highest class adjustment": false,
      "sample_scores": [
         0.0,
         0.0,
         0.0,
         0.0,
         0.9261694242845547,
         0.943891343006598,
         0.9053626156501432,
         0.0,
         0.0,
         0.0,
         0.0,
         0.916168972841751,
         0.0,
         0.0,
         0.0,
         0.9201654439366774,
         0.0,
         0.8859828488705208,
         0.0
      ]
   },
   "RandomForestClassifier": {
      "test_score": 0.9513950388386412,
      "best_score": 0.9355931672343184,
      "sample_proportion": 0.01,
      "threshold": 0.95,
      "p": 5,
      "highest class adjustment": false,
      "sample_scores": [
         0.0,
         0.0,
         0.8680227506704856,
         0.0,
         0.0,
         0.9262542437907745,
         0.0,
         0.0,
         0.0,
         0.0,
         0.0,
         0.0,
         0.0,
         0.0,
         0.9263077517410583,
         0.9283967968501025,
         0.0,
         0.9012061461145189,
         0.9355931672343184
      ]
   },
   "GradientBoostingClassifier": {
      "test_score": 0.9662655814191704,
      "best_score": 0.9447644079379897,
      "sample_proportion": 0.01,
      "threshold": 0.9,
      "p": 5,
      "highest class adjustment": false,
      "sample_scores": [
         0.0,
         0.7199765637822043,
         0.0,
         0.0,
         0.0,
         0.0,
         0.0,
         0.0,
         0.8916033649487519,
         0.0,
         0.0,
         0.0,
         0.0,
         0.0,
         0.9401355258253287,
         0.0,
         0.9203222272834767,
         0.9447644079379897,
         0.9053699907682047
      ]
   }
}