{
   "splice": {
      "info": {
         "complexity": {
            "global": [
               0.3565625
            ],
            "class 0": [
               0.19059585492227982
            ],
            "class 1": [
               0.511304347826087
            ]
         },
         "data": {
            "n": 800,
            "n0": 386,
            "n1": 414
         }
      }
   },
   "SVC": {
      "test_score": 0.8651341252812095,
      "best_score": 0.8662418391601517,
      "sample_proportion": 0.98,
      "threshold": 0.45,
      "p": 1,
      "highest class adjustment": true,
      "sample_scores": [
         0.0,
         0.0,
         0.0,
         0.0,
         0.8387463587590916,
         0.0,
         0.0,
         0.8598162653188295,
         0.8662418391601517,
         0.8625932147380907,
         0.0,
         0.0,
         0.0,
         0.0,
         0.8645564454820908,
         0.8645564454820908,
         0.0,
         0.8645564454820908,
         0.0
      ]
   },
   "KNeighborsClassifier": {
      "test_score": 0.7487083283426403,
      "best_score": 0.7837305745871364,
      "sample_proportion": 0.85,
      "threshold": 0.25,
      "p": 1,
      "highest class adjustment": true,
      "sample_scores": [
         0.0,
         0.0,
         0.0,
         0.7777735569450952,
         0.7837305745871364,
         0.781306678105793,
         0.0,
         0.0,
         0.0,
         0.0,
         0.0,
         0.7393276317461015,
         0.0,
         0.0,
         0.0,
         0.7391143833906823,
         0.0,
         0.7391143833906823,
         0.0
      ]
   },
   "RandomForestClassifier": {
      "test_score": 0.9700850801657035,
      "best_score": 0.9531956291924115,
      "sample_proportion": 1.0,
      "threshold": 0.7,
      "p": 1,
      "highest class adjustment": true,
      "sample_scores": [
         0.0,
         0.0,
         0.815024455445022,
         0.0,
         0.0,
         0.9267803020409439,
         0.0,
         0.0,
         0.0,
         0.0,
         0.0,
         0.0,
         0.9520487433645147,
         0.9531956291924115,
         0.9531956291924115,
         0.9531956291924115,
         0.9531956291924115,
         0.9531956291924115,
         0.9531956291924115
      ]
   },
   "GradientBoostingClassifier": {
      "test_score": 0.9699729756781104,
      "best_score": 0.9537890581362057,
      "sample_proportion": 0.98,
      "threshold": 0.45,
      "p": 1,
      "highest class adjustment": true,
      "sample_scores": [
         0.0,
         0.7010296180768648,
         0.0,
         0.0,
         0.0,
         0.0,
         0.0,
         0.9525268961969336,
         0.9537890581362057,
         0.9478465529313267,
         0.0,
         0.0,
         0.0,
         0.0,
         0.9517632300108579,
         0.0,
         0.9517632300108579,
         0.9517632300108579,
         0.0
      ]
   }
}