{
   "transfusion": {
      "info": {
         "complexity": {
            "global": [
               0.3110702341137123
            ],
            "class 0": [
               0.20160087719298247
            ],
            "class 1": [
               0.6626056338028169
            ]
         },
         "data": {
            "n": 598,
            "n0": 456,
            "n1": 142
         }
      }
   },
   "SVC": {
      "test_score": 0.7156691473657816,
      "best_score": 0.696545499052022,
      "sample_proportion": 0.91,
      "threshold": 0.45,
      "p": 1,
      "highest class adjustment": true,
      "sample_scores": [
         0.0,
         0.0,
         0.0,
         0.0,
         0.68760996081767,
         0.0,
         0.0,
         0.6904958282826276,
         0.696545499052022,
         0.6885804601563196,
         0.0,
         0.0,
         0.0,
         0.0,
         0.6557362711017038,
         0.6557362711017038,
         0.0,
         0.6432942072685114,
         0.0
      ]
   },
   "KNeighborsClassifier": {
      "test_score": 0.7218565944092483,
      "best_score": 0.6901839489465281,
      "sample_proportion": 0.97,
      "threshold": 0.65,
      "p": 1,
      "highest class adjustment": true,
      "sample_scores": [
         0.0,
         0.0,
         0.0,
         0.0,
         0.681871562820321,
         0.6787981181904793,
         0.0,
         0.0,
         0.0,
         0.0,
         0.6795387753145735,
         0.6895058240521538,
         0.6901839489465281,
         0.6821292833390548,
         0.0,
         0.6766925591637056,
         0.0,
         0.6841931346626314,
         0.0
      ]
   },
   "RandomForestClassifier": {
      "test_score": 0.7132547418833934,
      "best_score": 0.6960666102080904,
      "sample_proportion": 0.87,
      "threshold": 0.35,
      "p": 1,
      "highest class adjustment": true,
      "sample_scores": [
         0.0,
         0.0,
         0.6428021752329406,
         0.0,
         0.6742606086615757,
         0.6746165916954552,
         0.6960666102080904,
         0.6914594765312252,
         0.0,
         0.0,
         0.0,
         0.0,
         0.0,
         0.0,
         0.634591875000644,
         0.634591875000644,
         0.0,
         0.0,
         0.6485353486453808
      ]
   },
   "GradientBoostingClassifier": {
      "test_score": 0.7131931361845056,
      "best_score": 0.6877417241063438,
      "sample_proportion": 0.89,
      "threshold": 0.4,
      "p": 1,
      "highest class adjustment": true,
      "sample_scores": [
         0.0,
         0.6124473144280129,
         0.0,
         0.0,
         0.0,
         0.0,
         0.6844295105535099,
         0.6877417241063438,
         0.6782400629042739,
         0.6755721127486539,
         0.0,
         0.0,
         0.0,
         0.0,
         0.6357791233057236,
         0.0,
         0.6273651571601141,
         0.6273651571601141,
         0.0
      ]
   }
}