{
   "w1a": {
      "info": {
         "complexity": {
            "global": [
               0.03941443715295308
            ],
            "class 0": [
               0.023848153926157058
            ],
            "class 1": [
               0.5555172413793104
            ]
         },
         "data": {
            "n": 1981,
            "n0": 1923,
            "n1": 58
         }
      }
   },
   "SVC": {
      "test_score": 0.8756337346087442,
      "best_score": 0.7938368266709167,
      "sample_proportion": 0.98,
      "threshold": 0.15,
      "p": 1,
      "highest class adjustment": true,
      "sample_scores": [
         0.0,
         0.7882010943579093,
         0.7938368266709167,
         0.7920898377537954,
         0.7920898377537954,
         0.7920898377537954,
         0.7920898377537954,
         0.0,
         0.7843626045650055,
         0.0,
         0.0,
         0.0,
         0.0,
         0.0,
         0.7843626045650055,
         0.7843626045650055,
         0.0,
         0.7843626045650055,
         0.0
      ]
   },
   "KNeighborsClassifier": {
      "test_score": 0.6741939029583914,
      "best_score": 0.638481716317752,
      "sample_proportion": 0.99,
      "threshold": 0.2,
      "p": 1,
      "highest class adjustment": true,
      "sample_scores": [
         0.0,
         0.0,
         0.6188896268156153,
         0.638481716317752,
         0.638481716317752,
         0.638481716317752,
         0.638481716317752,
         0.638481716317752,
         0.638481716317752,
         0.638481716317752,
         0.6283043937417016,
         0.6283043937417016,
         0.0,
         0.0,
         0.0,
         0.6283043937417016,
         0.0,
         0.6283043937417016,
         0.0
      ]
   },
   "RandomForestClassifier": {
      "test_score": 0.8978367209177291,
      "best_score": 0.7626207540433247,
      "sample_proportion": 1.0,
      "threshold": 0.95,
      "p": 1,
      "highest class adjustment": true,
      "sample_scores": [
         0.0,
         0.0,
         0.7291418681286763,
         0.0,
         0.0,
         0.723954864386386,
         0.0,
         0.0,
         0.0,
         0.0,
         0.0,
         0.0,
         0.0,
         0.0,
         0.7590604377403674,
         0.7590604377403674,
         0.0,
         0.7508238464120568,
         0.7626207540433247
      ]
   },
   "GradientBoostingClassifier": {
      "test_score": 0.9004967737889833,
      "best_score": 0.7924824797077757,
      "sample_proportion": 0.99,
      "threshold": 0.45,
      "p": 1,
      "highest class adjustment": true,
      "sample_scores": [
         0.0,
         0.7879147672226333,
         0.0,
         0.0,
         0.0,
         0.0,
         0.0,
         0.7733538199582032,
         0.7924824797077757,
         0.7635518303054113,
         0.0,
         0.0,
         0.0,
         0.0,
         0.75621566287455,
         0.0,
         0.7583829460626079,
         0.7583829460626079,
         0.0
      ]
   }
}