{
   "w7a": {
      "info": {
         "complexity": {
            "global": [
               0.025469548929276574
            ],
            "class 0": [
               0.01724283701268202
            ],
            "class 1": [
               0.2917398648648648
            ]
         },
         "data": {
            "n": 19753,
            "n0": 19161,
            "n1": 592
         }
      }
   },
   "SVC": {
      "test_score": 0.8828979226641279,
      "best_score": 0.8833440358468491,
      "sample_proportion": 0.7,
      "threshold": 0.85,
      "p": 1,
      "highest class adjustment": true,
      "sample_scores": [
         0.0,
         0.0,
         0.0,
         0.0,
         0.8692322327795523,
         0.0,
         0.0,
         0.0,
         0.87377525535458,
         0.0,
         0.0,
         0.0,
         0.0,
         0.8789470854168159,
         0.8789885078513486,
         0.8792211575858646,
         0.8833440358468491,
         0.8796409888590855,
         0.8744959078505898
      ]
   },
   "KNeighborsClassifier": {
      "test_score": 0.8394410224002185,
      "best_score": 0.8490351345930435,
      "sample_proportion": 0.7,
      "threshold": 0.9,
      "p": 1,
      "highest class adjustment": true,
      "sample_scores": [
         0.0,
         0.0,
         0.0,
         0.0,
         0.8419445979793454,
         0.8421868542976997,
         0.0,
         0.0,
         0.0,
         0.0,
         0.0,
         0.8451414891458513,
         0.0,
         0.0,
         0.0,
         0.8479415850502372,
         0.8443800897415334,
         0.8490351345930435,
         0.8474548755407773
      ]
   },
   "RandomForestClassifier": {
      "test_score": 0.8865793295243999,
      "best_score": 0.8854164367185623,
      "sample_proportion": 0.7,
      "threshold": 0.8,
      "p": 1,
      "highest class adjustment": true,
      "sample_scores": [
         0.0,
         0.0,
         0.8607389278136077,
         0.0,
         0.0,
         0.8782593643289734,
         0.0,
         0.0,
         0.0,
         0.0,
         0.0,
         0.0,
         0.0,
         0.0,
         0.8843363316158289,
         0.8854164367185623,
         0.8836383890913714,
         0.0,
         0.8840319169076674
      ]
   },
   "GradientBoostingClassifier": {
      "test_score": 0.8712590380588008,
      "best_score": 0.875442461477871,
      "sample_proportion": 0.7,
      "threshold": 0.75,
      "p": 1,
      "highest class adjustment": true,
      "sample_scores": [
         0.0,
         0.8552242266801816,
         0.0,
         0.0,
         0.0,
         0.0,
         0.0,
         0.0,
         0.8686921401792261,
         0.0,
         0.0,
         0.0,
         0.0,
         0.8716264329529482,
         0.875442461477871,
         0.8723413461001007,
         0.8722559783075784,
         0.8695809195560275,
         0.0
      ]
   }
}