{
   "w8a": {
      "info": {
         "complexity": {
            "global": [
               0.02405688585140331
            ],
            "class 0": [
               0.016167909674746222
            ],
            "class 1": [
               0.28157227387996614
            ]
         },
         "data": {
            "n": 39799,
            "n0": 38616,
            "n1": 1183
         }
      }
   },
   "SVC": {
      "test_score": 0.9071020881995835,
      "best_score": 0.8870506354395952,
      "sample_proportion": 0.63,
      "threshold": 0.9,
      "p": 1,
      "highest class adjustment": true,
      "sample_scores": [
         0.0,
         0.0,
         0.0,
         0.0,
         0.877929661563519,
         0.0,
         0.0,
         0.0,
         0.8812571029148802,
         0.0,
         0.0,
         0.0,
         0.0,
         0.0,
         0.8853327271519538,
         0.8848936848082362,
         0.8864838539161216,
         0.8870506354395952,
         0.8853741864875607
      ]
   },
   "KNeighborsClassifier": {
      "test_score": 0.8750061183091022,
      "best_score": 0.8456028490106876,
      "sample_proportion": 0.63,
      "threshold": 0.9,
      "p": 1,
      "highest class adjustment": true,
      "sample_scores": [
         0.0,
         0.0,
         0.0,
         0.0,
         0.8277401801618359,
         0.8327511806782342,
         0.0,
         0.0,
         0.0,
         0.0,
         0.0,
         0.8352674382366639,
         0.0,
         0.0,
         0.0,
         0.8443498337045797,
         0.8449426606997239,
         0.8456028490106876,
         0.8453558623940746
      ]
   },
   "RandomForestClassifier": {
      "test_score": 0.9094386341596588,
      "best_score": 0.8947239190646644,
      "sample_proportion": 0.62,
      "threshold": 0.75,
      "p": 1,
      "highest class adjustment": true,
      "sample_scores": [
         0.0,
         0.0,
         0.8767581116783884,
         0.0,
         0.0,
         0.8867402397833074,
         0.0,
         0.0,
         0.0,
         0.0,
         0.0,
         0.0,
         0.0,
         0.8927208953186027,
         0.8947239190646644,
         0.8911610417326227,
         0.0,
         0.0,
         0.8933061200291168
      ]
   },
   "GradientBoostingClassifier": {
      "test_score": 0.9155928282980478,
      "best_score": 0.8893848776093343,
      "sample_proportion": 0.62,
      "threshold": 0.5,
      "p": 1,
      "highest class adjustment": true,
      "sample_scores": [
         0.0,
         0.8719584758352302,
         0.0,
         0.0,
         0.0,
         0.0,
         0.0,
         0.8875901054352019,
         0.8887320660797013,
         0.8893848776093343,
         0.8865447363814374,
         0.0,
         0.0,
         0.0,
         0.8877144231695105,
         0.0,
         0.8854103357303141,
         0.8872139462415688,
         0.0
      ]
   }
}