{
   "a9a": {
      "1": {
         "kdn": {
            "global": 0.18878412825158933,
            "class 0": 0.12949029126213593,
            "class 1": 0.3757173829868639
         },
         "dynamic_kdn": {
            "global": 0.21241577347133073,
            "class 0": 0.1454190938511327,
            "class 1": 0.423633465119245
         },
         "dynamic_kdn_full_zone": {
            "global": 0.057178833573907434,
            "class 0": 0.037896844660194176,
            "class 1": 0.11796837138120138
         }
      },
      "2": {
         "kdn": {
            "global": 0.20016277141365438,
            "class 0": 0.13865291262135923,
            "class 1": 0.3940823874505803
         },
         "dynamic_kdn": {
            "global": 0.2143954424004177,
            "class 0": 0.14675040453074434,
            "class 1": 0.427657186583344
         },
         "dynamic_kdn_full_zone": {
            "global": 0.06078375971253955,
            "class 0": 0.04036569579288026,
            "class 1": 0.1251549547251626
         }
      },
      "3": {
         "kdn": {
            "global": 0.20437537749659612,
            "class 0": 0.14048004314994605,
            "class 1": 0.40581558474684354
         },
         "dynamic_kdn": {
            "global": 0.21652805503516476,
            "class 0": 0.14862176375404532,
            "class 1": 0.43061344216298936
         },
         "dynamic_kdn_full_zone": {
            "global": 0.06448757716286355,
            "class 0": 0.042931229773462795,
            "class 1": 0.13244739191429664
         }
      },
      "4": {
         "kdn": {
            "global": 0.20836276527133687,
            "class 0": 0.14391181229773461,
            "class 1": 0.4115546486417549
         },
         "dynamic_kdn": {
            "global": 0.21876447283560088,
            "class 0": 0.1508450647249191,
            "class 1": 0.43289121285550314
         },
         "dynamic_kdn_full_zone": {
            "global": 0.06781179939191057,
            "class 0": 0.04532847896440129,
            "class 1": 0.1386940441270246
         }
      },
      "5": {
         "kdn": {
            "global": 0.21059549768127517,
            "class 0": 0.14609223300970875,
            "class 1": 0.41395230200229566
         },
         "dynamic_kdn": {
            "global": 0.22063173735450384,
            "class 0": 0.15249352750809061,
            "class 1": 0.4354482846575692
         },
         "dynamic_kdn_full_zone": {
            "global": 0.07090844875771629,
            "class 0": 0.047575647249190944,
            "class 1": 0.14446881775283765
         }
      },
      "6": {
         "kdn": {
            "global": 0.21216076492327224,
            "class 0": 0.1465142934196332,
            "class 1": 0.41912171066615656
         },
         "dynamic_kdn": {
            "global": 0.22202205091981206,
            "class 0": 0.15376011326860842,
            "class 1": 0.43722866981252395
         },
         "dynamic_kdn_full_zone": {
            "global": 0.07369245416295568,
            "class 0": 0.049595064724919105,
            "class 1": 0.14966330825149854
         }
      },
      "7": {
         "kdn": {
            "global": 0.21395885524751343,
            "class 0": 0.1483818770226537,
            "class 1": 0.420700712372693
         },
         "dynamic_kdn": {
            "global": 0.22333834955928875,
            "class 0": 0.15494053398058252,
            "class 1": 0.438973345236577
         },
         "dynamic_kdn_full_zone": {
            "global": 0.0763213660514112,
            "class 0": 0.051582928802589,
            "class 1": 0.15431322535390896
         }
      },
      "8": {
         "kdn": {
            "global": 0.2148966555081232,
            "class 0": 0.14889765372168284,
            "class 1": 0.4229690090549675
         },
         "dynamic_kdn": {
            "global": 0.2246454347225208,
            "class 0": 0.155914644012945,
            "class 1": 0.44133018747608727
         },
         "dynamic_kdn_full_zone": {
            "global": 0.07876477995147568,
            "class 0": 0.05328276699029127,
            "class 1": 0.15910087998979722
         }
      },
      "9": {
         "kdn": {
            "global": 0.21680333323096138,
            "class 0": 0.1508495145631068,
            "class 1": 0.4247332398078476
         },
         "dynamic_kdn": {
            "global": 0.22594084948250975,
            "class 0": 0.15686205501618122,
            "class 1": 0.44372273944649915
         },
         "dynamic_kdn_full_zone": {
            "global": 0.08103528761401678,
            "class 0": 0.05491181229773464,
            "class 1": 0.16339369978319093
         }
      },
      "10": {
         "kdn": {
            "global": 0.21755781456343476,
            "class 0": 0.15133899676375404,
            "class 1": 0.4263231730646601
         },
         "dynamic_kdn": {
            "global": 0.22716071373729307,
            "class 0": 0.15785477346278318,
            "class 1": 0.44565871700038256
         },
         "dynamic_kdn_full_zone": {
            "global": 0.08322287399035656,
            "class 0": 0.05650849514563108,
            "class 1": 0.16744420354546616
         }
      },
      "11": {
         "kdn": {
            "global": 0.21881168492144812,
            "class 0": 0.15257796410709032,
            "class 1": 0.42762402754750667
         },
         "dynamic_kdn": {
            "global": 0.22841835324467924,
            "class 0": 0.15889522653721685,
            "class 1": 0.44760107129192706
         },
         "dynamic_kdn_full_zone": {
            "global": 0.08534473756948499,
            "class 0": 0.0581371359223301,
            "class 1": 0.17112103048080599
         }
      }
   }
}