{
   "a9a": {
      "1": {
         "kdn": {
            "global": 0.19133906633906633,
            "class 0": 0.131378002528445,
            "class 1": 0.3803602741909772
         },
         "dynamic_kdn": {
            "global": 0.21517199017199018,
            "class 0": 0.14707357774968394,
            "class 1": 0.4298453690419257
         },
         "dynamic_kdn_full_zone": {
            "global": 0.05226005835380836,
            "class 0": 0.03460986093552466,
            "class 1": 0.10790052606408418
         }
      },
      "2": {
         "kdn": {
            "global": 0.20160856879606878,
            "class 0": 0.137724399494311,
            "class 1": 0.40299697114618205
         },
         "dynamic_kdn": {
            "global": 0.21631718366093367,
            "class 0": 0.14768495575221238,
            "class 1": 0.432673362027738
         },
         "dynamic_kdn_full_zone": {
            "global": 0.05583653255528256,
            "class 0": 0.03701795195954488,
            "class 1": 0.11516021042563368
         }
      },
      "3": {
         "kdn": {
            "global": 0.20650337837837843,
            "class 0": 0.1424694479561736,
            "class 1": 0.4083638875604442
         },
         "dynamic_kdn": {
            "global": 0.21891392813267815,
            "class 0": 0.1500414664981037,
            "class 1": 0.43602741909772036
         },
         "dynamic_kdn_full_zone": {
            "global": 0.05953125,
            "class 0": 0.039561061946902655,
            "class 1": 0.12248525426430736
         }
      },
      "4": {
         "kdn": {
            "global": 0.21047681203931204,
            "class 0": 0.14575221238938052,
            "class 1": 0.4145145863223338
         },
         "dynamic_kdn": {
            "global": 0.22137784090909093,
            "class 0": 0.1522518331226296,
            "class 1": 0.4392906105531644
         },
         "dynamic_kdn_full_zone": {
            "global": 0.06295070638820639,
            "class 0": 0.042015676359039196,
            "class 1": 0.1289462776980711
         }
      },
      "5": {
         "kdn": {
            "global": 0.2121237714987715,
            "class 0": 0.14729709228824275,
            "class 1": 0.41648334130400133
         },
         "dynamic_kdn": {
            "global": 0.22296491093366094,
            "class 0": 0.15370821744627053,
            "class 1": 0.44128965407301135
         },
         "dynamic_kdn_full_zone": {
            "global": 0.06591139434889434,
            "class 0": 0.04413249051833123,
            "class 1": 0.13456719273075085
         }
      },
      "6": {
         "kdn": {
            "global": 0.21476376945126943,
            "class 0": 0.1491613990729035,
            "class 1": 0.4215686274509804
         },
         "dynamic_kdn": {
            "global": 0.22435887592137593,
            "class 0": 0.15503817951959545,
            "class 1": 0.4428853817949945
         },
         "dynamic_kdn_full_zone": {
            "global": 0.06850276412776414,
            "class 0": 0.046014664981036665,
            "class 1": 0.13939422923641
         }
      },
      "7": {
         "kdn": {
            "global": 0.2159749034749035,
            "class 0": 0.1495177894166516,
            "class 1": 0.4254742547425474
         },
         "dynamic_kdn": {
            "global": 0.22577280405405403,
            "class 0": 0.15616333754740835,
            "class 1": 0.44520962856687396
         },
         "dynamic_kdn_full_zone": {
            "global": 0.07098472051597052,
            "class 0": 0.04777699115044249,
            "class 1": 0.14414474732982624
         }
      }
   }
}