{
   "appendicitis": {
      "1": {
         "kdn": {
            "global": 0.19047619047619047,
            "class 0": 0.14925373134328357,
            "class 1": 0.35294117647058826
         },
         "dynamic_kdn": {
            "global": 0.19047619047619047,
            "class 0": 0.14925373134328357,
            "class 1": 0.35294117647058826
         },
         "dynamic_kdn_full_zone": {
            "global": 0.05392857142857142,
            "class 0": 0.038358208955223884,
            "class 1": 0.11529411764705882
         }
      },
      "2": {
         "kdn": {
            "global": 0.22023809523809523,
            "class 0": 0.15671641791044777,
            "class 1": 0.47058823529411764
         },
         "dynamic_kdn": {
            "global": 0.20511904761904762,
            "class 0": 0.13462686567164175,
            "class 1": 0.48294117647058826
         },
         "dynamic_kdn_full_zone": {
            "global": 0.11738095238095238,
            "class 0": 0.07328358208955223,
            "class 1": 0.29117647058823526
         }
      },
      "3": {
         "kdn": {
            "global": 0.21825396825396823,
            "class 0": 0.14925373134328357,
            "class 1": 0.4901960784313725
         },
         "dynamic_kdn": {
            "global": 0.22702380952380952,
            "class 0": 0.16029850746268656,
            "class 1": 0.4899999999999999
         },
         "dynamic_kdn_full_zone": {
            "global": 0.15107142857142858,
            "class 0": 0.10402985074626867,
            "class 1": 0.33647058823529413
         }
      },
      "4": {
         "kdn": {
            "global": 0.22023809523809523,
            "class 0": 0.15298507462686567,
            "class 1": 0.4852941176470588
         },
         "dynamic_kdn": {
            "global": 0.22488095238095235,
            "class 0": 0.15477611940298505,
            "class 1": 0.5011764705882352
         },
         "dynamic_kdn_full_zone": {
            "global": 0.15880952380952382,
            "class 0": 0.1073134328358209,
            "class 1": 0.361764705882353
         }
      },
      "5": {
         "kdn": {
            "global": 0.21190476190476196,
            "class 0": 0.14626865671641792,
            "class 1": 0.47058823529411764
         },
         "dynamic_kdn": {
            "global": 0.2253571428571429,
            "class 0": 0.15268656716417905,
            "class 1": 0.5117647058823529
         },
         "dynamic_kdn_full_zone": {
            "global": 0.1688095238095238,
            "class 0": 0.1128358208955224,
            "class 1": 0.38941176470588235
         }
      },
      "6": {
         "kdn": {
            "global": 0.22023809523809523,
            "class 0": 0.1517412935323383,
            "class 1": 0.4901960784313726
         },
         "dynamic_kdn": {
            "global": 0.2286904761904762,
            "class 0": 0.1526865671641791,
            "class 1": 0.528235294117647
         },
         "dynamic_kdn_full_zone": {
            "global": 0.17666666666666667,
            "class 0": 0.11537313432835822,
            "class 1": 0.41823529411764715
         }
      },
      "7": {
         "kdn": {
            "global": 0.22619047619047614,
            "class 0": 0.1556503198294243,
            "class 1": 0.5042016806722688
         },
         "dynamic_kdn": {
            "global": 0.23154761904761909,
            "class 0": 0.1540298507462686,
            "class 1": 0.5370588235294117
         },
         "dynamic_kdn_full_zone": {
            "global": 0.1823809523809524,
            "class 0": 0.11776119402985076,
            "class 1": 0.4370588235294118
         }
      }
   }
}