{
   "appendicitis": {
      "1": {
         "kdn": {
            "global": 0.18867924528301888,
            "class 0": 0.1411764705882353,
            "class 1": 0.38095238095238093
         },
         "dynamic_kdn": {
            "global": 0.18867924528301888,
            "class 0": 0.1411764705882353,
            "class 1": 0.38095238095238093
         },
         "dynamic_kdn_full_zone": {
            "global": 0.05471698113207547,
            "class 0": 0.039058823529411764,
            "class 1": 0.1180952380952381
         }
      },
      "2": {
         "kdn": {
            "global": 0.18396226415094338,
            "class 0": 0.12352941176470589,
            "class 1": 0.42857142857142855
         },
         "dynamic_kdn": {
            "global": 0.18924528301886795,
            "class 0": 0.12564705882352942,
            "class 1": 0.4466666666666666
         },
         "dynamic_kdn_full_zone": {
            "global": 0.10320754716981133,
            "class 0": 0.06729411764705882,
            "class 1": 0.2485714285714286
         }
      },
      "3": {
         "kdn": {
            "global": 0.18867924528301888,
            "class 0": 0.12549019607843137,
            "class 1": 0.44444444444444436
         },
         "dynamic_kdn": {
            "global": 0.20867924528301884,
            "class 0": 0.14435294117647057,
            "class 1": 0.46904761904761905
         },
         "dynamic_kdn_full_zone": {
            "global": 0.1350943396226415,
            "class 0": 0.09282352941176471,
            "class 1": 0.30619047619047624
         }
      },
      "4": {
         "kdn": {
            "global": 0.19339622641509435,
            "class 0": 0.12941176470588237,
            "class 1": 0.4523809523809524
         },
         "dynamic_kdn": {
            "global": 0.20632075471698114,
            "class 0": 0.13505882352941176,
            "class 1": 0.4947619047619047
         },
         "dynamic_kdn_full_zone": {
            "global": 0.1419811320754717,
            "class 0": 0.09329411764705882,
            "class 1": 0.339047619047619
         }
      },
      "5": {
         "kdn": {
            "global": 0.19811320754716982,
            "class 0": 0.13176470588235295,
            "class 1": 0.4666666666666668
         },
         "dynamic_kdn": {
            "global": 0.2036792452830189,
            "class 0": 0.12941176470588234,
            "class 1": 0.5042857142857142
         },
         "dynamic_kdn_full_zone": {
            "global": 0.14962264150943397,
            "class 0": 0.09505882352941175,
            "class 1": 0.3704761904761904
         }
      },
      "6": {
         "kdn": {
            "global": 0.20754716981132076,
            "class 0": 0.13725490196078433,
            "class 1": 0.4920634920634921
         },
         "dynamic_kdn": {
            "global": 0.20641509433962263,
            "class 0": 0.13152941176470587,
            "class 1": 0.5095238095238095
         },
         "dynamic_kdn_full_zone": {
            "global": 0.15386792452830186,
            "class 0": 0.09835294117647059,
            "class 1": 0.37857142857142856
         }
      },
      "7": {
         "kdn": {
            "global": 0.2088948787061994,
            "class 0": 0.13445378151260504,
            "class 1": 0.5102040816326531
         },
         "dynamic_kdn": {
            "global": 0.2080188679245283,
            "class 0": 0.13247058823529412,
            "class 1": 0.5138095238095237
         },
         "dynamic_kdn_full_zone": {
            "global": 0.16047169811320752,
            "class 0": 0.10247058823529413,
            "class 1": 0.39523809523809517
         }
      },
      "8": {
         "kdn": {
            "global": 0.20518867924528303,
            "class 0": 0.13088235294117648,
            "class 1": 0.5059523809523809
         },
         "dynamic_kdn": {
            "global": 0.21113207547169813,
            "class 0": 0.1323529411764706,
            "class 1": 0.5299999999999999
         },
         "dynamic_kdn_full_zone": {
            "global": 0.16603773584905662,
            "class 0": 0.10470588235294118,
            "class 1": 0.41428571428571426
         }
      },
      "9": {
         "kdn": {
            "global": 0.20754716981132076,
            "class 0": 0.12941176470588237,
            "class 1": 0.5238095238095238
         },
         "dynamic_kdn": {
            "global": 0.20566037735849058,
            "class 0": 0.128,
            "class 1": 0.5199999999999999
         },
         "dynamic_kdn_full_zone": {
            "global": 0.1658490566037736,
            "class 0": 0.10294117647058823,
            "class 1": 0.4204761904761904
         }
      },
      "10": {
         "kdn": {
            "global": 0.20849056603773586,
            "class 0": 0.13411764705882356,
            "class 1": 0.5095238095238095
         },
         "dynamic_kdn": {
            "global": 0.2079245283018868,
            "class 0": 0.12976470588235292,
            "class 1": 0.5242857142857142
         },
         "dynamic_kdn_full_zone": {
            "global": 0.1689622641509434,
            "class 0": 0.10517647058823532,
            "class 1": 0.4271428571428571
         }
      },
      "11": {
         "kdn": {
            "global": 0.21526586620926239,
            "class 0": 0.1358288770053476,
            "class 1": 0.5367965367965367
         },
         "dynamic_kdn": {
            "global": 0.20773584905660378,
            "class 0": 0.1291764705882353,
            "class 1": 0.5257142857142857
         },
         "dynamic_kdn_full_zone": {
            "global": 0.16962264150943393,
            "class 0": 0.10541176470588236,
            "class 1": 0.4295238095238094
         }
      }
   }
}