{
   "australian": {
      "1": {
         "kdn": {
            "global": 0.2028985507246377,
            "class 0": 0.17647058823529413,
            "class 1": 0.23577235772357724
         },
         "dynamic_kdn": {
            "global": 0.2028985507246377,
            "class 0": 0.17647058823529413,
            "class 1": 0.23577235772357724
         },
         "dynamic_kdn_full_zone": {
            "global": 0.03543478260869565,
            "class 0": 0.028464052287581695,
            "class 1": 0.04410569105691056
         }
      },
      "2": {
         "kdn": {
            "global": 0.19927536231884058,
            "class 0": 0.16830065359477125,
            "class 1": 0.23780487804878048
         },
         "dynamic_kdn": {
            "global": 0.19871376811594205,
            "class 0": 0.1679738562091503,
            "class 1": 0.2369512195121951
         },
         "dynamic_kdn_full_zone": {
            "global": 0.07184782608695651,
            "class 0": 0.05862745098039216,
            "class 1": 0.08829268292682926
         }
      },
      "3": {
         "kdn": {
            "global": 0.1980676328502415,
            "class 0": 0.16993464052287582,
            "class 1": 0.23306233062330625
         },
         "dynamic_kdn": {
            "global": 0.20219202898550726,
            "class 0": 0.17333333333333337,
            "class 1": 0.23808943089430895
         },
         "dynamic_kdn_full_zone": {
            "global": 0.09994565217391305,
            "class 0": 0.0835294117647059,
            "class 1": 0.12036585365853658
         }
      },
      "4": {
         "kdn": {
            "global": 0.1947463768115942,
            "class 0": 0.16993464052287582,
            "class 1": 0.22560975609756098
         },
         "dynamic_kdn": {
            "global": 0.21483695652173915,
            "class 0": 0.1811111111111111,
            "class 1": 0.25678861788617885
         },
         "dynamic_kdn_full_zone": {
            "global": 0.12318840579710146,
            "class 0": 0.10379084967320261,
            "class 1": 0.14731707317073173
         }
      },
      "5": {
         "kdn": {
            "global": 0.19637681159420292,
            "class 0": 0.1673202614379085,
            "class 1": 0.23252032520325205
         },
         "dynamic_kdn": {
            "global": 0.22262681159420286,
            "class 0": 0.1871241830065359,
            "class 1": 0.2667886178861789
         },
         "dynamic_kdn_full_zone": {
            "global": 0.1392934782608696,
            "class 0": 0.11601307189542484,
            "class 1": 0.1682520325203252
         }
      },
      "6": {
         "kdn": {
            "global": 0.19716183574879226,
            "class 0": 0.16884531590413943,
            "class 1": 0.2323848238482385
         },
         "dynamic_kdn": {
            "global": 0.23041666666666666,
            "class 0": 0.19117647058823528,
            "class 1": 0.27922764227642277
         },
         "dynamic_kdn_full_zone": {
            "global": 0.15503623188405796,
            "class 0": 0.128921568627451,
            "class 1": 0.18752032520325207
         }
      },
      "7": {
         "kdn": {
            "global": 0.19694616977225668,
            "class 0": 0.16900093370681604,
            "class 1": 0.23170731707317074
         },
         "dynamic_kdn": {
            "global": 0.23898550724637685,
            "class 0": 0.19715686274509803,
            "class 1": 0.2910162601626016
         },
         "dynamic_kdn_full_zone": {
            "global": 0.16791666666666666,
            "class 0": 0.13911764705882354,
            "class 1": 0.203739837398374
         }
      }
   }
}