{
   "australian": {
      "1": {
         "kdn": {
            "global": 0.20144927536231885,
            "class 0": 0.17493472584856398,
            "class 1": 0.23452768729641693
         },
         "dynamic_kdn": {
            "global": 0.20072463768115942,
            "class 0": 0.17493472584856398,
            "class 1": 0.23289902280130292
         },
         "dynamic_kdn_full_zone": {
            "global": 0.03863768115942028,
            "class 0": 0.03315926892950392,
            "class 1": 0.04547231270358306
         }
      },
      "2": {
         "kdn": {
            "global": 0.20942028985507247,
            "class 0": 0.17362924281984335,
            "class 1": 0.254071661237785
         },
         "dynamic_kdn": {
            "global": 0.20976811594202896,
            "class 0": 0.17631853785900783,
            "class 1": 0.25149837133550484
         },
         "dynamic_kdn_full_zone": {
            "global": 0.0824927536231884,
            "class 0": 0.06892950391644909,
            "class 1": 0.09941368078175897
         }
      },
      "3": {
         "kdn": {
            "global": 0.20434782608695654,
            "class 0": 0.17406440382941685,
            "class 1": 0.24212812160694897
         },
         "dynamic_kdn": {
            "global": 0.21330434782608695,
            "class 0": 0.18073107049608356,
            "class 1": 0.25394136807817586
         },
         "dynamic_kdn_full_zone": {
            "global": 0.112,
            "class 0": 0.09297650130548303,
            "class 1": 0.1357328990228013
         }
      },
      "4": {
         "kdn": {
            "global": 0.20615942028985507,
            "class 0": 0.17754569190600522,
            "class 1": 0.24185667752442996
         },
         "dynamic_kdn": {
            "global": 0.21868115942028987,
            "class 0": 0.1814621409921671,
            "class 1": 0.265114006514658
         },
         "dynamic_kdn_full_zone": {
            "global": 0.13092753623188405,
            "class 0": 0.10772845953002612,
            "class 1": 0.15986970684039087
         }
      },
      "5": {
         "kdn": {
            "global": 0.20492753623188403,
            "class 0": 0.17597911227154048,
            "class 1": 0.24104234527687296
         },
         "dynamic_kdn": {
            "global": 0.2251449275362319,
            "class 0": 0.1856135770234987,
            "class 1": 0.2744625407166124
         },
         "dynamic_kdn_full_zone": {
            "global": 0.1478695652173913,
            "class 0": 0.12138381201044388,
            "class 1": 0.18091205211726383
         }
      },
      "6": {
         "kdn": {
            "global": 0.2045893719806763,
            "class 0": 0.17319408181026982,
            "class 1": 0.24375678610206297
         },
         "dynamic_kdn": {
            "global": 0.23546376811594202,
            "class 0": 0.19263707571801567,
            "class 1": 0.2888925081433225
         },
         "dynamic_kdn_full_zone": {
            "global": 0.16447826086956524,
            "class 0": 0.13550913838120107,
            "class 1": 0.20061889250814333
         }
      },
      "7": {
         "kdn": {
            "global": 0.2074534161490683,
            "class 0": 0.17493472584856393,
            "class 1": 0.2480223359702187
         },
         "dynamic_kdn": {
            "global": 0.2452173913043478,
            "class 0": 0.19835509138381202,
            "class 1": 0.3036807817589577
         },
         "dynamic_kdn_full_zone": {
            "global": 0.1800289855072464,
            "class 0": 0.14699738903394258,
            "class 1": 0.2212377850162866
         }
      },
      "8": {
         "kdn": {
            "global": 0.20579710144927535,
            "class 0": 0.17591383812010444,
            "class 1": 0.24307817589576547
         },
         "dynamic_kdn": {
            "global": 0.2523768115942029,
            "class 0": 0.20503916449086163,
            "class 1": 0.3114332247557003
         },
         "dynamic_kdn_full_zone": {
            "global": 0.1906231884057971,
            "class 0": 0.15590078328981724,
            "class 1": 0.23394136807817587
         }
      },
      "9": {
         "kdn": {
            "global": 0.20692431561996782,
            "class 0": 0.1766753698868581,
            "class 1": 0.24466159971045964
         },
         "dynamic_kdn": {
            "global": 0.25947826086956527,
            "class 0": 0.20762402088772844,
            "class 1": 0.3241693811074919
         },
         "dynamic_kdn_full_zone": {
            "global": 0.20108695652173914,
            "class 0": 0.1624804177545692,
            "class 1": 0.24925081433224755
         }
      },
      "10": {
         "kdn": {
            "global": 0.20884057971014497,
            "class 0": 0.1767624020887729,
            "class 1": 0.2488599348534202
         },
         "dynamic_kdn": {
            "global": 0.2667826086956521,
            "class 0": 0.21446475195822454,
            "class 1": 0.33205211726384365
         },
         "dynamic_kdn_full_zone": {
            "global": 0.21044927536231886,
            "class 0": 0.1709138381201044,
            "class 1": 0.259771986970684
         }
      },
      "11": {
         "kdn": {
            "global": 0.20922266139657444,
            "class 0": 0.17588416805126986,
            "class 1": 0.250814332247557
         },
         "dynamic_kdn": {
            "global": 0.2738405797101449,
            "class 0": 0.22031331592689293,
            "class 1": 0.3406188925081433
         },
         "dynamic_kdn_full_zone": {
            "global": 0.21942028985507248,
            "class 0": 0.17798955613577025,
            "class 1": 0.2711074918566775
         }
      }
   }
}