{
   "backache": {
      "1": {
         "kdn": {
            "global": 0.2222222222222222,
            "class 0": 0.14516129032258066,
            "class 1": 0.7
         },
         "dynamic_kdn": {
            "global": 0.2222222222222222,
            "class 0": 0.14516129032258066,
            "class 1": 0.7
         },
         "dynamic_kdn_full_zone": {
            "global": 0.003333333333333336,
            "class 0": 0.001854838709677421,
            "class 1": 0.012500000000000011
         }
      },
      "2": {
         "kdn": {
            "global": 0.2152777777777778,
            "class 0": 0.13709677419354838,
            "class 1": 0.7
         },
         "dynamic_kdn": {
            "global": 0.22375,
            "class 0": 0.1381451612903226,
            "class 1": 0.7545
         },
         "dynamic_kdn_full_zone": {
            "global": 0.008402777777777783,
            "class 0": 0.005564516129032263,
            "class 1": 0.026000000000000013
         }
      },
      "3": {
         "kdn": {
            "global": 0.21296296296296294,
            "class 0": 0.13172043010752688,
            "class 1": 0.7166666666666667
         },
         "dynamic_kdn": {
            "global": 0.21458333333333332,
            "class 0": 0.12064516129032256,
            "class 1": 0.7969999999999999
         },
         "dynamic_kdn_full_zone": {
            "global": 0.014166666666666673,
            "class 0": 0.007661290322580652,
            "class 1": 0.054500000000000014
         }
      },
      "4": {
         "kdn": {
            "global": 0.2152777777777778,
            "class 0": 0.12903225806451613,
            "class 1": 0.75
         },
         "dynamic_kdn": {
            "global": 0.20875,
            "class 0": 0.11475806451612902,
            "class 1": 0.7915
         },
         "dynamic_kdn_full_zone": {
            "global": 0.017569444444444453,
            "class 0": 0.009596774193548393,
            "class 1": 0.06700000000000002
         }
      },
      "5": {
         "kdn": {
            "global": 0.21666666666666667,
            "class 0": 0.12741935483870967,
            "class 1": 0.77
         },
         "dynamic_kdn": {
            "global": 0.20972222222222223,
            "class 0": 0.11387096774193549,
            "class 1": 0.804
         },
         "dynamic_kdn_full_zone": {
            "global": 0.02361111111111112,
            "class 0": 0.011451612903225817,
            "class 1": 0.099
         }
      },
      "6": {
         "kdn": {
            "global": 0.2164351851851852,
            "class 0": 0.12365591397849461,
            "class 1": 0.7916666666666667
         },
         "dynamic_kdn": {
            "global": 0.20840277777777777,
            "class 0": 0.10838709677419353,
            "class 1": 0.8285
         },
         "dynamic_kdn_full_zone": {
            "global": 0.02736111111111112,
            "class 0": 0.012338709677419365,
            "class 1": 0.12050000000000002
         }
      },
      "7": {
         "kdn": {
            "global": 0.2093253968253968,
            "class 0": 0.11635944700460828,
            "class 1": 0.7857142857142858
         },
         "dynamic_kdn": {
            "global": 0.20118055555555556,
            "class 0": 0.09943548387096773,
            "class 1": 0.8320000000000001
         },
         "dynamic_kdn_full_zone": {
            "global": 0.028958333333333346,
            "class 0": 0.013387096774193561,
            "class 1": 0.1255
         }
      }
   }
}