{
   "backache": {
      "1": {
         "kdn": {
            "global": 0.21666666666666667,
            "class 0": 0.12258064516129032,
            "class 1": 0.8
         },
         "dynamic_kdn": {
            "global": 0.21666666666666667,
            "class 0": 0.12258064516129032,
            "class 1": 0.8
         },
         "dynamic_kdn_full_zone": {
            "global": 0.003500000000000002,
            "class 0": 0.0018064516129032268,
            "class 1": 0.014000000000000007
         }
      },
      "2": {
         "kdn": {
            "global": 0.21388888888888888,
            "class 0": 0.12258064516129032,
            "class 1": 0.78
         },
         "dynamic_kdn": {
            "global": 0.21322222222222223,
            "class 0": 0.11658064516129032,
            "class 1": 0.8123999999999998
         },
         "dynamic_kdn_full_zone": {
            "global": 0.009000000000000006,
            "class 0": 0.005096774193548391,
            "class 1": 0.033200000000000014
         }
      },
      "3": {
         "kdn": {
            "global": 0.2092592592592592,
            "class 0": 0.11612903225806452,
            "class 1": 0.7866666666666666
         },
         "dynamic_kdn": {
            "global": 0.20450000000000002,
            "class 0": 0.10290322580645161,
            "class 1": 0.8344
         },
         "dynamic_kdn_full_zone": {
            "global": 0.01383333333333334,
            "class 0": 0.00722580645161291,
            "class 1": 0.054800000000000015
         }
      },
      "4": {
         "kdn": {
            "global": 0.2111111111111111,
            "class 0": 0.11451612903225807,
            "class 1": 0.81
         },
         "dynamic_kdn": {
            "global": 0.19838888888888892,
            "class 0": 0.09735483870967741,
            "class 1": 0.8248000000000001
         },
         "dynamic_kdn_full_zone": {
            "global": 0.017055555555555563,
            "class 0": 0.008838709677419362,
            "class 1": 0.06799999999999999
         }
      },
      "5": {
         "kdn": {
            "global": 0.20222222222222225,
            "class 0": 0.10838709677419353,
            "class 1": 0.784
         },
         "dynamic_kdn": {
            "global": 0.1979444444444445,
            "class 0": 0.09580645161290323,
            "class 1": 0.8311999999999999
         },
         "dynamic_kdn_full_zone": {
            "global": 0.023000000000000007,
            "class 0": 0.010322580645161299,
            "class 1": 0.1016
         }
      },
      "6": {
         "kdn": {
            "global": 0.2018518518518519,
            "class 0": 0.1075268817204301,
            "class 1": 0.7866666666666667
         },
         "dynamic_kdn": {
            "global": 0.19250000000000003,
            "class 0": 0.08825806451612903,
            "class 1": 0.8388000000000001
         },
         "dynamic_kdn_full_zone": {
            "global": 0.02577777777777778,
            "class 0": 0.011419354838709688,
            "class 1": 0.1148
         }
      },
      "7": {
         "kdn": {
            "global": 0.19682539682539676,
            "class 0": 0.1032258064516129,
            "class 1": 0.7771428571428571
         },
         "dynamic_kdn": {
            "global": 0.19138888888888891,
            "class 0": 0.08619354838709677,
            "class 1": 0.8435999999999999
         },
         "dynamic_kdn_full_zone": {
            "global": 0.02861111111111112,
            "class 0": 0.012387096774193558,
            "class 1": 0.1292
         }
      },
      "8": {
         "kdn": {
            "global": 0.19930555555555557,
            "class 0": 0.10403225806451613,
            "class 1": 0.79
         },
         "dynamic_kdn": {
            "global": 0.18977777777777777,
            "class 0": 0.08393548387096773,
            "class 1": 0.846
         },
         "dynamic_kdn_full_zone": {
            "global": 0.029444444444444454,
            "class 0": 0.013161290322580657,
            "class 1": 0.13040000000000002
         }
      },
      "9": {
         "kdn": {
            "global": 0.19753086419753088,
            "class 0": 0.10322580645161289,
            "class 1": 0.7822222222222222
         },
         "dynamic_kdn": {
            "global": 0.19027777777777777,
            "class 0": 0.0843225806451613,
            "class 1": 0.8472
         },
         "dynamic_kdn_full_zone": {
            "global": 0.030222222222222234,
            "class 0": 0.013612903225806463,
            "class 1": 0.1332
         }
      },
      "10": {
         "kdn": {
            "global": 0.19500000000000003,
            "class 0": 0.1006451612903226,
            "class 1": 0.78
         },
         "dynamic_kdn": {
            "global": 0.19005555555555553,
            "class 0": 0.08354838709677419,
            "class 1": 0.8503999999999999
         },
         "dynamic_kdn_full_zone": {
            "global": 0.031277777777777786,
            "class 0": 0.0143225806451613,
            "class 1": 0.1364
         }
      },
      "11": {
         "kdn": {
            "global": 0.1954545454545454,
            "class 0": 0.0997067448680352,
            "class 1": 0.7890909090909092
         },
         "dynamic_kdn": {
            "global": 0.1893888888888889,
            "class 0": 0.08251612903225806,
            "class 1": 0.8519999999999999
         },
         "dynamic_kdn_full_zone": {
            "global": 0.032166666666666684,
            "class 0": 0.014903225806451625,
            "class 1": 0.13920000000000002
         }
      }
   }
}