{
   "banknote": {
      "1": {
         "kdn": {
            "global": 0.0027347310847766638,
            "class 0": 0.0049261083743842365,
            "class 1": 0.0
         },
         "dynamic_kdn": {
            "global": 0.0027347310847766638,
            "class 0": 0.0049261083743842365,
            "class 1": 0.0
         },
         "dynamic_kdn_full_zone": {
            "global": 0.0009389243391066545,
            "class 0": 0.001691297208538588,
            "class 1": 0.0
         }
      },
      "2": {
         "kdn": {
            "global": 0.0022789425706472195,
            "class 0": 0.004105090311986864,
            "class 1": 0.0
         },
         "dynamic_kdn": {
            "global": 0.0020054694621695537,
            "class 0": 0.0036124794745484405,
            "class 1": 0.0
         },
         "dynamic_kdn_full_zone": {
            "global": 0.001750227894257065,
            "class 0": 0.0031527093596059115,
            "class 1": 0.0
         }
      },
      "3": {
         "kdn": {
            "global": 0.002127013065937405,
            "class 0": 0.003831417624521072,
            "class 1": 0.0
         },
         "dynamic_kdn": {
            "global": 0.004038286235186874,
            "class 0": 0.006847290640394088,
            "class 1": 0.0005327868852459019
         },
         "dynamic_kdn_full_zone": {
            "global": 0.0036918869644484965,
            "class 0": 0.0062233169129720855,
            "class 1": 0.0005327868852459019
         }
      },
      "4": {
         "kdn": {
            "global": 0.0022789425706472195,
            "class 0": 0.004105090311986864,
            "class 1": 0.0
         },
         "dynamic_kdn": {
            "global": 0.006955332725615315,
            "class 0": 0.01083743842364532,
            "class 1": 0.0021106557377049183
         },
         "dynamic_kdn_full_zone": {
            "global": 0.006444849589790337,
            "class 0": 0.009950738916256158,
            "class 1": 0.0020696721311475414
         }
      },
      "5": {
         "kdn": {
            "global": 0.0021877848678213308,
            "class 0": 0.003940886699507389,
            "class 1": 0.0
         },
         "dynamic_kdn": {
            "global": 0.012443026435733822,
            "class 0": 0.01750410509031199,
            "class 1": 0.00612704918032787
         },
         "dynamic_kdn_full_zone": {
            "global": 0.011577028258887878,
            "class 0": 0.016157635467980297,
            "class 1": 0.005860655737704919
         }
      },
      "6": {
         "kdn": {
            "global": 0.0022789425706472195,
            "class 0": 0.004105090311986864,
            "class 1": 0.0
         },
         "dynamic_kdn": {
            "global": 0.016545123062898816,
            "class 0": 0.02182266009852217,
            "class 1": 0.009959016393442625
         },
         "dynamic_kdn_full_zone": {
            "global": 0.015569735642661807,
            "class 0": 0.020426929392446638,
            "class 1": 0.009508196721311476
         }
      },
      "7": {
         "kdn": {
            "global": 0.0035160828232842813,
            "class 0": 0.006333567909922589,
            "class 1": 0.0
         },
         "dynamic_kdn": {
            "global": 0.021103008204193252,
            "class 0": 0.026272577996715927,
            "class 1": 0.014651639344262297
         },
         "dynamic_kdn_full_zone": {
            "global": 0.020127620783956246,
            "class 0": 0.02495894909688013,
            "class 1": 0.014098360655737706
         }
      }
   }
}