{
   "banknote": {
      "1": {
         "kdn": {
            "global": 0.002186588921282799,
            "class 0": 0.003937007874015748,
            "class 1": 0.0
         },
         "dynamic_kdn": {
            "global": 0.002186588921282799,
            "class 0": 0.003937007874015748,
            "class 1": 0.0
         },
         "dynamic_kdn_full_zone": {
            "global": 0.0007507288629737609,
            "class 0": 0.001351706036745407,
            "class 1": 0.0
         }
      },
      "2": {
         "kdn": {
            "global": 0.0018221574344023323,
            "class 0": 0.0032808398950131233,
            "class 1": 0.0
         },
         "dynamic_kdn": {
            "global": 0.001545189504373178,
            "class 0": 0.002782152230971128,
            "class 1": 0.0
         },
         "dynamic_kdn_full_zone": {
            "global": 0.0013775510204081633,
            "class 0": 0.0024803149606299215,
            "class 1": 0.0
         }
      },
      "3": {
         "kdn": {
            "global": 0.0017006802721088433,
            "class 0": 0.0030621172353455816,
            "class 1": 0.0
         },
         "dynamic_kdn": {
            "global": 0.0028352769679300294,
            "class 0": 0.004698162729658793,
            "class 1": 0.0005081967213114755
         },
         "dynamic_kdn_full_zone": {
            "global": 0.0026311953352769683,
            "class 0": 0.004356955380577428,
            "class 1": 0.0004754098360655738
         }
      },
      "4": {
         "kdn": {
            "global": 0.0018221574344023323,
            "class 0": 0.0032808398950131233,
            "class 1": 0.0
         },
         "dynamic_kdn": {
            "global": 0.006056851311953353,
            "class 0": 0.008779527559055117,
            "class 1": 0.002655737704918033
         },
         "dynamic_kdn_full_zone": {
            "global": 0.0057434402332361524,
            "class 0": 0.00830708661417323,
            "class 1": 0.002540983606557377
         }
      },
      "5": {
         "kdn": {
            "global": 0.001749271137026239,
            "class 0": 0.0031496062992125984,
            "class 1": 0.0
         },
         "dynamic_kdn": {
            "global": 0.008833819241982508,
            "class 0": 0.01120734908136483,
            "class 1": 0.005868852459016394
         },
         "dynamic_kdn_full_zone": {
            "global": 0.008411078717201169,
            "class 0": 0.010603674540682414,
            "class 1": 0.005672131147540984
         }
      },
      "6": {
         "kdn": {
            "global": 0.0018221574344023323,
            "class 0": 0.0032808398950131233,
            "class 1": 0.0
         },
         "dynamic_kdn": {
            "global": 0.01205539358600583,
            "class 0": 0.014343832020997375,
            "class 1": 0.009196721311475411
         },
         "dynamic_kdn_full_zone": {
            "global": 0.01152332361516035,
            "class 0": 0.01368766404199475,
            "class 1": 0.008819672131147543
         }
      },
      "7": {
         "kdn": {
            "global": 0.0017700957934194087,
            "class 0": 0.003187101612298463,
            "class 1": 0.0
         },
         "dynamic_kdn": {
            "global": 0.016887755102040818,
            "class 0": 0.020262467191601047,
            "class 1": 0.012672131147540984
         },
         "dynamic_kdn_full_zone": {
            "global": 0.016188046647230322,
            "class 0": 0.019409448818897636,
            "class 1": 0.012163934426229508
         }
      },
      "8": {
         "kdn": {
            "global": 0.0017310495626822158,
            "class 0": 0.003116797900262467,
            "class 1": 0.0
         },
         "dynamic_kdn": {
            "global": 0.021494169096209916,
            "class 0": 0.026338582677165354,
            "class 1": 0.015442622950819674
         },
         "dynamic_kdn_full_zone": {
            "global": 0.02075072886297376,
            "class 0": 0.025406824146981626,
            "class 1": 0.0149344262295082
         }
      },
      "9": {
         "kdn": {
            "global": 0.001943634596695821,
            "class 0": 0.0034995625546806654,
            "class 1": 0.0
         },
         "dynamic_kdn": {
            "global": 0.024227405247813413,
            "class 0": 0.028503937007874014,
            "class 1": 0.018885245901639345
         },
         "dynamic_kdn_full_zone": {
            "global": 0.023425655976676386,
            "class 0": 0.027559055118110236,
            "class 1": 0.018262295081967216
         }
      },
      "10": {
         "kdn": {
            "global": 0.002988338192419825,
            "class 0": 0.0047244094488188984,
            "class 1": 0.000819672131147541
         },
         "dynamic_kdn": {
            "global": 0.028965014577259477,
            "class 0": 0.034422572178477696,
            "class 1": 0.02214754098360656
         },
         "dynamic_kdn_full_zone": {
            "global": 0.028017492711370266,
            "class 0": 0.03332020997375328,
            "class 1": 0.021393442622950825
         }
      },
      "11": {
         "kdn": {
            "global": 0.004240657301881791,
            "class 0": 0.00644237652111668,
            "class 1": 0.001490312965722802
         },
         "dynamic_kdn": {
            "global": 0.03224489795918368,
            "class 0": 0.03801837270341207,
            "class 1": 0.025032786885245902
         },
         "dynamic_kdn_full_zone": {
            "global": 0.03126093294460641,
            "class 0": 0.03687664041994751,
            "class 1": 0.024245901639344265
         }
      }
   }
}