{
   "breastcancer": {
      "1": {
         "kdn": {
            "global": 0.0492091388400703,
            "class 0": 0.03361344537815126,
            "class 1": 0.07547169811320754
         },
         "dynamic_kdn": {
            "global": 0.0492091388400703,
            "class 0": 0.03361344537815126,
            "class 1": 0.07547169811320754
         },
         "dynamic_kdn_full_zone": {
            "global": 0.00539543057996485,
            "class 0": 0.003893557422969187,
            "class 1": 0.007924528301886793
         }
      },
      "2": {
         "kdn": {
            "global": 0.048330404217926184,
            "class 0": 0.029411764705882353,
            "class 1": 0.08018867924528301
         },
         "dynamic_kdn": {
            "global": 0.05961335676625659,
            "class 0": 0.03890756302521008,
            "class 1": 0.09448113207547171
         },
         "dynamic_kdn_full_zone": {
            "global": 0.019666080843585235,
            "class 0": 0.012408963585434174,
            "class 1": 0.03188679245283019
         }
      },
      "3": {
         "kdn": {
            "global": 0.0492091388400703,
            "class 0": 0.031746031746031744,
            "class 1": 0.07861635220125787
         },
         "dynamic_kdn": {
            "global": 0.06717047451669596,
            "class 0": 0.04,
            "class 1": 0.11292452830188678
         },
         "dynamic_kdn_full_zone": {
            "global": 0.03397188049209139,
            "class 0": 0.0192436974789916,
            "class 1": 0.058773584905660384
         }
      },
      "4": {
         "kdn": {
            "global": 0.048330404217926184,
            "class 0": 0.03011204481792717,
            "class 1": 0.07900943396226415
         },
         "dynamic_kdn": {
            "global": 0.07880492091388401,
            "class 0": 0.04655462184873951,
            "class 1": 0.1331132075471698
         },
         "dynamic_kdn_full_zone": {
            "global": 0.045817223198594034,
            "class 0": 0.02624649859943978,
            "class 1": 0.07877358490566039
         }
      },
      "5": {
         "kdn": {
            "global": 0.05237258347978911,
            "class 0": 0.033613445378151266,
            "class 1": 0.0839622641509434
         },
         "dynamic_kdn": {
            "global": 0.08769771528998244,
            "class 0": 0.052156862745098044,
            "class 1": 0.14754716981132077
         },
         "dynamic_kdn_full_zone": {
            "global": 0.05298769771528999,
            "class 0": 0.03109243697478992,
            "class 1": 0.08985849056603774
         }
      },
      "6": {
         "kdn": {
            "global": 0.0559461042765085,
            "class 0": 0.03548085901027077,
            "class 1": 0.09040880503144655
         },
         "dynamic_kdn": {
            "global": 0.09372583479789104,
            "class 0": 0.05546218487394959,
            "class 1": 0.15816037735849056
         },
         "dynamic_kdn_full_zone": {
            "global": 0.059525483304042184,
            "class 0": 0.03613445378151261,
            "class 1": 0.09891509433962263
         }
      },
      "7": {
         "kdn": {
            "global": 0.05874968616620637,
            "class 0": 0.03601440576230492,
            "class 1": 0.09703504043126683
         },
         "dynamic_kdn": {
            "global": 0.10003514938488577,
            "class 0": 0.05879551820728292,
            "class 1": 0.1694811320754717
         },
         "dynamic_kdn_full_zone": {
            "global": 0.06493848857644992,
            "class 0": 0.039103641456582634,
            "class 1": 0.1084433962264151
         }
      },
      "8": {
         "kdn": {
            "global": 0.06129173989455185,
            "class 0": 0.03746498599439776,
            "class 1": 0.10141509433962265
         },
         "dynamic_kdn": {
            "global": 0.10497363796133569,
            "class 0": 0.062044817927170884,
            "class 1": 0.17726415094339623
         },
         "dynamic_kdn_full_zone": {
            "global": 0.06910369068541301,
            "class 0": 0.04168067226890757,
            "class 1": 0.11528301886792454
         }
      },
      "9": {
         "kdn": {
            "global": 0.06463581331771139,
            "class 0": 0.041394335511982565,
            "class 1": 0.10377358490566038
         },
         "dynamic_kdn": {
            "global": 0.11101933216168718,
            "class 0": 0.06476190476190477,
            "class 1": 0.18891509433962264
         },
         "dynamic_kdn_full_zone": {
            "global": 0.07502636203866432,
            "class 0": 0.0446498599439776,
            "class 1": 0.12617924528301888
         }
      },
      "10": {
         "kdn": {
            "global": 0.06520210896309314,
            "class 0": 0.04089635854341737,
            "class 1": 0.10613207547169812
         },
         "dynamic_kdn": {
            "global": 0.1165377855887522,
            "class 0": 0.06745098039215688,
            "class 1": 0.19919811320754718
         },
         "dynamic_kdn_full_zone": {
            "global": 0.08008787346221442,
            "class 0": 0.04742296918767508,
            "class 1": 0.13509433962264156
         }
      },
      "11": {
         "kdn": {
            "global": 0.06678383128295255,
            "class 0": 0.04201680672268908,
            "class 1": 0.10849056603773585
         },
         "dynamic_kdn": {
            "global": 0.12003514938488576,
            "class 0": 0.06949579831932774,
            "class 1": 0.20514150943396228
         },
         "dynamic_kdn_full_zone": {
            "global": 0.0830755711775044,
            "class 0": 0.049523809523809526,
            "class 1": 0.1395754716981132
         }
      }
   }
}