{
   "breastcancer": {
      "1": {
         "kdn": {
            "global": 0.04835164835164835,
            "class 0": 0.031578947368421054,
            "class 1": 0.07647058823529412
         },
         "dynamic_kdn": {
            "global": 0.04835164835164835,
            "class 0": 0.031578947368421054,
            "class 1": 0.07647058823529412
         },
         "dynamic_kdn_full_zone": {
            "global": 0.005604395604395604,
            "class 0": 0.0035789473684210526,
            "class 1": 0.009
         }
      },
      "2": {
         "kdn": {
            "global": 0.045054945054945054,
            "class 0": 0.028070175438596492,
            "class 1": 0.07352941176470588
         },
         "dynamic_kdn": {
            "global": 0.06364835164835164,
            "class 0": 0.04192982456140351,
            "class 1": 0.10005882352941176
         },
         "dynamic_kdn_full_zone": {
            "global": 0.02094505494505495,
            "class 0": 0.012807017543859652,
            "class 1": 0.03458823529411764
         }
      },
      "3": {
         "kdn": {
            "global": 0.04688644688644688,
            "class 0": 0.02923976608187134,
            "class 1": 0.07647058823529412
         },
         "dynamic_kdn": {
            "global": 0.06883516483516484,
            "class 0": 0.04115789473684211,
            "class 1": 0.11523529411764706
         },
         "dynamic_kdn_full_zone": {
            "global": 0.033692307692307695,
            "class 0": 0.01891228070175439,
            "class 1": 0.05847058823529413
         }
      },
      "4": {
         "kdn": {
            "global": 0.05,
            "class 0": 0.03070175438596491,
            "class 1": 0.08235294117647059
         },
         "dynamic_kdn": {
            "global": 0.07958241758241759,
            "class 0": 0.04680701754385966,
            "class 1": 0.13452941176470587
         },
         "dynamic_kdn_full_zone": {
            "global": 0.04342857142857143,
            "class 0": 0.024596491228070182,
            "class 1": 0.075
         }
      },
      "5": {
         "kdn": {
            "global": 0.054505494505494516,
            "class 0": 0.03298245614035088,
            "class 1": 0.09058823529411765
         },
         "dynamic_kdn": {
            "global": 0.08883516483516483,
            "class 0": 0.052035087719298254,
            "class 1": 0.15052941176470588
         },
         "dynamic_kdn_full_zone": {
            "global": 0.05065934065934067,
            "class 0": 0.028982456140350884,
            "class 1": 0.08700000000000001
         }
      },
      "6": {
         "kdn": {
            "global": 0.05714285714285714,
            "class 0": 0.035672514619883036,
            "class 1": 0.09313725490196077
         },
         "dynamic_kdn": {
            "global": 0.09424175824175823,
            "class 0": 0.053859649122807024,
            "class 1": 0.16194117647058826
         },
         "dynamic_kdn_full_zone": {
            "global": 0.056791208791208796,
            "class 0": 0.034,
            "class 1": 0.09500000000000003
         }
      },
      "7": {
         "kdn": {
            "global": 0.060282574568288845,
            "class 0": 0.0380952380952381,
            "class 1": 0.09747899159663864
         },
         "dynamic_kdn": {
            "global": 0.10193406593406594,
            "class 0": 0.05821052631578948,
            "class 1": 0.17523529411764704
         },
         "dynamic_kdn_full_zone": {
            "global": 0.06404395604395605,
            "class 0": 0.03828070175438597,
            "class 1": 0.10723529411764708
         }
      }
   }
}