{
   "bupa": {
      "1": {
         "kdn": {
            "global": 0.4855072463768116,
            "class 0": 0.475177304964539,
            "class 1": 0.4962962962962963
         },
         "dynamic_kdn": {
            "global": 0.4855072463768116,
            "class 0": 0.475177304964539,
            "class 1": 0.4962962962962963
         },
         "dynamic_kdn_full_zone": {
            "global": 0.17300724637681159,
            "class 0": 0.16992907801418441,
            "class 1": 0.17622222222222222
         }
      },
      "2": {
         "kdn": {
            "global": 0.483695652173913,
            "class 0": 0.4787234042553192,
            "class 1": 0.4888888888888889
         },
         "dynamic_kdn": {
            "global": 0.47728260869565226,
            "class 0": 0.4685106382978724,
            "class 1": 0.48644444444444435
         },
         "dynamic_kdn_full_zone": {
            "global": 0.3071376811594203,
            "class 0": 0.3071631205673759,
            "class 1": 0.30711111111111106
         }
      },
      "3": {
         "kdn": {
            "global": 0.47342995169082114,
            "class 0": 0.46572104018912525,
            "class 1": 0.48148148148148145
         },
         "dynamic_kdn": {
            "global": 0.46373188405797106,
            "class 0": 0.45390070921985815,
            "class 1": 0.4740000000000001
         },
         "dynamic_kdn_full_zone": {
            "global": 0.35355072463768117,
            "class 0": 0.3517021276595745,
            "class 1": 0.35548148148148156
         }
      },
      "4": {
         "kdn": {
            "global": 0.46557971014492755,
            "class 0": 0.44858156028368795,
            "class 1": 0.48333333333333334
         },
         "dynamic_kdn": {
            "global": 0.46152173913043476,
            "class 0": 0.4661702127659574,
            "class 1": 0.45666666666666667
         },
         "dynamic_kdn_full_zone": {
            "global": 0.37673913043478263,
            "class 0": 0.38453900709219857,
            "class 1": 0.36859259259259264
         }
      },
      "5": {
         "kdn": {
            "global": 0.45652173913043476,
            "class 0": 0.43546099290780144,
            "class 1": 0.47851851851851857
         },
         "dynamic_kdn": {
            "global": 0.47068840579710153,
            "class 0": 0.47198581560283687,
            "class 1": 0.46933333333333327
         },
         "dynamic_kdn_full_zone": {
            "global": 0.4011231884057971,
            "class 0": 0.404113475177305,
            "class 1": 0.39799999999999996
         }
      },
      "6": {
         "kdn": {
            "global": 0.45471014492753625,
            "class 0": 0.4408983451536642,
            "class 1": 0.4691358024691359
         },
         "dynamic_kdn": {
            "global": 0.47210144927536235,
            "class 0": 0.4762411347517731,
            "class 1": 0.4677777777777778
         },
         "dynamic_kdn_full_zone": {
            "global": 0.41300724637681163,
            "class 0": 0.4181560283687943,
            "class 1": 0.4076296296296296
         }
      },
      "7": {
         "kdn": {
            "global": 0.45600414078674945,
            "class 0": 0.4468085106382978,
            "class 1": 0.4656084656084655
         },
         "dynamic_kdn": {
            "global": 0.4745289855072465,
            "class 0": 0.4838297872340425,
            "class 1": 0.46481481481481474
         },
         "dynamic_kdn_full_zone": {
            "global": 0.4232971014492753,
            "class 0": 0.4317021276595745,
            "class 1": 0.4145185185185185
         }
      }
   }
}