{
   "bupa": {
      "1": {
         "kdn": {
            "global": 0.48695652173913045,
            "class 0": 0.5088757396449705,
            "class 1": 0.4659090909090909
         },
         "dynamic_kdn": {
            "global": 0.48695652173913045,
            "class 0": 0.5088757396449705,
            "class 1": 0.4659090909090909
         },
         "dynamic_kdn_full_zone": {
            "global": 0.17565217391304347,
            "class 0": 0.18307692307692305,
            "class 1": 0.16852272727272727
         }
      },
      "2": {
         "kdn": {
            "global": 0.47101449275362317,
            "class 0": 0.4970414201183432,
            "class 1": 0.4460227272727273
         },
         "dynamic_kdn": {
            "global": 0.4630144927536232,
            "class 0": 0.46763313609467455,
            "class 1": 0.4585795454545455
         },
         "dynamic_kdn_full_zone": {
            "global": 0.3102028985507247,
            "class 0": 0.31029585798816567,
            "class 1": 0.31011363636363637
         }
      },
      "3": {
         "kdn": {
            "global": 0.4666666666666667,
            "class 0": 0.47534516765286,
            "class 1": 0.45833333333333326
         },
         "dynamic_kdn": {
            "global": 0.46423188405797094,
            "class 0": 0.46366863905325434,
            "class 1": 0.4647727272727273
         },
         "dynamic_kdn_full_zone": {
            "global": 0.36081159420289854,
            "class 0": 0.3556804733727811,
            "class 1": 0.3657386363636364
         }
      },
      "4": {
         "kdn": {
            "global": 0.463768115942029,
            "class 0": 0.47781065088757396,
            "class 1": 0.4502840909090909
         },
         "dynamic_kdn": {
            "global": 0.4643188405797101,
            "class 0": 0.45497041420118334,
            "class 1": 0.47329545454545463
         },
         "dynamic_kdn_full_zone": {
            "global": 0.3844927536231884,
            "class 0": 0.37147928994082846,
            "class 1": 0.3969886363636364
         }
      },
      "5": {
         "kdn": {
            "global": 0.4718840579710145,
            "class 0": 0.4863905325443788,
            "class 1": 0.4579545454545455
         },
         "dynamic_kdn": {
            "global": 0.46663768115942034,
            "class 0": 0.4571597633136094,
            "class 1": 0.4757386363636364
         },
         "dynamic_kdn_full_zone": {
            "global": 0.4020289855072464,
            "class 0": 0.38982248520710056,
            "class 1": 0.41374999999999995
         }
      },
      "6": {
         "kdn": {
            "global": 0.4714975845410628,
            "class 0": 0.48422090729783035,
            "class 1": 0.459280303030303
         },
         "dynamic_kdn": {
            "global": 0.4661739130434782,
            "class 0": 0.4531360946745562,
            "class 1": 0.4786931818181818
         },
         "dynamic_kdn_full_zone": {
            "global": 0.41304347826086957,
            "class 0": 0.3999408284023669,
            "class 1": 0.425625
         }
      },
      "7": {
         "kdn": {
            "global": 0.4670807453416148,
            "class 0": 0.47928994082840237,
            "class 1": 0.45535714285714285
         },
         "dynamic_kdn": {
            "global": 0.47234782608695663,
            "class 0": 0.4547928994082841,
            "class 1": 0.4892045454545455
         },
         "dynamic_kdn_full_zone": {
            "global": 0.426,
            "class 0": 0.4073372781065089,
            "class 1": 0.44392045454545453
         }
      },
      "8": {
         "kdn": {
            "global": 0.461231884057971,
            "class 0": 0.47633136094674555,
            "class 1": 0.44673295454545453
         },
         "dynamic_kdn": {
            "global": 0.4733623188405797,
            "class 0": 0.4544378698224853,
            "class 1": 0.49153409090909084
         },
         "dynamic_kdn_full_zone": {
            "global": 0.43,
            "class 0": 0.41118343195266277,
            "class 1": 0.4480681818181818
         }
      },
      "9": {
         "kdn": {
            "global": 0.46119162640901773,
            "class 0": 0.47074293228139374,
            "class 1": 0.45202020202020204
         },
         "dynamic_kdn": {
            "global": 0.4766666666666666,
            "class 0": 0.4556804733727811,
            "class 1": 0.4968181818181818
         },
         "dynamic_kdn_full_zone": {
            "global": 0.4362898550724637,
            "class 0": 0.4157396449704142,
            "class 1": 0.45602272727272725
         }
      },
      "10": {
         "kdn": {
            "global": 0.45623188405797105,
            "class 0": 0.4609467455621302,
            "class 1": 0.45170454545454547
         },
         "dynamic_kdn": {
            "global": 0.4784057971014492,
            "class 0": 0.45698224852071007,
            "class 1": 0.4989772727272727
         },
         "dynamic_kdn_full_zone": {
            "global": 0.44142028985507253,
            "class 0": 0.4210059171597633,
            "class 1": 0.46102272727272725
         }
      },
      "11": {
         "kdn": {
            "global": 0.45507246376811594,
            "class 0": 0.45831091984938127,
            "class 1": 0.4519628099173553
         },
         "dynamic_kdn": {
            "global": 0.4801449275362319,
            "class 0": 0.45857988165680474,
            "class 1": 0.5008522727272727
         },
         "dynamic_kdn_full_zone": {
            "global": 0.4440869565217391,
            "class 0": 0.42378698224852074,
            "class 1": 0.4635795454545455
         }
      }
   }
}