{
   "cleve": {
      "1": {
         "kdn": {
            "global": 0.2644628099173554,
            "class 0": 0.2196969696969697,
            "class 1": 0.3181818181818182
         },
         "dynamic_kdn": {
            "global": 0.2644628099173554,
            "class 0": 0.2196969696969697,
            "class 1": 0.3181818181818182
         },
         "dynamic_kdn_full_zone": {
            "global": 0.03181818181818182,
            "class 0": 0.026060606060606062,
            "class 1": 0.03872727272727273
         }
      },
      "2": {
         "kdn": {
            "global": 0.24380165289256198,
            "class 0": 0.2159090909090909,
            "class 1": 0.2772727272727273
         },
         "dynamic_kdn": {
            "global": 0.25421487603305787,
            "class 0": 0.2290151515151515,
            "class 1": 0.28445454545454546
         },
         "dynamic_kdn_full_zone": {
            "global": 0.07297520661157025,
            "class 0": 0.06075757575757575,
            "class 1": 0.08763636363636365
         }
      },
      "3": {
         "kdn": {
            "global": 0.2369146005509642,
            "class 0": 0.2222222222222222,
            "class 1": 0.2545454545454545
         },
         "dynamic_kdn": {
            "global": 0.26892561983471075,
            "class 0": 0.23439393939393938,
            "class 1": 0.31036363636363645
         },
         "dynamic_kdn_full_zone": {
            "global": 0.10177685950413223,
            "class 0": 0.08984848484848484,
            "class 1": 0.1160909090909091
         }
      },
      "4": {
         "kdn": {
            "global": 0.24586776859504134,
            "class 0": 0.23106060606060605,
            "class 1": 0.2636363636363636
         },
         "dynamic_kdn": {
            "global": 0.2797933884297521,
            "class 0": 0.24886363636363637,
            "class 1": 0.3169090909090909
         },
         "dynamic_kdn_full_zone": {
            "global": 0.12578512396694214,
            "class 0": 0.11242424242424243,
            "class 1": 0.14181818181818182
         }
      },
      "5": {
         "kdn": {
            "global": 0.25785123966942153,
            "class 0": 0.23333333333333336,
            "class 1": 0.2872727272727273
         },
         "dynamic_kdn": {
            "global": 0.2930578512396694,
            "class 0": 0.25742424242424244,
            "class 1": 0.33581818181818174
         },
         "dynamic_kdn_full_zone": {
            "global": 0.14417355371900828,
            "class 0": 0.12712121212121213,
            "class 1": 0.16463636363636364
         }
      },
      "6": {
         "kdn": {
            "global": 0.2665289256198347,
            "class 0": 0.24116161616161613,
            "class 1": 0.29696969696969694
         },
         "dynamic_kdn": {
            "global": 0.2973553719008265,
            "class 0": 0.2608333333333333,
            "class 1": 0.34118181818181814
         },
         "dynamic_kdn_full_zone": {
            "global": 0.15958677685950415,
            "class 0": 0.1387878787878788,
            "class 1": 0.1845454545454545
         }
      },
      "7": {
         "kdn": {
            "global": 0.27331759149940965,
            "class 0": 0.24999999999999994,
            "class 1": 0.3012987012987012
         },
         "dynamic_kdn": {
            "global": 0.30599173553719006,
            "class 0": 0.2653787878787879,
            "class 1": 0.3547272727272726
         },
         "dynamic_kdn_full_zone": {
            "global": 0.17078512396694215,
            "class 0": 0.14651515151515154,
            "class 1": 0.1999090909090909
         }
      }
   }
}