{
   "cleve": {
      "1": {
         "kdn": {
            "global": 0.2739273927392739,
            "class 0": 0.2545454545454545,
            "class 1": 0.2971014492753623
         },
         "dynamic_kdn": {
            "global": 0.2739273927392739,
            "class 0": 0.2545454545454545,
            "class 1": 0.2971014492753623
         },
         "dynamic_kdn_full_zone": {
            "global": 0.031485148514851485,
            "class 0": 0.027575757575757576,
            "class 1": 0.036159420289855075
         }
      },
      "2": {
         "kdn": {
            "global": 0.23597359735973597,
            "class 0": 0.21212121212121213,
            "class 1": 0.2644927536231884
         },
         "dynamic_kdn": {
            "global": 0.24894389438943892,
            "class 0": 0.22351515151515153,
            "class 1": 0.2793478260869565
         },
         "dynamic_kdn_full_zone": {
            "global": 0.07458745874587458,
            "class 0": 0.06436363636363637,
            "class 1": 0.08681159420289855
         }
      },
      "3": {
         "kdn": {
            "global": 0.23432343234323427,
            "class 0": 0.22626262626262622,
            "class 1": 0.2439613526570048
         },
         "dynamic_kdn": {
            "global": 0.26752475247524754,
            "class 0": 0.2426060606060606,
            "class 1": 0.29731884057971014
         },
         "dynamic_kdn_full_zone": {
            "global": 0.1074917491749175,
            "class 0": 0.09793939393939392,
            "class 1": 0.1189130434782609
         }
      },
      "4": {
         "kdn": {
            "global": 0.2400990099009901,
            "class 0": 0.2318181818181818,
            "class 1": 0.25
         },
         "dynamic_kdn": {
            "global": 0.275973597359736,
            "class 0": 0.2450909090909091,
            "class 1": 0.3128985507246377
         },
         "dynamic_kdn_full_zone": {
            "global": 0.13013201320132012,
            "class 0": 0.11812121212121213,
            "class 1": 0.1444927536231884
         }
      },
      "5": {
         "kdn": {
            "global": 0.24158415841584163,
            "class 0": 0.22424242424242424,
            "class 1": 0.26231884057971017
         },
         "dynamic_kdn": {
            "global": 0.2890759075907591,
            "class 0": 0.2532121212121212,
            "class 1": 0.33195652173913043
         },
         "dynamic_kdn_full_zone": {
            "global": 0.1515841584158416,
            "class 0": 0.1316969696969697,
            "class 1": 0.17536231884057973
         }
      },
      "6": {
         "kdn": {
            "global": 0.253025302530253,
            "class 0": 0.23030303030303031,
            "class 1": 0.28019323671497576
         },
         "dynamic_kdn": {
            "global": 0.295973597359736,
            "class 0": 0.2594545454545455,
            "class 1": 0.3396376811594203
         },
         "dynamic_kdn_full_zone": {
            "global": 0.1670957095709571,
            "class 0": 0.14569696969696969,
            "class 1": 0.19268115942028985
         }
      },
      "7": {
         "kdn": {
            "global": 0.26261197548326254,
            "class 0": 0.23896103896103899,
            "class 1": 0.2908902691511387
         },
         "dynamic_kdn": {
            "global": 0.3052475247524753,
            "class 0": 0.2655757575757576,
            "class 1": 0.3526811594202899
         },
         "dynamic_kdn_full_zone": {
            "global": 0.1847854785478548,
            "class 0": 0.16018181818181818,
            "class 1": 0.21420289855072466
         }
      },
      "8": {
         "kdn": {
            "global": 0.2665016501650165,
            "class 0": 0.24166666666666667,
            "class 1": 0.296195652173913
         },
         "dynamic_kdn": {
            "global": 0.31356435643564357,
            "class 0": 0.27375757575757576,
            "class 1": 0.3611594202898551
         },
         "dynamic_kdn_full_zone": {
            "global": 0.19623762376237625,
            "class 0": 0.17072727272727273,
            "class 1": 0.2267391304347826
         }
      },
      "9": {
         "kdn": {
            "global": 0.2706270627062706,
            "class 0": 0.24377104377104378,
            "class 1": 0.3027375201288245
         },
         "dynamic_kdn": {
            "global": 0.3173927392739274,
            "class 0": 0.277939393939394,
            "class 1": 0.3645652173913044
         },
         "dynamic_kdn_full_zone": {
            "global": 0.20336633663366338,
            "class 0": 0.17763636363636362,
            "class 1": 0.2341304347826087
         }
      },
      "10": {
         "kdn": {
            "global": 0.2716171617161717,
            "class 0": 0.24606060606060612,
            "class 1": 0.3021739130434783
         },
         "dynamic_kdn": {
            "global": 0.3199009900990099,
            "class 0": 0.2796969696969697,
            "class 1": 0.36797101449275366
         },
         "dynamic_kdn_full_zone": {
            "global": 0.2088778877887789,
            "class 0": 0.18248484848484847,
            "class 1": 0.2404347826086957
         }
      },
      "11": {
         "kdn": {
            "global": 0.2742274227422742,
            "class 0": 0.24848484848484848,
            "class 1": 0.3050065876152832
         },
         "dynamic_kdn": {
            "global": 0.3226732673267327,
            "class 0": 0.28200000000000003,
            "class 1": 0.3713043478260869
         },
         "dynamic_kdn_full_zone": {
            "global": 0.21547854785478546,
            "class 0": 0.18945454545454546,
            "class 1": 0.24659420289855075
         }
      }
   }
}