{
   "cod-rna": {
      "1": {
         "kdn": {
            "global": 0.06945494247081549,
            "class 0": 0.03933610481229529,
            "class 1": 0.12969261778785587
         },
         "dynamic_kdn": {
            "global": 0.06966847232720248,
            "class 0": 0.039566011589821114,
            "class 1": 0.12987339380196522
         },
         "dynamic_kdn_full_zone": {
            "global": 0.032129209708574795,
            "class 0": 0.017209939531368103,
            "class 1": 0.06196775006298816
         }
      },
      "2": {
         "kdn": {
            "global": 0.08950617283950617,
            "class 0": 0.06119299571680524,
            "class 1": 0.14613252708490804
         },
         "dynamic_kdn": {
            "global": 0.09284811455446376,
            "class 0": 0.05868795666414714,
            "class 1": 0.161168430335097
         },
         "dynamic_kdn_full_zone": {
            "global": 0.06641135466532291,
            "class 0": 0.040762786596119926,
            "class 1": 0.1177084908037289
         }
      },
      "3": {
         "kdn": {
            "global": 0.09222166232748243,
            "class 0": 0.06289367598891407,
            "class 1": 0.15087763500461915
         },
         "dynamic_kdn": {
            "global": 0.1056034265558075,
            "class 0": 0.06923721340388007,
            "class 1": 0.17833585285966239
         },
         "dynamic_kdn_full_zone": {
            "global": 0.08795897371294198,
            "class 0": 0.05708522297808012,
            "class 1": 0.14970647518266564
         }
      },
      "4": {
         "kdn": {
            "global": 0.09552154195011338,
            "class 0": 0.0655549256739733,
            "class 1": 0.15545477450239356
         },
         "dynamic_kdn": {
            "global": 0.11377949945410264,
            "class 0": 0.07430083144368858,
            "class 1": 0.19273683547493073
         },
         "dynamic_kdn_full_zone": {
            "global": 0.1014556563366087,
            "class 0": 0.06589159737969262,
            "class 1": 0.1725837742504409
         }
      },
      "5": {
         "kdn": {
            "global": 0.09753086419753086,
            "class 0": 0.06683673469387756,
            "class 1": 0.1589191232048375
         },
         "dynamic_kdn": {
            "global": 0.12196271101033004,
            "class 0": 0.07913832199546485,
            "class 1": 0.20761148904006047
         },
         "dynamic_kdn_full_zone": {
            "global": 0.11278260686990844,
            "class 0": 0.07289840010078105,
            "class 1": 0.1925510204081633
         }
      },
      "6": {
         "kdn": {
            "global": 0.09934282354917276,
            "class 0": 0.06818468127991938,
            "class 1": 0.16165910808767953
         },
         "dynamic_kdn": {
            "global": 0.12946292097085746,
            "class 0": 0.08362528344671204,
            "class 1": 0.2211381960191484
         },
         "dynamic_kdn_full_zone": {
            "global": 0.122143277063912,
            "class 0": 0.07868795666414714,
            "class 1": 0.20905391786344169
         }
      },
      "7": {
         "kdn": {
            "global": 0.10071506556767325,
            "class 0": 0.06881006370802288,
            "class 1": 0.16452506928697402
         },
         "dynamic_kdn": {
            "global": 0.13649281934996219,
            "class 0": 0.08770313681027966,
            "class 1": 0.23407218442932728
         },
         "dynamic_kdn_full_zone": {
            "global": 0.1304339884101789,
            "class 0": 0.08362433862433861,
            "class 1": 0.22405328798185942
         }
      }
   }
}