{
   "cod-rna": {
      "1": {
         "kdn": {
            "global": 0.05727723188040648,
            "class 0": 0.025144872763920384,
            "class 1": 0.12154195011337869
         },
         "dynamic_kdn": {
            "global": 0.05752834467120181,
            "class 0": 0.025292517006802722,
            "class 1": 0.12200000000000001
         },
         "dynamic_kdn_full_zone": {
            "global": 0.02846527252876459,
            "class 0": 0.011526832955404385,
            "class 1": 0.062342151675485014
         }
      },
      "2": {
         "kdn": {
            "global": 0.0901066599479298,
            "class 0": 0.06204333585285966,
            "class 1": 0.14623330813807003
         },
         "dynamic_kdn": {
            "global": 0.09173931300915428,
            "class 0": 0.05756613756613757,
            "class 1": 0.16008566389518772
         },
         "dynamic_kdn_full_zone": {
            "global": 0.06538288401780465,
            "class 0": 0.039146888384983626,
            "class 1": 0.11785487528344671
         }
      },
      "3": {
         "kdn": {
            "global": 0.08965034573500182,
            "class 0": 0.06046023347610649,
            "class 1": 0.14803057025279245
         },
         "dynamic_kdn": {
            "global": 0.10301217771059042,
            "class 0": 0.0665668934240363,
            "class 1": 0.17590274628369867
         },
         "dynamic_kdn_full_zone": {
            "global": 0.0856212312085328,
            "class 0": 0.05469715293524817,
            "class 1": 0.14746938775510204
         }
      },
      "4": {
         "kdn": {
            "global": 0.09399932812631226,
            "class 0": 0.06504787100025196,
            "class 1": 0.15190224237843286
         },
         "dynamic_kdn": {
            "global": 0.1106329050138574,
            "class 0": 0.07233610481229528,
            "class 1": 0.1872265054169816
         },
         "dynamic_kdn_full_zone": {
            "global": 0.09849584278155707,
            "class 0": 0.06399143361048122,
            "class 1": 0.16750466112370874
         }
      },
      "5": {
         "kdn": {
            "global": 0.09589989082052575,
            "class 0": 0.0653968253968254,
            "class 1": 0.15690602166792644
         },
         "dynamic_kdn": {
            "global": 0.11817149575879735,
            "class 0": 0.07707608969513732,
            "class 1": 0.20036230788611742
         },
         "dynamic_kdn_full_zone": {
            "global": 0.10923389602754682,
            "class 0": 0.07095742000503906,
            "class 1": 0.18578684807256235
         }
      },
      "6": {
         "kdn": {
            "global": 0.09798717841045883,
            "class 0": 0.06722936088015453,
            "class 1": 0.15950281347106743
         },
         "dynamic_kdn": {
            "global": 0.12510556815318719,
            "class 0": 0.08139606953892667,
            "class 1": 0.21252456538170825
         },
         "dynamic_kdn_full_zone": {
            "global": 0.11798269925254051,
            "class 0": 0.07657999496094736,
            "class 1": 0.2007881078357269
         }
      },
      "7": {
         "kdn": {
            "global": 0.09904138022051855,
            "class 0": 0.06772846704819493,
            "class 1": 0.16166720656516573
         },
         "dynamic_kdn": {
            "global": 0.1319171915679852,
            "class 0": 0.0853008314436886,
            "class 1": 0.2251499118165785
         },
         "dynamic_kdn_full_zone": {
            "global": 0.12608381624254641,
            "class 0": 0.08137994457042076,
            "class 1": 0.2154915595867977
         }
      },
      "8": {
         "kdn": {
            "global": 0.10074326026706978,
            "class 0": 0.06918934240362812,
            "class 1": 0.16385109599395314
         },
         "dynamic_kdn": {
            "global": 0.13805055849500295,
            "class 0": 0.08878332073570169,
            "class 1": 0.23658503401360548
         },
         "dynamic_kdn_full_zone": {
            "global": 0.1331477282270933,
            "class 0": 0.08548979591836733,
            "class 1": 0.2284635928445452
         }
      },
      "9": {
         "kdn": {
            "global": 0.10172167632485093,
            "class 0": 0.06934016404915877,
            "class 1": 0.16648470087623526
         },
         "dynamic_kdn": {
            "global": 0.143607457797934,
            "class 0": 0.09196674225245653,
            "class 1": 0.2468888888888889
         },
         "dynamic_kdn_full_zone": {
            "global": 0.1393509700176367,
            "class 0": 0.08909423028470649,
            "class 1": 0.23986444948349714
         }
      },
      "10": {
         "kdn": {
            "global": 0.10304862685815067,
            "class 0": 0.07017132779037541,
            "class 1": 0.16880322499370118
         },
         "dynamic_kdn": {
            "global": 0.1490308222054254,
            "class 0": 0.09520685311161502,
            "class 1": 0.25667876039304616
         },
         "dynamic_kdn_full_zone": {
            "global": 0.14530259511211893,
            "class 0": 0.09269085411942556,
            "class 1": 0.2505260770975057
         }
      },
      "11": {
         "kdn": {
            "global": 0.10393427853745313,
            "class 0": 0.0705810943906182,
            "class 1": 0.170640646831123
         },
         "dynamic_kdn": {
            "global": 0.1540898631057361,
            "class 0": 0.09823356009070293,
            "class 1": 0.26580246913580247
         },
         "dynamic_kdn_full_zone": {
            "global": 0.15075367430922984,
            "class 0": 0.0959596875787352,
            "class 1": 0.2603416477702192
         }
      }
   }
}