{
   "colon-cancer": {
      "1": {
         "kdn": {
            "global": 0.2653061224489796,
            "class 0": 0.25,
            "class 1": 0.29411764705882354
         },
         "dynamic_kdn": {
            "global": 0.2653061224489796,
            "class 0": 0.25,
            "class 1": 0.29411764705882354
         },
         "dynamic_kdn_full_zone": {
            "global": 0.0,
            "class 0": 0.0,
            "class 1": 0.0
         }
      },
      "2": {
         "kdn": {
            "global": 0.2653061224489796,
            "class 0": 0.203125,
            "class 1": 0.38235294117647056
         },
         "dynamic_kdn": {
            "global": 0.25816326530612244,
            "class 0": 0.2275,
            "class 1": 0.3158823529411765
         },
         "dynamic_kdn_full_zone": {
            "global": 0.0,
            "class 0": 0.0,
            "class 1": 0.0
         }
      },
      "3": {
         "kdn": {
            "global": 0.2993197278911564,
            "class 0": 0.19791666666666663,
            "class 1": 0.4901960784313725
         },
         "dynamic_kdn": {
            "global": 0.2571428571428572,
            "class 0": 0.22749999999999998,
            "class 1": 0.3129411764705883
         },
         "dynamic_kdn_full_zone": {
            "global": 0.0,
            "class 0": 0.0,
            "class 1": 0.0
         }
      },
      "4": {
         "kdn": {
            "global": 0.3010204081632653,
            "class 0": 0.21875,
            "class 1": 0.45588235294117646
         },
         "dynamic_kdn": {
            "global": 0.2571428571428572,
            "class 0": 0.22749999999999998,
            "class 1": 0.3129411764705883
         },
         "dynamic_kdn_full_zone": {
            "global": 0.0,
            "class 0": 0.0,
            "class 1": 0.0
         }
      },
      "5": {
         "kdn": {
            "global": 0.32653061224489793,
            "class 0": 0.23125,
            "class 1": 0.5058823529411766
         },
         "dynamic_kdn": {
            "global": 0.2573469387755102,
            "class 0": 0.22749999999999998,
            "class 1": 0.3135294117647059
         },
         "dynamic_kdn_full_zone": {
            "global": 0.0,
            "class 0": 0.0,
            "class 1": 0.0
         }
      },
      "6": {
         "kdn": {
            "global": 0.33333333333333337,
            "class 0": 0.234375,
            "class 1": 0.5196078431372549
         },
         "dynamic_kdn": {
            "global": 0.2575510204081633,
            "class 0": 0.22781249999999997,
            "class 1": 0.3135294117647059
         },
         "dynamic_kdn_full_zone": {
            "global": 0.0,
            "class 0": 0.0,
            "class 1": 0.0
         }
      },
      "7": {
         "kdn": {
            "global": 0.35568513119533524,
            "class 0": 0.2589285714285714,
            "class 1": 0.5378151260504201
         },
         "dynamic_kdn": {
            "global": 0.2575510204081633,
            "class 0": 0.22781249999999997,
            "class 1": 0.3135294117647059
         },
         "dynamic_kdn_full_zone": {
            "global": 0.0,
            "class 0": 0.0,
            "class 1": 0.0
         }
      }
   }
}