{
   "colon-cancer": {
      "1": {
         "kdn": {
            "global": 0.27419354838709675,
            "class 0": 0.25,
            "class 1": 0.3181818181818182
         },
         "dynamic_kdn": {
            "global": 0.27419354838709675,
            "class 0": 0.25,
            "class 1": 0.3181818181818182
         },
         "dynamic_kdn_full_zone": {
            "global": 0.0,
            "class 0": 0.0,
            "class 1": 0.0
         }
      },
      "2": {
         "kdn": {
            "global": 0.27419354838709675,
            "class 0": 0.1875,
            "class 1": 0.4318181818181818
         },
         "dynamic_kdn": {
            "global": 0.27467741935483875,
            "class 0": 0.22525,
            "class 1": 0.3645454545454545
         },
         "dynamic_kdn_full_zone": {
            "global": 0.0,
            "class 0": 0.0,
            "class 1": 0.0
         }
      },
      "3": {
         "kdn": {
            "global": 0.26881720430107525,
            "class 0": 0.15833333333333333,
            "class 1": 0.46969696969696967
         },
         "dynamic_kdn": {
            "global": 0.2743548387096774,
            "class 0": 0.22549999999999998,
            "class 1": 0.36318181818181816
         },
         "dynamic_kdn_full_zone": {
            "global": 0.0,
            "class 0": 0.0,
            "class 1": 0.0
         }
      },
      "4": {
         "kdn": {
            "global": 0.27419354838709675,
            "class 0": 0.1625,
            "class 1": 0.4772727272727273
         },
         "dynamic_kdn": {
            "global": 0.2743548387096774,
            "class 0": 0.22525,
            "class 1": 0.3636363636363637
         },
         "dynamic_kdn_full_zone": {
            "global": 0.0,
            "class 0": 0.0,
            "class 1": 0.0
         }
      },
      "5": {
         "kdn": {
            "global": 0.2806451612903226,
            "class 0": 0.165,
            "class 1": 0.49090909090909096
         },
         "dynamic_kdn": {
            "global": 0.27419354838709675,
            "class 0": 0.22525,
            "class 1": 0.36318181818181816
         },
         "dynamic_kdn_full_zone": {
            "global": 0.0,
            "class 0": 0.0,
            "class 1": 0.0
         }
      },
      "6": {
         "kdn": {
            "global": 0.29301075268817206,
            "class 0": 0.17916666666666664,
            "class 1": 0.5
         },
         "dynamic_kdn": {
            "global": 0.2743548387096774,
            "class 0": 0.22525,
            "class 1": 0.3636363636363636
         },
         "dynamic_kdn_full_zone": {
            "global": 0.0,
            "class 0": 0.0,
            "class 1": 0.0
         }
      },
      "7": {
         "kdn": {
            "global": 0.30184331797235026,
            "class 0": 0.18928571428571428,
            "class 1": 0.5064935064935064
         },
         "dynamic_kdn": {
            "global": 0.2743548387096774,
            "class 0": 0.22525,
            "class 1": 0.3636363636363636
         },
         "dynamic_kdn_full_zone": {
            "global": 0.0,
            "class 0": 0.0,
            "class 1": 0.0
         }
      },
      "8": {
         "kdn": {
            "global": 0.30443548387096775,
            "class 0": 0.19375,
            "class 1": 0.5056818181818182
         },
         "dynamic_kdn": {
            "global": 0.2743548387096774,
            "class 0": 0.22525,
            "class 1": 0.3636363636363636
         },
         "dynamic_kdn_full_zone": {
            "global": 0.0,
            "class 0": 0.0,
            "class 1": 0.0
         }
      },
      "9": {
         "kdn": {
            "global": 0.3154121863799283,
            "class 0": 0.20555555555555555,
            "class 1": 0.5151515151515151
         },
         "dynamic_kdn": {
            "global": 0.2743548387096774,
            "class 0": 0.22525,
            "class 1": 0.3636363636363636
         },
         "dynamic_kdn_full_zone": {
            "global": 0.0,
            "class 0": 0.0,
            "class 1": 0.0
         }
      },
      "10": {
         "kdn": {
            "global": 0.3161290322580646,
            "class 0": 0.205,
            "class 1": 0.5181818181818182
         },
         "dynamic_kdn": {
            "global": 0.2745161290322581,
            "class 0": 0.22549999999999998,
            "class 1": 0.3636363636363636
         },
         "dynamic_kdn_full_zone": {
            "global": 0.0,
            "class 0": 0.0,
            "class 1": 0.0
         }
      },
      "11": {
         "kdn": {
            "global": 0.32111436950146627,
            "class 0": 0.20909090909090908,
            "class 1": 0.5247933884297521
         },
         "dynamic_kdn": {
            "global": 0.2745161290322581,
            "class 0": 0.22549999999999998,
            "class 1": 0.3636363636363636
         },
         "dynamic_kdn_full_zone": {
            "global": 0.0,
            "class 0": 0.0,
            "class 1": 0.0
         }
      }
   }
}