{
   "diabetes": {
      "1": {
         "kdn": {
            "global": 0.29296875,
            "class 0": 0.458955223880597,
            "class 1": 0.204
         },
         "dynamic_kdn": {
            "global": 0.2942708333333333,
            "class 0": 0.458955223880597,
            "class 1": 0.206
         },
         "dynamic_kdn_full_zone": {
            "global": 0.07544270833333333,
            "class 0": 0.11876865671641791,
            "class 1": 0.052219999999999996
         }
      },
      "2": {
         "kdn": {
            "global": 0.3053385416666667,
            "class 0": 0.4701492537313433,
            "class 1": 0.217
         },
         "dynamic_kdn": {
            "global": 0.3145442708333333,
            "class 0": 0.47134328358208955,
            "class 1": 0.2305
         },
         "dynamic_kdn_full_zone": {
            "global": 0.17460937500000004,
            "class 0": 0.2648507462686567,
            "class 1": 0.12624
         }
      },
      "3": {
         "kdn": {
            "global": 0.2990451388888889,
            "class 0": 0.4539800995024875,
            "class 1": 0.216
         },
         "dynamic_kdn": {
            "global": 0.32083333333333336,
            "class 0": 0.4865671641791045,
            "class 1": 0.232
         },
         "dynamic_kdn_full_zone": {
            "global": 0.22328125,
            "class 0": 0.33929104477611943,
            "class 1": 0.1611
         }
      },
      "4": {
         "kdn": {
            "global": 0.3053385416666667,
            "class 0": 0.4664179104477612,
            "class 1": 0.219
         },
         "dynamic_kdn": {
            "global": 0.32208333333333333,
            "class 0": 0.4976492537313433,
            "class 1": 0.22798000000000002
         },
         "dynamic_kdn_full_zone": {
            "global": 0.24973958333333335,
            "class 0": 0.3875373134328359,
            "class 1": 0.17588
         }
      },
      "5": {
         "kdn": {
            "global": 0.31041666666666673,
            "class 0": 0.48134328358208955,
            "class 1": 0.21880000000000002
         },
         "dynamic_kdn": {
            "global": 0.3274609375,
            "class 0": 0.5121641791044775,
            "class 1": 0.22846
         },
         "dynamic_kdn_full_zone": {
            "global": 0.267734375,
            "class 0": 0.41854477611940294,
            "class 1": 0.1869
         }
      },
      "6": {
         "kdn": {
            "global": 0.3140190972222222,
            "class 0": 0.48383084577114427,
            "class 1": 0.223
         },
         "dynamic_kdn": {
            "global": 0.33111979166666666,
            "class 0": 0.5248507462686567,
            "class 1": 0.22727999999999998
         },
         "dynamic_kdn_full_zone": {
            "global": 0.2805989583333333,
            "class 0": 0.4426492537313433,
            "class 1": 0.19374
         }
      },
      "7": {
         "kdn": {
            "global": 0.318266369047619,
            "class 0": 0.48827292110874193,
            "class 1": 0.22714285714285712
         },
         "dynamic_kdn": {
            "global": 0.3376692708333333,
            "class 0": 0.5405970149253732,
            "class 1": 0.2289
         },
         "dynamic_kdn_full_zone": {
            "global": 0.294453125,
            "class 0": 0.4699253731343284,
            "class 1": 0.2004
         }
      },
      "8": {
         "kdn": {
            "global": 0.3204752604166667,
            "class 0": 0.49486940298507465,
            "class 1": 0.227
         },
         "dynamic_kdn": {
            "global": 0.34265625000000005,
            "class 0": 0.5537313432835821,
            "class 1": 0.22951999999999997
         },
         "dynamic_kdn_full_zone": {
            "global": 0.304375,
            "class 0": 0.4895522388059702,
            "class 1": 0.20512
         }
      },
      "9": {
         "kdn": {
            "global": 0.32219328703703703,
            "class 0": 0.4979270315091211,
            "class 1": 0.228
         },
         "dynamic_kdn": {
            "global": 0.34552083333333333,
            "class 0": 0.5596268656716418,
            "class 1": 0.23076000000000002
         },
         "dynamic_kdn_full_zone": {
            "global": 0.310703125,
            "class 0": 0.5005223880597015,
            "class 1": 0.20895999999999998
         }
      },
      "10": {
         "kdn": {
            "global": 0.3223958333333334,
            "class 0": 0.49552238805970156,
            "class 1": 0.22960000000000003
         },
         "dynamic_kdn": {
            "global": 0.3480208333333333,
            "class 0": 0.5656716417910449,
            "class 1": 0.23136
         },
         "dynamic_kdn_full_zone": {
            "global": 0.31570312500000003,
            "class 0": 0.5104104477611942,
            "class 1": 0.21134
         }
      },
      "11": {
         "kdn": {
            "global": 0.324810606060606,
            "class 0": 0.5003392130257802,
            "class 1": 0.23072727272727273
         },
         "dynamic_kdn": {
            "global": 0.35117187499999997,
            "class 0": 0.5736194029850747,
            "class 1": 0.23194
         },
         "dynamic_kdn_full_zone": {
            "global": 0.32095052083333336,
            "class 0": 0.5214925373134328,
            "class 1": 0.21345999999999998
         }
      }
   }
}