{
   "diabetes": {
      "1": {
         "kdn": {
            "global": 0.2931596091205212,
            "class 0": 0.21,
            "class 1": 0.4485981308411215
         },
         "dynamic_kdn": {
            "global": 0.2931596091205212,
            "class 0": 0.21,
            "class 1": 0.4485981308411215
         },
         "dynamic_kdn_full_zone": {
            "global": 0.07164495114006515,
            "class 0": 0.051699999999999996,
            "class 1": 0.1089252336448598
         }
      },
      "2": {
         "kdn": {
            "global": 0.2980456026058632,
            "class 0": 0.205,
            "class 1": 0.4719626168224299
         },
         "dynamic_kdn": {
            "global": 0.30294788273615636,
            "class 0": 0.21185,
            "class 1": 0.47322429906542046
         },
         "dynamic_kdn_full_zone": {
            "global": 0.1650325732899023,
            "class 0": 0.117075,
            "class 1": 0.2546728971962617
         }
      },
      "3": {
         "kdn": {
            "global": 0.29913137893593916,
            "class 0": 0.20416666666666664,
            "class 1": 0.4766355140186916
         },
         "dynamic_kdn": {
            "global": 0.3154397394136808,
            "class 0": 0.21917499999999998,
            "class 1": 0.4953738317757009
         },
         "dynamic_kdn_full_zone": {
            "global": 0.21397394136807818,
            "class 0": 0.14944999999999997,
            "class 1": 0.3345794392523364
         }
      },
      "4": {
         "kdn": {
            "global": 0.30903908794788276,
            "class 0": 0.210625,
            "class 1": 0.4929906542056075
         },
         "dynamic_kdn": {
            "global": 0.3204071661237785,
            "class 0": 0.220825,
            "class 1": 0.5065420560747662
         },
         "dynamic_kdn_full_zone": {
            "global": 0.24205211726384365,
            "class 0": 0.16797499999999999,
            "class 1": 0.3805140186915887
         }
      },
      "5": {
         "kdn": {
            "global": 0.30781758957654726,
            "class 0": 0.21400000000000002,
            "class 1": 0.48317757009345796
         },
         "dynamic_kdn": {
            "global": 0.3240228013029316,
            "class 0": 0.21925,
            "class 1": 0.5198598130841121
         },
         "dynamic_kdn_full_zone": {
            "global": 0.2603745928338762,
            "class 0": 0.176025,
            "class 1": 0.4180373831775701
         }
      },
      "6": {
         "kdn": {
            "global": 0.3083604777415852,
            "class 0": 0.21333333333333332,
            "class 1": 0.48598130841121495
         },
         "dynamic_kdn": {
            "global": 0.3310912052117264,
            "class 0": 0.222025,
            "class 1": 0.5349532710280375
         },
         "dynamic_kdn_full_zone": {
            "global": 0.276156351791531,
            "class 0": 0.1861,
            "class 1": 0.4444859813084112
         }
      },
      "7": {
         "kdn": {
            "global": 0.3150302466263378,
            "class 0": 0.2171428571428571,
            "class 1": 0.4979973297730307
         },
         "dynamic_kdn": {
            "global": 0.33693811074918567,
            "class 0": 0.22252499999999997,
            "class 1": 0.5507943925233645
         },
         "dynamic_kdn_full_zone": {
            "global": 0.28895765472312707,
            "class 0": 0.19242499999999998,
            "class 1": 0.469392523364486
         }
      }
   }
}