{
   "flare": {
      "1": {
         "kdn": {
            "global": 0.1983568075117371,
            "class 0": 0.11598302687411598,
            "class 1": 0.6
         },
         "dynamic_kdn": {
            "global": 0.249906103286385,
            "class 0": 0.15155586987270153,
            "class 1": 0.729448275862069
         },
         "dynamic_kdn_full_zone": {
            "global": 0.1835211267605634,
            "class 0": 0.1105940594059406,
            "class 1": 0.539103448275862
         }
      },
      "2": {
         "kdn": {
            "global": 0.1936619718309859,
            "class 0": 0.10254596888260255,
            "class 1": 0.6379310344827587
         },
         "dynamic_kdn": {
            "global": 0.245962441314554,
            "class 0": 0.1474115983026874,
            "class 1": 0.7264827586206897
         },
         "dynamic_kdn_full_zone": {
            "global": 0.192406103286385,
            "class 0": 0.115021216407355,
            "class 1": 0.5697241379310345
         }
      },
      "3": {
         "kdn": {
            "global": 0.19913928012519563,
            "class 0": 0.10891089108910891,
            "class 1": 0.639080459770115
         },
         "dynamic_kdn": {
            "global": 0.24771126760563378,
            "class 0": 0.151018387553041,
            "class 1": 0.7191724137931035
         },
         "dynamic_kdn_full_zone": {
            "global": 0.20097417840375587,
            "class 0": 0.12263083451202264,
            "class 1": 0.5829655172413793
         }
      },
      "4": {
         "kdn": {
            "global": 0.2136150234741784,
            "class 0": 0.12482319660537482,
            "class 1": 0.646551724137931
         },
         "dynamic_kdn": {
            "global": 0.24908450704225354,
            "class 0": 0.15046676096181047,
            "class 1": 0.7299310344827586
         },
         "dynamic_kdn_full_zone": {
            "global": 0.20881455399061033,
            "class 0": 0.12603960396039607,
            "class 1": 0.6124137931034482
         }
      },
      "5": {
         "kdn": {
            "global": 0.21619718309859154,
            "class 0": 0.1272984441301273,
            "class 1": 0.649655172413793
         },
         "dynamic_kdn": {
            "global": 0.2491431924882629,
            "class 0": 0.15134370579915135,
            "class 1": 0.726
         },
         "dynamic_kdn_full_zone": {
            "global": 0.21316901408450706,
            "class 0": 0.12966053748231968,
            "class 1": 0.6203448275862069
         }
      },
      "6": {
         "kdn": {
            "global": 0.2363067292644757,
            "class 0": 0.14969354078264968,
            "class 1": 0.6586206896551724
         },
         "dynamic_kdn": {
            "global": 0.247406103286385,
            "class 0": 0.14956152758132957,
            "class 1": 0.7244827586206898
         },
         "dynamic_kdn_full_zone": {
            "global": 0.2146596244131455,
            "class 0": 0.1298868458274399,
            "class 1": 0.628
         }
      },
      "7": {
         "kdn": {
            "global": 0.23809523809523805,
            "class 0": 0.14730248535057586,
            "class 1": 0.6807881773399014
         },
         "dynamic_kdn": {
            "global": 0.2472183098591549,
            "class 0": 0.14804809052333806,
            "class 1": 0.7307586206896551
         },
         "dynamic_kdn_full_zone": {
            "global": 0.21735915492957747,
            "class 0": 0.13007072135785008,
            "class 1": 0.6429655172413793
         }
      }
   }
}