{
   "flare": {
      "1": {
         "kdn": {
            "global": 0.22138836772983114,
            "class 0": 0.15723981900452488,
            "class 1": 0.532967032967033
         },
         "dynamic_kdn": {
            "global": 0.24062851782363975,
            "class 0": 0.1442873303167421,
            "class 1": 0.7085714285714284
         },
         "dynamic_kdn_full_zone": {
            "global": 0.1847748592870544,
            "class 0": 0.11095022624434389,
            "class 1": 0.5433516483516484
         }
      },
      "2": {
         "kdn": {
            "global": 0.19840525328330205,
            "class 0": 0.11368778280542986,
            "class 1": 0.6098901098901099
         },
         "dynamic_kdn": {
            "global": 0.24189493433395873,
            "class 0": 0.14381221719457013,
            "class 1": 0.7182967032967033
         },
         "dynamic_kdn_full_zone": {
            "global": 0.1943245778611632,
            "class 0": 0.11604072398190046,
            "class 1": 0.5745604395604396
         }
      },
      "3": {
         "kdn": {
            "global": 0.1982489055659787,
            "class 0": 0.10482654600301658,
            "class 1": 0.652014652014652
         },
         "dynamic_kdn": {
            "global": 0.24348030018761727,
            "class 0": 0.14802036199095026,
            "class 1": 0.7071428571428571
         },
         "dynamic_kdn_full_zone": {
            "global": 0.20275797373358348,
            "class 0": 0.12346153846153846,
            "class 1": 0.5879120879120879
         }
      },
      "4": {
         "kdn": {
            "global": 0.21880863039399626,
            "class 0": 0.1346153846153846,
            "class 1": 0.6277472527472527
         },
         "dynamic_kdn": {
            "global": 0.24544090056285178,
            "class 0": 0.14834841628959275,
            "class 1": 0.717032967032967
         },
         "dynamic_kdn_full_zone": {
            "global": 0.20958724202626644,
            "class 0": 0.12654977375565613,
            "class 1": 0.612912087912088
         }
      },
      "5": {
         "kdn": {
            "global": 0.22382739212007507,
            "class 0": 0.13144796380090495,
            "class 1": 0.6725274725274726
         },
         "dynamic_kdn": {
            "global": 0.24762664165103193,
            "class 0": 0.14993212669683256,
            "class 1": 0.7221428571428572
         },
         "dynamic_kdn_full_zone": {
            "global": 0.2146998123827392,
            "class 0": 0.1299547511312217,
            "class 1": 0.6263186813186814
         }
      },
      "6": {
         "kdn": {
            "global": 0.23764853033145714,
            "class 0": 0.15026395173453994,
            "class 1": 0.6620879120879121
         },
         "dynamic_kdn": {
            "global": 0.2473733583489681,
            "class 0": 0.14997737556561083,
            "class 1": 0.7204395604395605
         },
         "dynamic_kdn_full_zone": {
            "global": 0.2171857410881801,
            "class 0": 0.13165158371040722,
            "class 1": 0.6326373626373626
         }
      },
      "7": {
         "kdn": {
            "global": 0.23452157598499057,
            "class 0": 0.14156431803490624,
            "class 1": 0.6860282574568288
         },
         "dynamic_kdn": {
            "global": 0.24589118198874296,
            "class 0": 0.14782805429864251,
            "class 1": 0.7221978021978022
         },
         "dynamic_kdn_full_zone": {
            "global": 0.21908067542213883,
            "class 0": 0.13159502262443437,
            "class 1": 0.6440109890109891
         }
      },
      "8": {
         "kdn": {
            "global": 0.2397983114446529,
            "class 0": 0.14960407239819004,
            "class 1": 0.6778846153846154
         },
         "dynamic_kdn": {
            "global": 0.24601313320825516,
            "class 0": 0.14734162895927602,
            "class 1": 0.7252747252747253
         },
         "dynamic_kdn_full_zone": {
            "global": 0.22061913696060034,
            "class 0": 0.13227375565610858,
            "class 1": 0.6497252747252747
         }
      },
      "9": {
         "kdn": {
            "global": 0.24181780279341256,
            "class 0": 0.15309200603318251,
            "class 1": 0.6727716727716727
         },
         "dynamic_kdn": {
            "global": 0.24527204502814257,
            "class 0": 0.14599547511312216,
            "class 1": 0.7274725274725276
         },
         "dynamic_kdn_full_zone": {
            "global": 0.22111632270168854,
            "class 0": 0.13169683257918552,
            "class 1": 0.6554395604395604
         }
      },
      "10": {
         "kdn": {
            "global": 0.2430581613508443,
            "class 0": 0.15361990950226245,
            "class 1": 0.6774725274725275
         },
         "dynamic_kdn": {
            "global": 0.24577861163227016,
            "class 0": 0.14606334841628957,
            "class 1": 0.7301098901098901
         },
         "dynamic_kdn_full_zone": {
            "global": 0.2227767354596623,
            "class 0": 0.1322398190045249,
            "class 1": 0.6625274725274725
         }
      },
      "11": {
         "kdn": {
            "global": 0.2428790721473648,
            "class 0": 0.15168654874537227,
            "class 1": 0.6858141858141859
         },
         "dynamic_kdn": {
            "global": 0.2451688555347092,
            "class 0": 0.14505656108597284,
            "class 1": 0.7314285714285714
         },
         "dynamic_kdn_full_zone": {
            "global": 0.22402439024390244,
            "class 0": 0.1323755656108597,
            "class 1": 0.6691758241758242
         }
      }
   }
}