{
   "fourclass": {
      "1": {
         "kdn": {
            "global": 0.0,
            "class 0": 0.0,
            "class 1": 0.0
         },
         "dynamic_kdn": {
            "global": 0.0,
            "class 0": 0.0,
            "class 1": 0.0
         },
         "dynamic_kdn_full_zone": {
            "global": 0.0,
            "class 0": 0.0,
            "class 1": 0.0
         }
      },
      "2": {
         "kdn": {
            "global": 0.000580046403712297,
            "class 0": 0.0009009009009009009,
            "class 1": 0.0
         },
         "dynamic_kdn": {
            "global": 0.002215777262180975,
            "class 0": 0.0022342342342342347,
            "class 1": 0.0021824104234527686
         },
         "dynamic_kdn_full_zone": {
            "global": 0.00191415313225058,
            "class 0": 0.001945945945945946,
            "class 1": 0.0018566775244299673
         }
      },
      "3": {
         "kdn": {
            "global": 0.0007733952049497292,
            "class 0": 0.0006006006006006006,
            "class 1": 0.0010857763300760042
         },
         "dynamic_kdn": {
            "global": 0.0051972157772621815,
            "class 0": 0.003153153153153153,
            "class 1": 0.008892508143322476
         },
         "dynamic_kdn_full_zone": {
            "global": 0.004524361948955917,
            "class 0": 0.002846846846846847,
            "class 1": 0.007557003257328989
         }
      },
      "4": {
         "kdn": {
            "global": 0.0017401392111368909,
            "class 0": 0.0009009009009009009,
            "class 1": 0.003257328990228013
         },
         "dynamic_kdn": {
            "global": 0.008248259860788863,
            "class 0": 0.006468468468468469,
            "class 1": 0.011465798045602604
         },
         "dynamic_kdn_full_zone": {
            "global": 0.0073549883990719255,
            "class 0": 0.005855855855855856,
            "class 1": 0.010065146579804559
         }
      },
      "5": {
         "kdn": {
            "global": 0.002320185614849188,
            "class 0": 0.0018018018018018018,
            "class 1": 0.003257328990228013
         },
         "dynamic_kdn": {
            "global": 0.012877030162412992,
            "class 0": 0.010252252252252252,
            "class 1": 0.01762214983713355
         },
         "dynamic_kdn_full_zone": {
            "global": 0.011751740139211138,
            "class 0": 0.009441441441441442,
            "class 1": 0.015928338762214982
         }
      },
      "6": {
         "kdn": {
            "global": 0.00251353441608662,
            "class 0": 0.0015015015015015013,
            "class 1": 0.004343105320304017
         },
         "dynamic_kdn": {
            "global": 0.015904872389791186,
            "class 0": 0.013459459459459458,
            "class 1": 0.020325732899022803
         },
         "dynamic_kdn_full_zone": {
            "global": 0.014709976798143851,
            "class 0": 0.012540540540540542,
            "class 1": 0.018631921824104235
         }
      },
      "7": {
         "kdn": {
            "global": 0.003977461054027179,
            "class 0": 0.0025740025740025735,
            "class 1": 0.0065146579804560255
         },
         "dynamic_kdn": {
            "global": 0.018955916473317864,
            "class 0": 0.017027027027027027,
            "class 1": 0.02244299674267101
         },
         "dynamic_kdn_full_zone": {
            "global": 0.017668213457076566,
            "class 0": 0.015981981981981985,
            "class 1": 0.020716612377850163
         }
      },
      "8": {
         "kdn": {
            "global": 0.004930394431554524,
            "class 0": 0.002927927927927928,
            "class 1": 0.008550488599348535
         },
         "dynamic_kdn": {
            "global": 0.02309744779582367,
            "class 0": 0.01938738738738739,
            "class 1": 0.02980456026058632
         },
         "dynamic_kdn_full_zone": {
            "global": 0.02169373549883991,
            "class 0": 0.01827027027027027,
            "class 1": 0.027882736156351794
         }
      },
      "9": {
         "kdn": {
            "global": 0.006058262438772878,
            "class 0": 0.004404404404404404,
            "class 1": 0.009048136083966702
         },
         "dynamic_kdn": {
            "global": 0.02821345707656613,
            "class 0": 0.023495495495495497,
            "class 1": 0.03674267100977199
         },
         "dynamic_kdn_full_zone": {
            "global": 0.02665893271461717,
            "class 0": 0.02218018018018018,
            "class 1": 0.034755700325732906
         }
      },
      "10": {
         "kdn": {
            "global": 0.0070765661252900226,
            "class 0": 0.005405405405405406,
            "class 1": 0.010097719869706841
         },
         "dynamic_kdn": {
            "global": 0.03286542923433875,
            "class 0": 0.026630630630630633,
            "class 1": 0.04413680781758958
         },
         "dynamic_kdn_full_zone": {
            "global": 0.03122969837587007,
            "class 0": 0.025225225225225224,
            "class 1": 0.04208469055374593
         }
      },
      "11": {
         "kdn": {
            "global": 0.008120649651972157,
            "class 0": 0.005733005733005733,
            "class 1": 0.012437074326325142
         },
         "dynamic_kdn": {
            "global": 0.036682134570765655,
            "class 0": 0.029333333333333336,
            "class 1": 0.04996742671009772
         },
         "dynamic_kdn_full_zone": {
            "global": 0.03498839907192576,
            "class 0": 0.027927927927927927,
            "class 1": 0.04775244299674268
         }
      }
   }
}