{
   "fourclass": {
      "1": {
         "kdn": {
            "global": 0.0,
            "class 0": 0.0,
            "class 1": 0.0
         },
         "dynamic_kdn": {
            "global": 0.0,
            "class 0": 0.0,
            "class 1": 0.0
         },
         "dynamic_kdn_full_zone": {
            "global": 0.0,
            "class 0": 0.0,
            "class 1": 0.0
         }
      },
      "2": {
         "kdn": {
            "global": 0.000725689404934688,
            "class 0": 0.0,
            "class 1": 0.0020408163265306124
         },
         "dynamic_kdn": {
            "global": 0.004775036284470247,
            "class 0": 0.003018018018018019,
            "class 1": 0.007959183673469388
         },
         "dynamic_kdn_full_zone": {
            "global": 0.003933236574746008,
            "class 0": 0.002657657657657658,
            "class 1": 0.0062448979591836744
         }
      },
      "3": {
         "kdn": {
            "global": 0.002418964683115626,
            "class 0": 0.0007507507507507507,
            "class 1": 0.005442176870748299
         },
         "dynamic_kdn": {
            "global": 0.00985486211901306,
            "class 0": 0.006103603603603604,
            "class 1": 0.016653061224489795
         },
         "dynamic_kdn_full_zone": {
            "global": 0.00853410740203193,
            "class 0": 0.005427927927927927,
            "class 1": 0.01416326530612245
         }
      },
      "4": {
         "kdn": {
            "global": 0.003265602322206096,
            "class 0": 0.0022522522522522522,
            "class 1": 0.00510204081632653
         },
         "dynamic_kdn": {
            "global": 0.013831640058055154,
            "class 0": 0.01081081081081081,
            "class 1": 0.019306122448979595
         },
         "dynamic_kdn_full_zone": {
            "global": 0.012148040638606675,
            "class 0": 0.009594594594594594,
            "class 1": 0.016775510204081634
         }
      },
      "5": {
         "kdn": {
            "global": 0.0055152394775036286,
            "class 0": 0.003153153153153153,
            "class 1": 0.00979591836734694
         },
         "dynamic_kdn": {
            "global": 0.019158200290275762,
            "class 0": 0.013536036036036035,
            "class 1": 0.0293469387755102
         },
         "dynamic_kdn_full_zone": {
            "global": 0.017314949201741658,
            "class 0": 0.012162162162162163,
            "class 1": 0.026653061224489797
         }
      },
      "6": {
         "kdn": {
            "global": 0.006773101112723753,
            "class 0": 0.0033783783783783786,
            "class 1": 0.01292517006802721
         },
         "dynamic_kdn": {
            "global": 0.02378809869375907,
            "class 0": 0.018063063063063062,
            "class 1": 0.03416326530612245
         },
         "dynamic_kdn_full_zone": {
            "global": 0.021828737300435413,
            "class 0": 0.016441441441441444,
            "class 1": 0.03159183673469388
         }
      },
      "7": {
         "kdn": {
            "global": 0.008500933029234915,
            "class 0": 0.0045045045045045045,
            "class 1": 0.01574344023323615
         },
         "dynamic_kdn": {
            "global": 0.028374455732946294,
            "class 0": 0.023445945945945946,
            "class 1": 0.037306122448979594
         },
         "dynamic_kdn_full_zone": {
            "global": 0.026371552975326562,
            "class 0": 0.021734234234234238,
            "class 1": 0.03477551020408163
         }
      }
   }
}