{
   "german_numer": {
      "1": {
         "kdn": {
            "global": 0.327,
            "class 0": 0.22714285714285715,
            "class 1": 0.56
         },
         "dynamic_kdn": {
            "global": 0.327,
            "class 0": 0.22714285714285715,
            "class 1": 0.56
         },
         "dynamic_kdn_full_zone": {
            "global": 0.024090000000000004,
            "class 0": 0.01752857142857143,
            "class 1": 0.0394
         }
      },
      "2": {
         "kdn": {
            "global": 0.3235,
            "class 0": 0.21071428571428572,
            "class 1": 0.5866666666666667
         },
         "dynamic_kdn": {
            "global": 0.32864,
            "class 0": 0.2250142857142857,
            "class 1": 0.5704333333333333
         },
         "dynamic_kdn_full_zone": {
            "global": 0.06244,
            "class 0": 0.04317142857142858,
            "class 1": 0.1074
         }
      },
      "3": {
         "kdn": {
            "global": 0.3373333333333334,
            "class 0": 0.22952380952380952,
            "class 1": 0.5888888888888889
         },
         "dynamic_kdn": {
            "global": 0.33109,
            "class 0": 0.22527142857142857,
            "class 1": 0.578
         },
         "dynamic_kdn_full_zone": {
            "global": 0.09162999999999999,
            "class 0": 0.06132857142857144,
            "class 1": 0.16233333333333333
         }
      },
      "4": {
         "kdn": {
            "global": 0.336,
            "class 0": 0.22678571428571428,
            "class 1": 0.5908333333333333
         },
         "dynamic_kdn": {
            "global": 0.33526,
            "class 0": 0.22599999999999998,
            "class 1": 0.5902000000000001
         },
         "dynamic_kdn_full_zone": {
            "global": 0.11514,
            "class 0": 0.07750000000000001,
            "class 1": 0.20296666666666666
         }
      },
      "5": {
         "kdn": {
            "global": 0.332,
            "class 0": 0.22314285714285712,
            "class 1": 0.5860000000000001
         },
         "dynamic_kdn": {
            "global": 0.34044,
            "class 0": 0.22877142857142854,
            "class 1": 0.6010000000000001
         },
         "dynamic_kdn_full_zone": {
            "global": 0.13413,
            "class 0": 0.0893,
            "class 1": 0.23873333333333335
         }
      },
      "6": {
         "kdn": {
            "global": 0.333,
            "class 0": 0.22142857142857142,
            "class 1": 0.5933333333333334
         },
         "dynamic_kdn": {
            "global": 0.34102,
            "class 0": 0.22631428571428575,
            "class 1": 0.6086666666666667
         },
         "dynamic_kdn_full_zone": {
            "global": 0.14806,
            "class 0": 0.09814285714285714,
            "class 1": 0.26453333333333334
         }
      },
      "7": {
         "kdn": {
            "global": 0.3332857142857143,
            "class 0": 0.22306122448979587,
            "class 1": 0.5904761904761904
         },
         "dynamic_kdn": {
            "global": 0.34418,
            "class 0": 0.22725714285714282,
            "class 1": 0.6170000000000001
         },
         "dynamic_kdn_full_zone": {
            "global": 0.16025999999999999,
            "class 0": 0.10571428571428572,
            "class 1": 0.2875333333333333
         }
      },
      "8": {
         "kdn": {
            "global": 0.3355,
            "class 0": 0.22321428571428573,
            "class 1": 0.5975
         },
         "dynamic_kdn": {
            "global": 0.34821,
            "class 0": 0.23015714285714287,
            "class 1": 0.6236666666666667
         },
         "dynamic_kdn_full_zone": {
            "global": 0.17126,
            "class 0": 0.1133142857142857,
            "class 1": 0.30646666666666667
         }
      },
      "9": {
         "kdn": {
            "global": 0.33888888888888885,
            "class 0": 0.22682539682539682,
            "class 1": 0.6003703703703703
         },
         "dynamic_kdn": {
            "global": 0.35051,
            "class 0": 0.23140000000000002,
            "class 1": 0.6284333333333334
         },
         "dynamic_kdn_full_zone": {
            "global": 0.17968,
            "class 0": 0.11934285714285713,
            "class 1": 0.32046666666666673
         }
      },
      "10": {
         "kdn": {
            "global": 0.3396,
            "class 0": 0.22442857142857145,
            "class 1": 0.6083333333333333
         },
         "dynamic_kdn": {
            "global": 0.3532,
            "class 0": 0.2339142857142857,
            "class 1": 0.6315333333333334
         },
         "dynamic_kdn_full_zone": {
            "global": 0.18650999999999998,
            "class 0": 0.12371428571428571,
            "class 1": 0.33303333333333335
         }
      },
      "11": {
         "kdn": {
            "global": 0.340090909090909,
            "class 0": 0.2249350649350649,
            "class 1": 0.6087878787878788
         },
         "dynamic_kdn": {
            "global": 0.3561,
            "class 0": 0.23641428571428572,
            "class 1": 0.6353666666666667
         },
         "dynamic_kdn_full_zone": {
            "global": 0.19409,
            "class 0": 0.12934285714285715,
            "class 1": 0.3451666666666667
         }
      }
   }
}