{
   "german_numer": {
      "1": {
         "kdn": {
            "global": 0.3375,
            "class 0": 0.23035714285714284,
            "class 1": 0.5875
         },
         "dynamic_kdn": {
            "global": 0.3375,
            "class 0": 0.23035714285714284,
            "class 1": 0.5875
         },
         "dynamic_kdn_full_zone": {
            "global": 0.023250000000000003,
            "class 0": 0.016821428571428574,
            "class 1": 0.03825000000000001
         }
      },
      "2": {
         "kdn": {
            "global": 0.326875,
            "class 0": 0.22142857142857142,
            "class 1": 0.5729166666666666
         },
         "dynamic_kdn": {
            "global": 0.337175,
            "class 0": 0.23076785714285716,
            "class 1": 0.5854583333333333
         },
         "dynamic_kdn_full_zone": {
            "global": 0.060825000000000004,
            "class 0": 0.04119642857142857,
            "class 1": 0.10662500000000001
         }
      },
      "3": {
         "kdn": {
            "global": 0.33416666666666667,
            "class 0": 0.22797619047619047,
            "class 1": 0.5819444444444444
         },
         "dynamic_kdn": {
            "global": 0.3355499999999999,
            "class 0": 0.22389285714285714,
            "class 1": 0.5960833333333333
         },
         "dynamic_kdn_full_zone": {
            "global": 0.08693750000000001,
            "class 0": 0.05908928571428572,
            "class 1": 0.15191666666666667
         }
      },
      "4": {
         "kdn": {
            "global": 0.3396875,
            "class 0": 0.22723214285714285,
            "class 1": 0.6020833333333333
         },
         "dynamic_kdn": {
            "global": 0.33811250000000004,
            "class 0": 0.22587500000000002,
            "class 1": 0.6
         },
         "dynamic_kdn_full_zone": {
            "global": 0.10793749999999999,
            "class 0": 0.07235714285714286,
            "class 1": 0.1909583333333333
         }
      },
      "5": {
         "kdn": {
            "global": 0.335,
            "class 0": 0.22285714285714286,
            "class 1": 0.5966666666666666
         },
         "dynamic_kdn": {
            "global": 0.34245000000000003,
            "class 0": 0.22821428571428573,
            "class 1": 0.609
         },
         "dynamic_kdn_full_zone": {
            "global": 0.125125,
            "class 0": 0.08258928571428571,
            "class 1": 0.22437500000000002
         }
      },
      "6": {
         "kdn": {
            "global": 0.3414583333333333,
            "class 0": 0.22589285714285715,
            "class 1": 0.611111111111111
         },
         "dynamic_kdn": {
            "global": 0.34576250000000003,
            "class 0": 0.22921428571428573,
            "class 1": 0.6177083333333333
         },
         "dynamic_kdn_full_zone": {
            "global": 0.1371875,
            "class 0": 0.09144642857142858,
            "class 1": 0.2439166666666667
         }
      },
      "7": {
         "kdn": {
            "global": 0.34678571428571425,
            "class 0": 0.22984693877551016,
            "class 1": 0.6196428571428572
         },
         "dynamic_kdn": {
            "global": 0.35115,
            "class 0": 0.23092857142857143,
            "class 1": 0.6316666666666667
         },
         "dynamic_kdn_full_zone": {
            "global": 0.15115,
            "class 0": 0.09885714285714285,
            "class 1": 0.27316666666666667
         }
      }
   }
}