{
   "haberman": {
      "1": {
         "kdn": {
            "global": 0.3235294117647059,
            "class 0": 0.20444444444444446,
            "class 1": 0.654320987654321
         },
         "dynamic_kdn": {
            "global": 0.3452941176470588,
            "class 0": 0.2259111111111111,
            "class 1": 0.6769135802469135
         },
         "dynamic_kdn_full_zone": {
            "global": 0.14849673202614377,
            "class 0": 0.09782222222222221,
            "class 1": 0.2892592592592593
         }
      },
      "2": {
         "kdn": {
            "global": 0.3088235294117647,
            "class 0": 0.20222222222222222,
            "class 1": 0.6049382716049383
         },
         "dynamic_kdn": {
            "global": 0.32990196078431366,
            "class 0": 0.22177777777777777,
            "class 1": 0.6302469135802469
         },
         "dynamic_kdn_full_zone": {
            "global": 0.2245751633986928,
            "class 0": 0.14777777777777779,
            "class 1": 0.4379012345679013
         }
      },
      "3": {
         "kdn": {
            "global": 0.31699346405228757,
            "class 0": 0.20444444444444446,
            "class 1": 0.6296296296296298
         },
         "dynamic_kdn": {
            "global": 0.33071895424836606,
            "class 0": 0.21391111111111114,
            "class 1": 0.6551851851851853
         },
         "dynamic_kdn_full_zone": {
            "global": 0.25437908496732026,
            "class 0": 0.16404444444444444,
            "class 1": 0.5053086419753087
         }
      },
      "4": {
         "kdn": {
            "global": 0.3243464052287582,
            "class 0": 0.2088888888888889,
            "class 1": 0.6450617283950617
         },
         "dynamic_kdn": {
            "global": 0.3373529411764706,
            "class 0": 0.21719999999999998,
            "class 1": 0.6711111111111111
         },
         "dynamic_kdn_full_zone": {
            "global": 0.2772222222222222,
            "class 0": 0.1791111111111111,
            "class 1": 0.5497530864197531
         }
      },
      "5": {
         "kdn": {
            "global": 0.3359477124183006,
            "class 0": 0.21777777777777776,
            "class 1": 0.6641975308641976
         },
         "dynamic_kdn": {
            "global": 0.3468627450980392,
            "class 0": 0.2268,
            "class 1": 0.6803703703703704
         },
         "dynamic_kdn_full_zone": {
            "global": 0.2927777777777778,
            "class 0": 0.1923111111111111,
            "class 1": 0.5718518518518518
         }
      },
      "6": {
         "kdn": {
            "global": 0.33769063180827885,
            "class 0": 0.21925925925925924,
            "class 1": 0.6666666666666666
         },
         "dynamic_kdn": {
            "global": 0.3450653594771242,
            "class 0": 0.22613333333333333,
            "class 1": 0.6754320987654321
         },
         "dynamic_kdn_full_zone": {
            "global": 0.2984313725490196,
            "class 0": 0.19555555555555557,
            "class 1": 0.5841975308641976
         }
      },
      "7": {
         "kdn": {
            "global": 0.3464052287581699,
            "class 0": 0.2317460317460317,
            "class 1": 0.6649029982363315
         },
         "dynamic_kdn": {
            "global": 0.3461437908496732,
            "class 0": 0.22488888888888886,
            "class 1": 0.682962962962963
         },
         "dynamic_kdn_full_zone": {
            "global": 0.3056535947712418,
            "class 0": 0.19764444444444443,
            "class 1": 0.605679012345679
         }
      },
      "8": {
         "kdn": {
            "global": 0.34354575163398693,
            "class 0": 0.22666666666666666,
            "class 1": 0.6682098765432098
         },
         "dynamic_kdn": {
            "global": 0.34888888888888886,
            "class 0": 0.2252,
            "class 1": 0.692469135802469
         },
         "dynamic_kdn_full_zone": {
            "global": 0.312843137254902,
            "class 0": 0.20146666666666666,
            "class 1": 0.6222222222222222
         }
      },
      "9": {
         "kdn": {
            "global": 0.3485838779956427,
            "class 0": 0.23308641975308642,
            "class 1": 0.6694101508916325
         },
         "dynamic_kdn": {
            "global": 0.3483986928104575,
            "class 0": 0.22342222222222222,
            "class 1": 0.6955555555555556
         },
         "dynamic_kdn_full_zone": {
            "global": 0.3144771241830065,
            "class 0": 0.2012888888888889,
            "class 1": 0.6288888888888888
         }
      },
      "10": {
         "kdn": {
            "global": 0.3457516339869281,
            "class 0": 0.2306666666666667,
            "class 1": 0.6654320987654322
         },
         "dynamic_kdn": {
            "global": 0.34477124183006536,
            "class 0": 0.21866666666666665,
            "class 1": 0.6950617283950618
         },
         "dynamic_kdn_full_zone": {
            "global": 0.31333333333333335,
            "class 0": 0.1988,
            "class 1": 0.6314814814814814
         }
      },
      "11": {
         "kdn": {
            "global": 0.3458110516934046,
            "class 0": 0.2307070707070707,
            "class 1": 0.665544332210999
         },
         "dynamic_kdn": {
            "global": 0.34542483660130724,
            "class 0": 0.21657777777777779,
            "class 1": 0.7033333333333334
         },
         "dynamic_kdn_full_zone": {
            "global": 0.3166013071895425,
            "class 0": 0.19795555555555558,
            "class 1": 0.6461728395061729
         }
      }
   }
}