{
   "haberman": {
      "1": {
         "kdn": {
            "global": 0.27459016393442626,
            "class 0": 0.16201117318435754,
            "class 1": 0.5846153846153846
         },
         "dynamic_kdn": {
            "global": 0.27934426229508197,
            "class 0": 0.1694413407821229,
            "class 1": 0.582
         },
         "dynamic_kdn_full_zone": {
            "global": 0.11622950819672132,
            "class 0": 0.07106145251396648,
            "class 1": 0.24061538461538462
         }
      },
      "2": {
         "kdn": {
            "global": 0.2848360655737705,
            "class 0": 0.18435754189944134,
            "class 1": 0.5615384615384615
         },
         "dynamic_kdn": {
            "global": 0.29918032786885246,
            "class 0": 0.19726256983240226,
            "class 1": 0.5798461538461538
         },
         "dynamic_kdn_full_zone": {
            "global": 0.20155737704918034,
            "class 0": 0.12843575418994413,
            "class 1": 0.40292307692307694
         }
      },
      "3": {
         "kdn": {
            "global": 0.30601092896174864,
            "class 0": 0.1955307262569832,
            "class 1": 0.6102564102564103
         },
         "dynamic_kdn": {
            "global": 0.314672131147541,
            "class 0": 0.2093854748603352,
            "class 1": 0.6046153846153847
         },
         "dynamic_kdn_full_zone": {
            "global": 0.23790983606557375,
            "class 0": 0.15754189944134078,
            "class 1": 0.4592307692307692
         }
      },
      "4": {
         "kdn": {
            "global": 0.32684426229508196,
            "class 0": 0.21508379888268156,
            "class 1": 0.6346153846153846
         },
         "dynamic_kdn": {
            "global": 0.3259426229508197,
            "class 0": 0.21396648044692737,
            "class 1": 0.6343076923076924
         },
         "dynamic_kdn_full_zone": {
            "global": 0.26274590163934425,
            "class 0": 0.17335195530726258,
            "class 1": 0.508923076923077
         }
      },
      "5": {
         "kdn": {
            "global": 0.3311475409836066,
            "class 0": 0.22011173184357546,
            "class 1": 0.636923076923077
         },
         "dynamic_kdn": {
            "global": 0.33926229508196726,
            "class 0": 0.22614525139664798,
            "class 1": 0.6507692307692309
         },
         "dynamic_kdn_full_zone": {
            "global": 0.2821311475409836,
            "class 0": 0.18944134078212288,
            "class 1": 0.5373846153846153
         }
      },
      "6": {
         "kdn": {
            "global": 0.3374316939890711,
            "class 0": 0.2281191806331471,
            "class 1": 0.6384615384615383
         },
         "dynamic_kdn": {
            "global": 0.3373360655737705,
            "class 0": 0.22446927374301676,
            "class 1": 0.6481538461538462
         },
         "dynamic_kdn_full_zone": {
            "global": 0.2887295081967213,
            "class 0": 0.19217877094972066,
            "class 1": 0.5546153846153847
         }
      },
      "7": {
         "kdn": {
            "global": 0.344847775175644,
            "class 0": 0.23703112529928166,
            "class 1": 0.6417582417582418
         },
         "dynamic_kdn": {
            "global": 0.3377049180327869,
            "class 0": 0.22145251396648044,
            "class 1": 0.657846153846154
         },
         "dynamic_kdn_full_zone": {
            "global": 0.2949180327868853,
            "class 0": 0.1922905027932961,
            "class 1": 0.5775384615384616
         }
      }
   }
}