{
   "heart": {
      "1": {
         "kdn": {
            "global": 0.23333333333333334,
            "class 0": 0.22,
            "class 1": 0.25
         },
         "dynamic_kdn": {
            "global": 0.23333333333333334,
            "class 0": 0.22,
            "class 1": 0.25
         },
         "dynamic_kdn_full_zone": {
            "global": 0.026814814814814816,
            "class 0": 0.023,
            "class 1": 0.03158333333333333
         }
      },
      "2": {
         "kdn": {
            "global": 0.2351851851851852,
            "class 0": 0.22666666666666666,
            "class 1": 0.24583333333333332
         },
         "dynamic_kdn": {
            "global": 0.24251851851851852,
            "class 0": 0.2098,
            "class 1": 0.28341666666666665
         },
         "dynamic_kdn_full_zone": {
            "global": 0.06503703703703705,
            "class 0": 0.05526666666666666,
            "class 1": 0.07725
         }
      },
      "3": {
         "kdn": {
            "global": 0.2234567901234568,
            "class 0": 0.19555555555555554,
            "class 1": 0.25833333333333336
         },
         "dynamic_kdn": {
            "global": 0.24348148148148152,
            "class 0": 0.21340000000000003,
            "class 1": 0.2810833333333333
         },
         "dynamic_kdn_full_zone": {
            "global": 0.09285185185185185,
            "class 0": 0.08246666666666667,
            "class 1": 0.10583333333333332
         }
      },
      "4": {
         "kdn": {
            "global": 0.2361111111111111,
            "class 0": 0.20833333333333334,
            "class 1": 0.2708333333333333
         },
         "dynamic_kdn": {
            "global": 0.25133333333333335,
            "class 0": 0.21593333333333334,
            "class 1": 0.2955833333333333
         },
         "dynamic_kdn_full_zone": {
            "global": 0.11837037037037039,
            "class 0": 0.09693333333333334,
            "class 1": 0.1451666666666667
         }
      },
      "5": {
         "kdn": {
            "global": 0.23333333333333336,
            "class 0": 0.2013333333333333,
            "class 1": 0.2733333333333334
         },
         "dynamic_kdn": {
            "global": 0.261037037037037,
            "class 0": 0.22246666666666665,
            "class 1": 0.30924999999999997
         },
         "dynamic_kdn_full_zone": {
            "global": 0.13437037037037036,
            "class 0": 0.11340000000000001,
            "class 1": 0.16058333333333336
         }
      },
      "6": {
         "kdn": {
            "global": 0.2376543209876543,
            "class 0": 0.20222222222222222,
            "class 1": 0.2819444444444444
         },
         "dynamic_kdn": {
            "global": 0.26585185185185184,
            "class 0": 0.2222666666666667,
            "class 1": 0.3203333333333333
         },
         "dynamic_kdn_full_zone": {
            "global": 0.1462962962962963,
            "class 0": 0.121,
            "class 1": 0.1779166666666667
         }
      },
      "7": {
         "kdn": {
            "global": 0.23333333333333334,
            "class 0": 0.20285714285714285,
            "class 1": 0.2714285714285714
         },
         "dynamic_kdn": {
            "global": 0.26825925925925925,
            "class 0": 0.22373333333333334,
            "class 1": 0.3239166666666667
         },
         "dynamic_kdn_full_zone": {
            "global": 0.1542962962962963,
            "class 0": 0.12780000000000002,
            "class 1": 0.18741666666666668
         }
      },
      "8": {
         "kdn": {
            "global": 0.2412037037037037,
            "class 0": 0.21166666666666667,
            "class 1": 0.278125
         },
         "dynamic_kdn": {
            "global": 0.27422222222222226,
            "class 0": 0.22673333333333331,
            "class 1": 0.33358333333333334
         },
         "dynamic_kdn_full_zone": {
            "global": 0.16411111111111112,
            "class 0": 0.13606666666666667,
            "class 1": 0.19916666666666666
         }
      },
      "9": {
         "kdn": {
            "global": 0.24279835390946497,
            "class 0": 0.21259259259259258,
            "class 1": 0.2805555555555556
         },
         "dynamic_kdn": {
            "global": 0.27674074074074073,
            "class 0": 0.22793333333333332,
            "class 1": 0.33775
         },
         "dynamic_kdn_full_zone": {
            "global": 0.17014814814814813,
            "class 0": 0.14040000000000002,
            "class 1": 0.20733333333333334
         }
      },
      "10": {
         "kdn": {
            "global": 0.24111111111111114,
            "class 0": 0.21000000000000002,
            "class 1": 0.28
         },
         "dynamic_kdn": {
            "global": 0.28107407407407414,
            "class 0": 0.22926666666666667,
            "class 1": 0.3458333333333333
         },
         "dynamic_kdn_full_zone": {
            "global": 0.17733333333333332,
            "class 0": 0.14293333333333333,
            "class 1": 0.22033333333333335
         }
      },
      "11": {
         "kdn": {
            "global": 0.2441077441077441,
            "class 0": 0.21454545454545457,
            "class 1": 0.28106060606060607
         },
         "dynamic_kdn": {
            "global": 0.2861111111111111,
            "class 0": 0.23439999999999997,
            "class 1": 0.35075
         },
         "dynamic_kdn_full_zone": {
            "global": 0.18388888888888888,
            "class 0": 0.1498,
            "class 1": 0.22650000000000003
         }
      }
   }
}