{
   "heart": {
      "1": {
         "kdn": {
            "global": 0.2222222222222222,
            "class 0": 0.225,
            "class 1": 0.21875
         },
         "dynamic_kdn": {
            "global": 0.2222222222222222,
            "class 0": 0.225,
            "class 1": 0.21875
         },
         "dynamic_kdn_full_zone": {
            "global": 0.025277777777777777,
            "class 0": 0.02241666666666667,
            "class 1": 0.02885416666666667
         }
      },
      "2": {
         "kdn": {
            "global": 0.2175925925925926,
            "class 0": 0.2,
            "class 1": 0.23958333333333334
         },
         "dynamic_kdn": {
            "global": 0.2337962962962963,
            "class 0": 0.20408333333333334,
            "class 1": 0.2709375
         },
         "dynamic_kdn_full_zone": {
            "global": 0.06041666666666668,
            "class 0": 0.05166666666666667,
            "class 1": 0.07135416666666668
         }
      },
      "3": {
         "kdn": {
            "global": 0.21450617283950615,
            "class 0": 0.18333333333333332,
            "class 1": 0.25347222222222227
         },
         "dynamic_kdn": {
            "global": 0.24203703703703705,
            "class 0": 0.22124999999999997,
            "class 1": 0.2680208333333333
         },
         "dynamic_kdn_full_zone": {
            "global": 0.08726851851851852,
            "class 0": 0.07775000000000001,
            "class 1": 0.09916666666666667
         }
      },
      "4": {
         "kdn": {
            "global": 0.2222222222222222,
            "class 0": 0.2,
            "class 1": 0.25
         },
         "dynamic_kdn": {
            "global": 0.245,
            "class 0": 0.22133333333333335,
            "class 1": 0.27458333333333335
         },
         "dynamic_kdn_full_zone": {
            "global": 0.10694444444444445,
            "class 0": 0.09033333333333333,
            "class 1": 0.12770833333333334
         }
      },
      "5": {
         "kdn": {
            "global": 0.2222222222222222,
            "class 0": 0.19499999999999998,
            "class 1": 0.25625000000000003
         },
         "dynamic_kdn": {
            "global": 0.2524074074074074,
            "class 0": 0.22116666666666665,
            "class 1": 0.2914583333333333
         },
         "dynamic_kdn_full_zone": {
            "global": 0.12175925925925926,
            "class 0": 0.10266666666666667,
            "class 1": 0.145625
         }
      },
      "6": {
         "kdn": {
            "global": 0.22762345679012347,
            "class 0": 0.19583333333333333,
            "class 1": 0.2673611111111111
         },
         "dynamic_kdn": {
            "global": 0.2574074074074075,
            "class 0": 0.22191666666666665,
            "class 1": 0.3017708333333333
         },
         "dynamic_kdn_full_zone": {
            "global": 0.13111111111111112,
            "class 0": 0.11058333333333333,
            "class 1": 0.15677083333333333
         }
      },
      "7": {
         "kdn": {
            "global": 0.22619047619047616,
            "class 0": 0.20238095238095236,
            "class 1": 0.25595238095238093
         },
         "dynamic_kdn": {
            "global": 0.2666203703703704,
            "class 0": 0.22566666666666665,
            "class 1": 0.3178125
         },
         "dynamic_kdn_full_zone": {
            "global": 0.14689814814814814,
            "class 0": 0.12158333333333332,
            "class 1": 0.17854166666666668
         }
      }
   }
}