{
   "housevotes84": {
      "1": {
         "kdn": {
            "global": 0.09051724137931035,
            "class 0": 0.08064516129032258,
            "class 1": 0.10185185185185185
         },
         "dynamic_kdn": {
            "global": 0.0934051724137931,
            "class 0": 0.08604838709677419,
            "class 1": 0.10185185185185185
         },
         "dynamic_kdn_full_zone": {
            "global": 0.007801724137931037,
            "class 0": 0.007983870967741937,
            "class 1": 0.007592592592592595
         }
      },
      "2": {
         "kdn": {
            "global": 0.10129310344827586,
            "class 0": 0.10483870967741936,
            "class 1": 0.09722222222222222
         },
         "dynamic_kdn": {
            "global": 0.09827586206896552,
            "class 0": 0.11161290322580646,
            "class 1": 0.08296296296296296
         },
         "dynamic_kdn_full_zone": {
            "global": 0.020603448275862073,
            "class 0": 0.025725806451612907,
            "class 1": 0.014722222222222225
         }
      },
      "3": {
         "kdn": {
            "global": 0.09482758620689655,
            "class 0": 0.10483870967741936,
            "class 1": 0.08333333333333333
         },
         "dynamic_kdn": {
            "global": 0.09586206896551724,
            "class 0": 0.11137096774193547,
            "class 1": 0.07805555555555556
         },
         "dynamic_kdn_full_zone": {
            "global": 0.030818965517241382,
            "class 0": 0.04048387096774194,
            "class 1": 0.019722222222222224
         }
      },
      "4": {
         "kdn": {
            "global": 0.0980603448275862,
            "class 0": 0.11895161290322581,
            "class 1": 0.07407407407407407
         },
         "dynamic_kdn": {
            "global": 0.09676724137931035,
            "class 0": 0.11862903225806452,
            "class 1": 0.07166666666666667
         },
         "dynamic_kdn_full_zone": {
            "global": 0.03719827586206897,
            "class 0": 0.04572580645161291,
            "class 1": 0.02740740740740741
         }
      },
      "5": {
         "kdn": {
            "global": 0.09482758620689655,
            "class 0": 0.11612903225806454,
            "class 1": 0.07037037037037036
         },
         "dynamic_kdn": {
            "global": 0.09862068965517243,
            "class 0": 0.12008064516129031,
            "class 1": 0.07398148148148148
         },
         "dynamic_kdn_full_zone": {
            "global": 0.042931034482758625,
            "class 0": 0.05032258064516129,
            "class 1": 0.03444444444444445
         }
      },
      "6": {
         "kdn": {
            "global": 0.09770114942528735,
            "class 0": 0.11827956989247311,
            "class 1": 0.07407407407407407
         },
         "dynamic_kdn": {
            "global": 0.1,
            "class 0": 0.12096774193548389,
            "class 1": 0.07592592592592592
         },
         "dynamic_kdn_full_zone": {
            "global": 0.04547413793103448,
            "class 0": 0.05370967741935484,
            "class 1": 0.036018518518518526
         }
      },
      "7": {
         "kdn": {
            "global": 0.09667487684729063,
            "class 0": 0.11981566820276499,
            "class 1": 0.0701058201058201
         },
         "dynamic_kdn": {
            "global": 0.10439655172413795,
            "class 0": 0.12879032258064518,
            "class 1": 0.0763888888888889
         },
         "dynamic_kdn_full_zone": {
            "global": 0.04887931034482759,
            "class 0": 0.059274193548387095,
            "class 1": 0.036944444444444446
         }
      },
      "8": {
         "kdn": {
            "global": 0.09752155172413793,
            "class 0": 0.1219758064516129,
            "class 1": 0.06944444444444445
         },
         "dynamic_kdn": {
            "global": 0.10689655172413795,
            "class 0": 0.12903225806451615,
            "class 1": 0.08148148148148147
         },
         "dynamic_kdn_full_zone": {
            "global": 0.051896551724137936,
            "class 0": 0.061532258064516135,
            "class 1": 0.040833333333333326
         }
      },
      "9": {
         "kdn": {
            "global": 0.09913793103448276,
            "class 0": 0.12455197132616488,
            "class 1": 0.06995884773662552
         },
         "dynamic_kdn": {
            "global": 0.10905172413793106,
            "class 0": 0.1316935483870968,
            "class 1": 0.08305555555555555
         },
         "dynamic_kdn_full_zone": {
            "global": 0.05456896551724138,
            "class 0": 0.0653225806451613,
            "class 1": 0.04222222222222222
         }
      },
      "10": {
         "kdn": {
            "global": 0.1021551724137931,
            "class 0": 0.1282258064516129,
            "class 1": 0.07222222222222222
         },
         "dynamic_kdn": {
            "global": 0.11211206896551726,
            "class 0": 0.13370967741935486,
            "class 1": 0.08731481481481483
         },
         "dynamic_kdn_full_zone": {
            "global": 0.05887931034482759,
            "class 0": 0.06975806451612904,
            "class 1": 0.046388888888888896
         }
      },
      "11": {
         "kdn": {
            "global": 0.10423197492163008,
            "class 0": 0.12976539589442815,
            "class 1": 0.07491582491582491
         },
         "dynamic_kdn": {
            "global": 0.11439655172413793,
            "class 0": 0.1359677419354839,
            "class 1": 0.08962962962962964
         },
         "dynamic_kdn_full_zone": {
            "global": 0.06081896551724139,
            "class 0": 0.07161290322580646,
            "class 1": 0.048425925925925935
         }
      }
   }
}