{
   "housevotes84": {
      "1": {
         "kdn": {
            "global": 0.10270270270270271,
            "class 0": 0.09090909090909091,
            "class 1": 0.11627906976744186
         },
         "dynamic_kdn": {
            "global": 0.10270270270270271,
            "class 0": 0.09090909090909091,
            "class 1": 0.11627906976744186
         },
         "dynamic_kdn_full_zone": {
            "global": 0.00902702702702703,
            "class 0": 0.009191919191919194,
            "class 1": 0.008837209302325583
         }
      },
      "2": {
         "kdn": {
            "global": 0.10540540540540541,
            "class 0": 0.10606060606060606,
            "class 1": 0.10465116279069768
         },
         "dynamic_kdn": {
            "global": 0.10005405405405404,
            "class 0": 0.10636363636363635,
            "class 1": 0.0927906976744186
         },
         "dynamic_kdn_full_zone": {
            "global": 0.023135135135135137,
            "class 0": 0.02878787878787879,
            "class 1": 0.016627906976744187
         }
      },
      "3": {
         "kdn": {
            "global": 0.10450450450450449,
            "class 0": 0.11111111111111109,
            "class 1": 0.09689922480620154
         },
         "dynamic_kdn": {
            "global": 0.10805405405405406,
            "class 0": 0.12333333333333332,
            "class 1": 0.09046511627906977
         },
         "dynamic_kdn_full_zone": {
            "global": 0.031513513513513516,
            "class 0": 0.03939393939393939,
            "class 1": 0.022441860465116283
         }
      },
      "4": {
         "kdn": {
            "global": 0.10270270270270271,
            "class 0": 0.12121212121212122,
            "class 1": 0.08139534883720931
         },
         "dynamic_kdn": {
            "global": 0.10443243243243243,
            "class 0": 0.12262626262626264,
            "class 1": 0.08348837209302325
         },
         "dynamic_kdn_full_zone": {
            "global": 0.038270270270270274,
            "class 0": 0.04464646464646464,
            "class 1": 0.030930232558139537
         }
      },
      "5": {
         "kdn": {
            "global": 0.09837837837837836,
            "class 0": 0.11717171717171719,
            "class 1": 0.07674418604651162
         },
         "dynamic_kdn": {
            "global": 0.10605405405405403,
            "class 0": 0.12282828282828283,
            "class 1": 0.08674418604651163
         },
         "dynamic_kdn_full_zone": {
            "global": 0.042432432432432436,
            "class 0": 0.04646464646464647,
            "class 1": 0.037790697674418616
         }
      },
      "6": {
         "kdn": {
            "global": 0.10360360360360361,
            "class 0": 0.1228956228956229,
            "class 1": 0.08139534883720931
         },
         "dynamic_kdn": {
            "global": 0.10897297297297295,
            "class 0": 0.12767676767676767,
            "class 1": 0.08744186046511629
         },
         "dynamic_kdn_full_zone": {
            "global": 0.04718918918918919,
            "class 0": 0.054242424242424245,
            "class 1": 0.03906976744186048
         }
      },
      "7": {
         "kdn": {
            "global": 0.10965250965250965,
            "class 0": 0.13275613275613274,
            "class 1": 0.0830564784053156
         },
         "dynamic_kdn": {
            "global": 0.11081081081081082,
            "class 0": 0.1298989898989899,
            "class 1": 0.08883720930232558
         },
         "dynamic_kdn_full_zone": {
            "global": 0.0511891891891892,
            "class 0": 0.0601010101010101,
            "class 1": 0.04093023255813954
         }
      }
   }
}