{
   "ilpd": {
      "1": {
         "kdn": {
            "global": 0.32642487046632124,
            "class 0": 0.24154589371980675,
            "class 1": 0.5393939393939394
         },
         "dynamic_kdn": {
            "global": 0.32642487046632124,
            "class 0": 0.24154589371980675,
            "class 1": 0.5393939393939394
         },
         "dynamic_kdn_full_zone": {
            "global": 0.11715025906735752,
            "class 0": 0.08478260869565218,
            "class 1": 0.19836363636363635
         }
      },
      "2": {
         "kdn": {
            "global": 0.34283246977547494,
            "class 0": 0.25483091787439616,
            "class 1": 0.5636363636363636
         },
         "dynamic_kdn": {
            "global": 0.34735751295336786,
            "class 0": 0.2578502415458937,
            "class 1": 0.571939393939394
         },
         "dynamic_kdn_full_zone": {
            "global": 0.21991364421416235,
            "class 0": 0.16108695652173913,
            "class 1": 0.3675151515151515
         }
      },
      "3": {
         "kdn": {
            "global": 0.358664363845711,
            "class 0": 0.26489533011272137,
            "class 1": 0.5939393939393939
         },
         "dynamic_kdn": {
            "global": 0.35728842832469776,
            "class 0": 0.26920289855072466,
            "class 1": 0.5783030303030303
         },
         "dynamic_kdn_full_zone": {
            "global": 0.2710017271157168,
            "class 0": 0.20434782608695654,
            "class 1": 0.43824242424242427
         }
      },
      "4": {
         "kdn": {
            "global": 0.3644214162348877,
            "class 0": 0.2747584541062802,
            "class 1": 0.5893939393939394
         },
         "dynamic_kdn": {
            "global": 0.36948186528497406,
            "class 0": 0.2826328502415459,
            "class 1": 0.5873939393939394
         },
         "dynamic_kdn_full_zone": {
            "global": 0.3005008635578584,
            "class 0": 0.23135265700483096,
            "class 1": 0.474
         }
      },
      "5": {
         "kdn": {
            "global": 0.3737478411053541,
            "class 0": 0.2845410628019324,
            "class 1": 0.5975757575757575
         },
         "dynamic_kdn": {
            "global": 0.37533678756476685,
            "class 0": 0.28596618357487924,
            "class 1": 0.5995757575757577
         },
         "dynamic_kdn_full_zone": {
            "global": 0.31746113989637303,
            "class 0": 0.24355072463768115,
            "class 1": 0.502909090909091
         }
      },
      "6": {
         "kdn": {
            "global": 0.37132987910189985,
            "class 0": 0.2830112721417069,
            "class 1": 0.592929292929293
         },
         "dynamic_kdn": {
            "global": 0.3785837651122625,
            "class 0": 0.2876570048309179,
            "class 1": 0.6067272727272727
         },
         "dynamic_kdn_full_zone": {
            "global": 0.3294300518134715,
            "class 0": 0.25120772946859904,
            "class 1": 0.5256969696969698
         }
      },
      "7": {
         "kdn": {
            "global": 0.3713298791018998,
            "class 0": 0.2791580400276052,
            "class 1": 0.6025974025974026
         },
         "dynamic_kdn": {
            "global": 0.38036269430051817,
            "class 0": 0.2877536231884058,
            "class 1": 0.6127272727272727
         },
         "dynamic_kdn_full_zone": {
            "global": 0.3369084628670121,
            "class 0": 0.2552657004830918,
            "class 1": 0.5417575757575758
         }
      },
      "8": {
         "kdn": {
            "global": 0.3741364421416235,
            "class 0": 0.28230676328502413,
            "class 1": 0.6045454545454545
         },
         "dynamic_kdn": {
            "global": 0.3848013816925734,
            "class 0": 0.29289855072463766,
            "class 1": 0.6153939393939395
         },
         "dynamic_kdn_full_zone": {
            "global": 0.3450777202072539,
            "class 0": 0.26265700483091786,
            "class 1": 0.551878787878788
         }
      },
      "9": {
         "kdn": {
            "global": 0.37804644022260603,
            "class 0": 0.28314546430488463,
            "class 1": 0.6161616161616161
         },
         "dynamic_kdn": {
            "global": 0.38699481865284974,
            "class 0": 0.2957729468599034,
            "class 1": 0.6158787878787879
         },
         "dynamic_kdn_full_zone": {
            "global": 0.35089810017271156,
            "class 0": 0.26782608695652177,
            "class 1": 0.5593333333333333
         }
      },
      "10": {
         "kdn": {
            "global": 0.37495682210708114,
            "class 0": 0.27826086956521734,
            "class 1": 0.6175757575757576
         },
         "dynamic_kdn": {
            "global": 0.3881519861830743,
            "class 0": 0.2970289855072464,
            "class 1": 0.6167878787878789
         },
         "dynamic_kdn_full_zone": {
            "global": 0.35407599309153714,
            "class 0": 0.2701690821256039,
            "class 1": 0.5646060606060606
         }
      },
      "11": {
         "kdn": {
            "global": 0.37305699481865284,
            "class 0": 0.27667984189723316,
            "class 1": 0.6148760330578512
         },
         "dynamic_kdn": {
            "global": 0.38924006908462866,
            "class 0": 0.297536231884058,
            "class 1": 0.6193333333333333
         },
         "dynamic_kdn_full_zone": {
            "global": 0.35756476683937827,
            "class 0": 0.27210144927536234,
            "class 1": 0.572
         }
      }
   }
}