{
   "ilpd": {
      "1": {
         "kdn": {
            "global": 0.34773218142548595,
            "class 0": 0.2598187311178248,
            "class 1": 0.5681818181818182
         },
         "dynamic_kdn": {
            "global": 0.3466522678185745,
            "class 0": 0.2598187311178248,
            "class 1": 0.5643939393939394
         },
         "dynamic_kdn_full_zone": {
            "global": 0.12136069114470842,
            "class 0": 0.08885196374622356,
            "class 1": 0.20287878787878788
         }
      },
      "2": {
         "kdn": {
            "global": 0.3488120950323974,
            "class 0": 0.26132930513595165,
            "class 1": 0.5681818181818182
         },
         "dynamic_kdn": {
            "global": 0.3513390928725702,
            "class 0": 0.2677341389728097,
            "class 1": 0.5609848484848484
         },
         "dynamic_kdn_full_zone": {
            "global": 0.21576673866090715,
            "class 0": 0.16347432024169184,
            "class 1": 0.34689393939393937
         }
      },
      "3": {
         "kdn": {
            "global": 0.35277177825773937,
            "class 0": 0.26787512588116813,
            "class 1": 0.5656565656565657
         },
         "dynamic_kdn": {
            "global": 0.3529805615550756,
            "class 0": 0.2702114803625378,
            "class 1": 0.560530303030303
         },
         "dynamic_kdn_full_zone": {
            "global": 0.25892008639308856,
            "class 0": 0.19897280966767372,
            "class 1": 0.4092424242424242
         }
      },
      "4": {
         "kdn": {
            "global": 0.3536717062634989,
            "class 0": 0.26586102719033233,
            "class 1": 0.5738636363636364
         },
         "dynamic_kdn": {
            "global": 0.3642332613390929,
            "class 0": 0.27429003021148035,
            "class 1": 0.5897727272727272
         },
         "dynamic_kdn_full_zone": {
            "global": 0.2886609071274298,
            "class 0": 0.21915407854984892,
            "class 1": 0.46295454545454545
         }
      },
      "5": {
         "kdn": {
            "global": 0.3568034557235422,
            "class 0": 0.2646525679758308,
            "class 1": 0.5878787878787879
         },
         "dynamic_kdn": {
            "global": 0.36859611231101513,
            "class 0": 0.27531722054380664,
            "class 1": 0.6025
         },
         "dynamic_kdn_full_zone": {
            "global": 0.3057883369330453,
            "class 0": 0.22975830815709974,
            "class 1": 0.49643939393939396
         }
      },
      "6": {
         "kdn": {
            "global": 0.35601151907847367,
            "class 0": 0.2598187311178248,
            "class 1": 0.5972222222222222
         },
         "dynamic_kdn": {
            "global": 0.37114470842332614,
            "class 0": 0.2773111782477341,
            "class 1": 0.606439393939394
         },
         "dynamic_kdn_full_zone": {
            "global": 0.31714902807775375,
            "class 0": 0.23782477341389727,
            "class 1": 0.5160606060606061
         }
      },
      "7": {
         "kdn": {
            "global": 0.3591484109842641,
            "class 0": 0.2606819162710401,
            "class 1": 0.6060606060606061
         },
         "dynamic_kdn": {
            "global": 0.37654427645788335,
            "class 0": 0.28187311178247737,
            "class 1": 0.6139393939393939
         },
         "dynamic_kdn_full_zone": {
            "global": 0.32870410367170627,
            "class 0": 0.24570996978851967,
            "class 1": 0.5368181818181819
         }
      }
   }
}