{
   "ionosphere": {
      "1": {
         "kdn": {
            "global": 0.1339031339031339,
            "class 0": 0.3253968253968254,
            "class 1": 0.02666666666666667
         },
         "dynamic_kdn": {
            "global": 0.1339031339031339,
            "class 0": 0.3253968253968254,
            "class 1": 0.02666666666666667
         },
         "dynamic_kdn_full_zone": {
            "global": 0.006723646723646725,
            "class 0": 0.010079365079365084,
            "class 1": 0.004844444444444444
         }
      },
      "2": {
         "kdn": {
            "global": 0.1396011396011396,
            "class 0": 0.3412698412698413,
            "class 1": 0.02666666666666667
         },
         "dynamic_kdn": {
            "global": 0.15763532763532764,
            "class 0": 0.40341269841269844,
            "class 1": 0.02
         },
         "dynamic_kdn_full_zone": {
            "global": 0.022193732193732198,
            "class 0": 0.04222222222222223,
            "class 1": 0.010977777777777777
         }
      },
      "3": {
         "kdn": {
            "global": 0.15384615384615385,
            "class 0": 0.3888888888888888,
            "class 1": 0.022222222222222223
         },
         "dynamic_kdn": {
            "global": 0.20729344729344726,
            "class 0": 0.5332539682539682,
            "class 1": 0.02475555555555556
         },
         "dynamic_kdn_full_zone": {
            "global": 0.044501424501424504,
            "class 0": 0.0950793650793651,
            "class 1": 0.016177777777777777
         }
      },
      "4": {
         "kdn": {
            "global": 0.16168091168091167,
            "class 0": 0.40674603174603174,
            "class 1": 0.024444444444444446
         },
         "dynamic_kdn": {
            "global": 0.23461538461538464,
            "class 0": 0.6038095238095238,
            "class 1": 0.027866666666666668
         },
         "dynamic_kdn_full_zone": {
            "global": 0.061937321937321946,
            "class 0": 0.13904761904761906,
            "class 1": 0.01875555555555556
         }
      },
      "5": {
         "kdn": {
            "global": 0.166951566951567,
            "class 0": 0.41904761904761906,
            "class 1": 0.02577777777777778
         },
         "dynamic_kdn": {
            "global": 0.24552706552706555,
            "class 0": 0.6273015873015874,
            "class 1": 0.03173333333333334
         },
         "dynamic_kdn_full_zone": {
            "global": 0.06814814814814815,
            "class 0": 0.15055555555555558,
            "class 1": 0.022000000000000006
         }
      },
      "6": {
         "kdn": {
            "global": 0.17188983855650522,
            "class 0": 0.4338624338624339,
            "class 1": 0.025185185185185182
         },
         "dynamic_kdn": {
            "global": 0.2498290598290598,
            "class 0": 0.6350793650793652,
            "class 1": 0.03408888888888889
         },
         "dynamic_kdn_full_zone": {
            "global": 0.07170940170940171,
            "class 0": 0.15642857142857144,
            "class 1": 0.02426666666666667
         }
      },
      "7": {
         "kdn": {
            "global": 0.175010175010175,
            "class 0": 0.4387755102040816,
            "class 1": 0.0273015873015873
         },
         "dynamic_kdn": {
            "global": 0.25284900284900286,
            "class 0": 0.6415873015873016,
            "class 1": 0.03515555555555556
         },
         "dynamic_kdn_full_zone": {
            "global": 0.07413105413105414,
            "class 0": 0.16055555555555553,
            "class 1": 0.025733333333333337
         }
      },
      "8": {
         "kdn": {
            "global": 0.1777065527065527,
            "class 0": 0.44543650793650796,
            "class 1": 0.027777777777777776
         },
         "dynamic_kdn": {
            "global": 0.25427350427350426,
            "class 0": 0.64515873015873,
            "class 1": 0.035377777777777786
         },
         "dynamic_kdn_full_zone": {
            "global": 0.07532763532763534,
            "class 0": 0.1628571428571429,
            "class 1": 0.02631111111111112
         }
      },
      "9": {
         "kdn": {
            "global": 0.18138651471984807,
            "class 0": 0.455026455026455,
            "class 1": 0.028148148148148148
         },
         "dynamic_kdn": {
            "global": 0.25649572649572655,
            "class 0": 0.6482539682539682,
            "class 1": 0.037111111111111116
         },
         "dynamic_kdn_full_zone": {
            "global": 0.07700854700854702,
            "class 0": 0.16492063492063494,
            "class 1": 0.027777777777777787
         }
      },
      "10": {
         "kdn": {
            "global": 0.18490028490028493,
            "class 0": 0.46507936507936504,
            "class 1": 0.028
         },
         "dynamic_kdn": {
            "global": 0.2574928774928775,
            "class 0": 0.650079365079365,
            "class 1": 0.037644444444444446
         },
         "dynamic_kdn_full_zone": {
            "global": 0.07834757834757834,
            "class 0": 0.16674603174603175,
            "class 1": 0.028844444444444454
         }
      },
      "11": {
         "kdn": {
            "global": 0.1895881895881896,
            "class 0": 0.47835497835497837,
            "class 1": 0.027878787878787878
         },
         "dynamic_kdn": {
            "global": 0.2589173789173789,
            "class 0": 0.6515079365079365,
            "class 1": 0.03906666666666667
         },
         "dynamic_kdn_full_zone": {
            "global": 0.07977207977207978,
            "class 0": 0.16841269841269843,
            "class 1": 0.030133333333333342
         }
      }
   }
}