{
   "ionosphere": {
      "1": {
         "kdn": {
            "global": 0.1392857142857143,
            "class 0": 0.027932960893854747,
            "class 1": 0.33663366336633666
         },
         "dynamic_kdn": {
            "global": 0.1392857142857143,
            "class 0": 0.027932960893854747,
            "class 1": 0.33663366336633666
         },
         "dynamic_kdn_full_zone": {
            "global": 0.007071428571428571,
            "class 0": 0.004860335195530726,
            "class 1": 0.010990099009900991
         }
      },
      "2": {
         "kdn": {
            "global": 0.14464285714285716,
            "class 0": 0.030726256983240222,
            "class 1": 0.3465346534653465
         },
         "dynamic_kdn": {
            "global": 0.16167857142857142,
            "class 0": 0.022569832402234636,
            "class 1": 0.4082178217821782
         },
         "dynamic_kdn_full_zone": {
            "global": 0.02075,
            "class 0": 0.01111731843575419,
            "class 1": 0.03782178217821783
         }
      },
      "3": {
         "kdn": {
            "global": 0.1630952380952381,
            "class 0": 0.03165735567970204,
            "class 1": 0.39603960396039595
         },
         "dynamic_kdn": {
            "global": 0.21378571428571427,
            "class 0": 0.03022346368715084,
            "class 1": 0.5391089108910891
         },
         "dynamic_kdn_full_zone": {
            "global": 0.04139285714285715,
            "class 0": 0.018603351955307264,
            "class 1": 0.0817821782178218
         }
      },
      "4": {
         "kdn": {
            "global": 0.17232142857142857,
            "class 0": 0.03212290502793296,
            "class 1": 0.4207920792079208
         },
         "dynamic_kdn": {
            "global": 0.24000000000000002,
            "class 0": 0.031731843575419,
            "class 1": 0.6091089108910891
         },
         "dynamic_kdn_full_zone": {
            "global": 0.05757142857142857,
            "class 0": 0.02016759776536313,
            "class 1": 0.12386138613861386
         }
      },
      "5": {
         "kdn": {
            "global": 0.17357142857142854,
            "class 0": 0.03016759776536313,
            "class 1": 0.42772277227722777
         },
         "dynamic_kdn": {
            "global": 0.24982142857142858,
            "class 0": 0.03502793296089386,
            "class 1": 0.6304950495049504
         },
         "dynamic_kdn_full_zone": {
            "global": 0.06307142857142858,
            "class 0": 0.022681564245810058,
            "class 1": 0.13465346534653463
         }
      },
      "6": {
         "kdn": {
            "global": 0.1767857142857143,
            "class 0": 0.02886405959031657,
            "class 1": 0.438943894389439
         },
         "dynamic_kdn": {
            "global": 0.2561428571428571,
            "class 0": 0.0370391061452514,
            "class 1": 0.6444554455445545
         },
         "dynamic_kdn_full_zone": {
            "global": 0.06557142857142859,
            "class 0": 0.024636871508379888,
            "class 1": 0.1381188118811881
         }
      },
      "7": {
         "kdn": {
            "global": 0.18928571428571428,
            "class 0": 0.03112529928172386,
            "class 1": 0.46958981612446954
         },
         "dynamic_kdn": {
            "global": 0.2588214285714286,
            "class 0": 0.03770949720670392,
            "class 1": 0.6506930693069307
         },
         "dynamic_kdn_full_zone": {
            "global": 0.068,
            "class 0": 0.02575418994413408,
            "class 1": 0.1428712871287129
         }
      }
   }
}