{
   "kr_vs_kp": {
      "1": {
         "kdn": {
            "global": 0.07822277847309136,
            "class 0": 0.08120497707924033,
            "class 1": 0.07549430796884361
         },
         "dynamic_kdn": {
            "global": 0.07806633291614518,
            "class 0": 0.08087753765553372,
            "class 1": 0.07549430796884361
         },
         "dynamic_kdn_full_zone": {
            "global": 0.007656445556946182,
            "class 0": 0.008140144073346432,
            "class 1": 0.007213900539245056
         }
      },
      "2": {
         "kdn": {
            "global": 0.08322903629536921,
            "class 0": 0.09233791748526522,
            "class 1": 0.07489514679448772
         },
         "dynamic_kdn": {
            "global": 0.08112327909887358,
            "class 0": 0.08960052390307792,
            "class 1": 0.07336728579988017
         },
         "dynamic_kdn_full_zone": {
            "global": 0.013876720901126407,
            "class 0": 0.015520628683693517,
            "class 1": 0.01237267825044937
         }
      },
      "3": {
         "kdn": {
            "global": 0.10700876095118898,
            "class 0": 0.11547697009386595,
            "class 1": 0.0992610345516277
         },
         "dynamic_kdn": {
            "global": 0.10557884856070089,
            "class 0": 0.1134250163719712,
            "class 1": 0.09840023966446972
         },
         "dynamic_kdn_full_zone": {
            "global": 0.025137672090112643,
            "class 0": 0.02712508185985593,
            "class 1": 0.023319352905931692
         }
      },
      "4": {
         "kdn": {
            "global": 0.11373591989987485,
            "class 0": 0.12098886705959397,
            "class 1": 0.10710005991611743
         },
         "dynamic_kdn": {
            "global": 0.11485294117647059,
            "class 0": 0.1218467583497053,
            "class 1": 0.10845416417016177
         },
         "dynamic_kdn_full_zone": {
            "global": 0.03385168961201502,
            "class 0": 0.036404715127701374,
            "class 1": 0.03151587777112043
         }
      },
      "5": {
         "kdn": {
            "global": 0.12171464330413016,
            "class 0": 0.13071381794368042,
            "class 1": 0.1134811264230078
         },
         "dynamic_kdn": {
            "global": 0.129877972465582,
            "class 0": 0.13740667976424362,
            "class 1": 0.12298981426003594
         },
         "dynamic_kdn_full_zone": {
            "global": 0.04634856070087609,
            "class 0": 0.04924034053700065,
            "class 1": 0.043702816057519474
         }
      },
      "6": {
         "kdn": {
            "global": 0.13115352523988316,
            "class 0": 0.13763370443134687,
            "class 1": 0.12522468544038345
         },
         "dynamic_kdn": {
            "global": 0.14722778473091364,
            "class 0": 0.15404060248853962,
            "class 1": 0.1409946075494308
         },
         "dynamic_kdn_full_zone": {
            "global": 0.06000938673341678,
            "class 0": 0.06344466273739358,
            "class 1": 0.05686638705811864
         }
      },
      "7": {
         "kdn": {
            "global": 0.1400858215626676,
            "class 0": 0.14772195715221254,
            "class 1": 0.13309937516048959
         },
         "dynamic_kdn": {
            "global": 0.16181789737171468,
            "class 0": 0.17019646365422397,
            "class 1": 0.1541521869382864
         },
         "dynamic_kdn_full_zone": {
            "global": 0.07317897371714643,
            "class 0": 0.0779109364767518,
            "class 1": 0.06884961054523667
         }
      },
      "8": {
         "kdn": {
            "global": 0.1481930538172716,
            "class 0": 0.15700720366732154,
            "class 1": 0.14012881965248652
         },
         "dynamic_kdn": {
            "global": 0.1747622027534418,
            "class 0": 0.18557301899148657,
            "class 1": 0.16487118034751347
         },
         "dynamic_kdn_full_zone": {
            "global": 0.08502816020025031,
            "class 0": 0.09170923379174854,
            "class 1": 0.07891551827441583
         }
      },
      "9": {
         "kdn": {
            "global": 0.1536990682797942,
            "class 0": 0.1621188968929637,
            "class 1": 0.14599560615138807
         },
         "dynamic_kdn": {
            "global": 0.18619837296620778,
            "class 0": 0.19981008513425016,
            "class 1": 0.1737447573397244
         },
         "dynamic_kdn_full_zone": {
            "global": 0.09631727158948687,
            "class 0": 0.10485920104780615,
            "class 1": 0.08850209706411025
         }
      },
      "10": {
         "kdn": {
            "global": 0.16048185231539425,
            "class 0": 0.1679109364767518,
            "class 1": 0.1536848412222888
         },
         "dynamic_kdn": {
            "global": 0.1952096370463079,
            "class 0": 0.20989521938441388,
            "class 1": 0.18177351707609346
         },
         "dynamic_kdn_full_zone": {
            "global": 0.10516270337922404,
            "class 0": 0.11470857891290111,
            "class 1": 0.09642899940083882
         }
      },
      "11": {
         "kdn": {
            "global": 0.1658891796563887,
            "class 0": 0.17330475680180984,
            "class 1": 0.15910452639032624
         },
         "dynamic_kdn": {
            "global": 0.20556007509386734,
            "class 0": 0.22064178127046497,
            "class 1": 0.19176153385260636
         },
         "dynamic_kdn_full_zone": {
            "global": 0.11520963704630788,
            "class 0": 0.1251342501637197,
            "class 1": 0.10612941881366088
         }
      }
   }
}