{
   "kr_vs_kp": {
      "1": {
         "kdn": {
            "global": 0.0837245696400626,
            "class 0": 0.07415730337078652,
            "class 1": 0.09418509418509419
         },
         "dynamic_kdn": {
            "global": 0.0837245696400626,
            "class 0": 0.07415730337078652,
            "class 1": 0.09418509418509419
         },
         "dynamic_kdn_full_zone": {
            "global": 0.007809076682316119,
            "class 0": 0.0069812734082396995,
            "class 1": 0.008714168714168715
         }
      },
      "2": {
         "kdn": {
            "global": 0.09702660406885759,
            "class 0": 0.08726591760299625,
            "class 1": 0.1076986076986077
         },
         "dynamic_kdn": {
            "global": 0.09349374021909233,
            "class 0": 0.08376779026217228,
            "class 1": 0.10412776412776414
         },
         "dynamic_kdn_full_zone": {
            "global": 0.01557511737089202,
            "class 0": 0.013850187265917604,
            "class 1": 0.01746109746109746
         }
      },
      "3": {
         "kdn": {
            "global": 0.11150234741784038,
            "class 0": 0.10187265917602996,
            "class 1": 0.12203112203112203
         },
         "dynamic_kdn": {
            "global": 0.11062597809076682,
            "class 0": 0.10088389513108614,
            "class 1": 0.12127764127764126
         },
         "dynamic_kdn_full_zone": {
            "global": 0.025093896713615022,
            "class 0": 0.022719101123595504,
            "class 1": 0.027690417690417694
         }
      },
      "4": {
         "kdn": {
            "global": 0.12363067292644757,
            "class 0": 0.11348314606741573,
            "class 1": 0.13472563472563473
         },
         "dynamic_kdn": {
            "global": 0.12683489827856026,
            "class 0": 0.11790262172284642,
            "class 1": 0.1366011466011466
         },
         "dynamic_kdn_full_zone": {
            "global": 0.0363302034428795,
            "class 0": 0.033310861423220976,
            "class 1": 0.039631449631449635
         }
      },
      "5": {
         "kdn": {
            "global": 0.13247261345852895,
            "class 0": 0.12299625468164796,
            "class 1": 0.1428337428337428
         },
         "dynamic_kdn": {
            "global": 0.14343505477308294,
            "class 0": 0.1352209737827715,
            "class 1": 0.15241605241605244
         },
         "dynamic_kdn_full_zone": {
            "global": 0.04964397496087637,
            "class 0": 0.046389513108614236,
            "class 1": 0.05320229320229321
         }
      },
      "6": {
         "kdn": {
            "global": 0.14397496087636932,
            "class 0": 0.13508114856429462,
            "class 1": 0.15369915369915368
         },
         "dynamic_kdn": {
            "global": 0.16147887323943663,
            "class 0": 0.15298876404494383,
            "class 1": 0.17076167076167076
         },
         "dynamic_kdn_full_zone": {
            "global": 0.06411189358372457,
            "class 0": 0.05982022471910113,
            "class 1": 0.0688042588042588
         }
      },
      "7": {
         "kdn": {
            "global": 0.1531969595349877,
            "class 0": 0.1448903156768325,
            "class 1": 0.16227916227916225
         },
         "dynamic_kdn": {
            "global": 0.17605242566510174,
            "class 0": 0.16632209737827716,
            "class 1": 0.1866912366912367
         },
         "dynamic_kdn_full_zone": {
            "global": 0.07690532081377152,
            "class 0": 0.07115355805243447,
            "class 1": 0.08319410319410321
         }
      }
   }
}