{
   "liver-disorders": {
      "1": {
         "kdn": {
            "global": 0.31896551724137934,
            "class 0": 0.2361111111111111,
            "class 1": 0.45454545454545453
         },
         "dynamic_kdn": {
            "global": 0.31896551724137934,
            "class 0": 0.2361111111111111,
            "class 1": 0.45454545454545453
         },
         "dynamic_kdn_full_zone": {
            "global": 0.10008620689655172,
            "class 0": 0.07819444444444446,
            "class 1": 0.13590909090909092
         }
      },
      "2": {
         "kdn": {
            "global": 0.3577586206896552,
            "class 0": 0.2569444444444444,
            "class 1": 0.5227272727272727
         },
         "dynamic_kdn": {
            "global": 0.3450862068965517,
            "class 0": 0.26430555555555557,
            "class 1": 0.47727272727272735
         },
         "dynamic_kdn_full_zone": {
            "global": 0.20827586206896548,
            "class 0": 0.16138888888888892,
            "class 1": 0.285
         }
      },
      "3": {
         "kdn": {
            "global": 0.3620689655172414,
            "class 0": 0.2824074074074074,
            "class 1": 0.49242424242424226
         },
         "dynamic_kdn": {
            "global": 0.36534482758620684,
            "class 0": 0.27222222222222225,
            "class 1": 0.5177272727272727
         },
         "dynamic_kdn_full_zone": {
            "global": 0.26267241379310347,
            "class 0": 0.19569444444444448,
            "class 1": 0.37227272727272714
         }
      },
      "4": {
         "kdn": {
            "global": 0.38362068965517243,
            "class 0": 0.2847222222222222,
            "class 1": 0.5454545454545454
         },
         "dynamic_kdn": {
            "global": 0.3652586206896552,
            "class 0": 0.2638888888888889,
            "class 1": 0.5311363636363636
         },
         "dynamic_kdn_full_zone": {
            "global": 0.28456896551724137,
            "class 0": 0.20972222222222223,
            "class 1": 0.40704545454545454
         }
      },
      "5": {
         "kdn": {
            "global": 0.37931034482758624,
            "class 0": 0.28611111111111115,
            "class 1": 0.5318181818181817
         },
         "dynamic_kdn": {
            "global": 0.36965517241379314,
            "class 0": 0.2681944444444444,
            "class 1": 0.5356818181818181
         },
         "dynamic_kdn_full_zone": {
            "global": 0.30025862068965514,
            "class 0": 0.22291666666666662,
            "class 1": 0.4268181818181818
         }
      },
      "6": {
         "kdn": {
            "global": 0.3778735632183908,
            "class 0": 0.28009259259259256,
            "class 1": 0.537878787878788
         },
         "dynamic_kdn": {
            "global": 0.37258620689655175,
            "class 0": 0.26666666666666666,
            "class 1": 0.5459090909090909
         },
         "dynamic_kdn_full_zone": {
            "global": 0.3112931034482759,
            "class 0": 0.22624999999999998,
            "class 1": 0.45045454545454544
         }
      },
      "7": {
         "kdn": {
            "global": 0.37192118226600984,
            "class 0": 0.27380952380952384,
            "class 1": 0.5324675324675325
         },
         "dynamic_kdn": {
            "global": 0.3810344827586207,
            "class 0": 0.2702777777777778,
            "class 1": 0.5622727272727274
         },
         "dynamic_kdn_full_zone": {
            "global": 0.32327586206896547,
            "class 0": 0.2336111111111111,
            "class 1": 0.47
         }
      }
   }
}