{
   "liver-disorders": {
      "1": {
         "kdn": {
            "global": 0.33793103448275863,
            "class 0": 0.25555555555555554,
            "class 1": 0.4727272727272727
         },
         "dynamic_kdn": {
            "global": 0.3413793103448276,
            "class 0": 0.2611111111111111,
            "class 1": 0.4727272727272727
         },
         "dynamic_kdn_full_zone": {
            "global": 0.11158620689655173,
            "class 0": 0.08944444444444445,
            "class 1": 0.14781818181818182
         }
      },
      "2": {
         "kdn": {
            "global": 0.35172413793103446,
            "class 0": 0.2777777777777778,
            "class 1": 0.4727272727272727
         },
         "dynamic_kdn": {
            "global": 0.34344827586206894,
            "class 0": 0.2911111111111111,
            "class 1": 0.42909090909090913
         },
         "dynamic_kdn_full_zone": {
            "global": 0.21275862068965515,
            "class 0": 0.17877777777777779,
            "class 1": 0.2683636363636364
         }
      },
      "3": {
         "kdn": {
            "global": 0.3540229885057471,
            "class 0": 0.2777777777777778,
            "class 1": 0.47878787878787876
         },
         "dynamic_kdn": {
            "global": 0.34455172413793106,
            "class 0": 0.2657777777777778,
            "class 1": 0.47345454545454546
         },
         "dynamic_kdn_full_zone": {
            "global": 0.24910344827586206,
            "class 0": 0.19044444444444444,
            "class 1": 0.3450909090909091
         }
      },
      "4": {
         "kdn": {
            "global": 0.35172413793103446,
            "class 0": 0.2777777777777778,
            "class 1": 0.4727272727272727
         },
         "dynamic_kdn": {
            "global": 0.3524827586206897,
            "class 0": 0.2608888888888889,
            "class 1": 0.5023636363636363
         },
         "dynamic_kdn_full_zone": {
            "global": 0.28020689655172415,
            "class 0": 0.20777777777777773,
            "class 1": 0.39872727272727276
         }
      },
      "5": {
         "kdn": {
            "global": 0.3531034482758621,
            "class 0": 0.2733333333333334,
            "class 1": 0.48363636363636375
         },
         "dynamic_kdn": {
            "global": 0.3650344827586207,
            "class 0": 0.2702222222222222,
            "class 1": 0.5201818181818181
         },
         "dynamic_kdn_full_zone": {
            "global": 0.304551724137931,
            "class 0": 0.22544444444444445,
            "class 1": 0.434
         }
      },
      "6": {
         "kdn": {
            "global": 0.36321839080459767,
            "class 0": 0.2777777777777778,
            "class 1": 0.503030303030303
         },
         "dynamic_kdn": {
            "global": 0.37048275862068963,
            "class 0": 0.27455555555555555,
            "class 1": 0.5274545454545454
         },
         "dynamic_kdn_full_zone": {
            "global": 0.31606896551724134,
            "class 0": 0.2331111111111111,
            "class 1": 0.45181818181818184
         }
      },
      "7": {
         "kdn": {
            "global": 0.36059113300492607,
            "class 0": 0.2682539682539682,
            "class 1": 0.5116883116883116
         },
         "dynamic_kdn": {
            "global": 0.37441379310344824,
            "class 0": 0.2732222222222222,
            "class 1": 0.54
         },
         "dynamic_kdn_full_zone": {
            "global": 0.3258620689655172,
            "class 0": 0.238,
            "class 1": 0.4696363636363637
         }
      },
      "8": {
         "kdn": {
            "global": 0.3603448275862069,
            "class 0": 0.2638888888888889,
            "class 1": 0.5181818181818182
         },
         "dynamic_kdn": {
            "global": 0.3735172413793103,
            "class 0": 0.26755555555555555,
            "class 1": 0.5469090909090909
         },
         "dynamic_kdn_full_zone": {
            "global": 0.32772413793103444,
            "class 0": 0.23677777777777775,
            "class 1": 0.47654545454545455
         }
      },
      "9": {
         "kdn": {
            "global": 0.3532567049808429,
            "class 0": 0.25802469135802475,
            "class 1": 0.5090909090909091
         },
         "dynamic_kdn": {
            "global": 0.376551724137931,
            "class 0": 0.27111111111111114,
            "class 1": 0.5490909090909091
         },
         "dynamic_kdn_full_zone": {
            "global": 0.33220689655172414,
            "class 0": 0.24233333333333332,
            "class 1": 0.47927272727272735
         }
      },
      "10": {
         "kdn": {
            "global": 0.34551724137931034,
            "class 0": 0.2544444444444445,
            "class 1": 0.49454545454545473
         },
         "dynamic_kdn": {
            "global": 0.3819310344827586,
            "class 0": 0.2732222222222222,
            "class 1": 0.5598181818181818
         },
         "dynamic_kdn_full_zone": {
            "global": 0.3395862068965517,
            "class 0": 0.24666666666666665,
            "class 1": 0.4916363636363637
         }
      },
      "11": {
         "kdn": {
            "global": 0.354858934169279,
            "class 0": 0.2676767676767676,
            "class 1": 0.4975206611570247
         },
         "dynamic_kdn": {
            "global": 0.3863448275862069,
            "class 0": 0.27588888888888885,
            "class 1": 0.5670909090909091
         },
         "dynamic_kdn_full_zone": {
            "global": 0.3455172413793103,
            "class 0": 0.2508888888888889,
            "class 1": 0.5003636363636363
         }
      }
   }
}