{
   "mammographic": {
      "1": {
         "kdn": {
            "global": 0.22289156626506024,
            "class 0": 0.2224824355971897,
            "class 1": 0.22332506203473945
         },
         "dynamic_kdn": {
            "global": 0.27103614457831327,
            "class 0": 0.26639344262295084,
            "class 1": 0.27595533498759306
         },
         "dynamic_kdn_full_zone": {
            "global": 0.17556626506024095,
            "class 0": 0.17278688524590163,
            "class 1": 0.17851116625310173
         }
      },
      "2": {
         "kdn": {
            "global": 0.24819277108433735,
            "class 0": 0.2540983606557377,
            "class 1": 0.24193548387096775
         },
         "dynamic_kdn": {
            "global": 0.28427710843373494,
            "class 0": 0.27782201405152224,
            "class 1": 0.2911166253101737
         },
         "dynamic_kdn_full_zone": {
            "global": 0.21098795180722893,
            "class 0": 0.20629976580796253,
            "class 1": 0.21595533498759306
         }
      },
      "3": {
         "kdn": {
            "global": 0.24979919678714857,
            "class 0": 0.24902419984387192,
            "class 1": 0.2506203473945409
         },
         "dynamic_kdn": {
            "global": 0.2870240963855421,
            "class 0": 0.2808899297423888,
            "class 1": 0.29352357320099254
         },
         "dynamic_kdn_full_zone": {
            "global": 0.22807228915662653,
            "class 0": 0.22337236533957844,
            "class 1": 0.23305210918114144
         }
      },
      "4": {
         "kdn": {
            "global": 0.25903614457831325,
            "class 0": 0.25644028103044497,
            "class 1": 0.2617866004962779
         },
         "dynamic_kdn": {
            "global": 0.28512048192771083,
            "class 0": 0.2728805620608899,
            "class 1": 0.29808933002481386
         },
         "dynamic_kdn_full_zone": {
            "global": 0.24031325301204817,
            "class 0": 0.2304449648711944,
            "class 1": 0.2507692307692308
         }
      },
      "5": {
         "kdn": {
            "global": 0.2616867469879518,
            "class 0": 0.2608899297423888,
            "class 1": 0.26253101736972706
         },
         "dynamic_kdn": {
            "global": 0.2923132530120482,
            "class 0": 0.2792974238875878,
            "class 1": 0.3061042183622829
         },
         "dynamic_kdn_full_zone": {
            "global": 0.25216867469879517,
            "class 0": 0.2408899297423888,
            "class 1": 0.2641191066997519
         }
      },
      "6": {
         "kdn": {
            "global": 0.26465863453815264,
            "class 0": 0.250975800156128,
            "class 1": 0.27915632754342434
         },
         "dynamic_kdn": {
            "global": 0.29281927710843375,
            "class 0": 0.27714285714285714,
            "class 1": 0.3094292803970224
         },
         "dynamic_kdn_full_zone": {
            "global": 0.2582530120481928,
            "class 0": 0.24372365339578453,
            "class 1": 0.27364764267990077
         }
      },
      "7": {
         "kdn": {
            "global": 0.26592082616178997,
            "class 0": 0.2579458012713282,
            "class 1": 0.2743707904998227
         },
         "dynamic_kdn": {
            "global": 0.2925060240963855,
            "class 0": 0.27901639344262297,
            "class 1": 0.3067990074441687
         },
         "dynamic_kdn_full_zone": {
            "global": 0.2626385542168675,
            "class 0": 0.25107728337236535,
            "class 1": 0.2748883374689826
         }
      },
      "8": {
         "kdn": {
            "global": 0.26852409638554214,
            "class 0": 0.25995316159250587,
            "class 1": 0.27760545905707196
         },
         "dynamic_kdn": {
            "global": 0.2900361445783133,
            "class 0": 0.2772365339578454,
            "class 1": 0.30359801488833743
         },
         "dynamic_kdn_full_zone": {
            "global": 0.2632771084337349,
            "class 0": 0.252271662763466,
            "class 1": 0.2749379652605459
         }
      },
      "9": {
         "kdn": {
            "global": 0.27161981258366796,
            "class 0": 0.26229508196721313,
            "class 1": 0.2814998621450234
         },
         "dynamic_kdn": {
            "global": 0.2909156626506024,
            "class 0": 0.2794613583138173,
            "class 1": 0.30305210918114145
         },
         "dynamic_kdn_full_zone": {
            "global": 0.26681927710843373,
            "class 0": 0.2563231850117096,
            "class 1": 0.2779404466501241
         }
      },
      "10": {
         "kdn": {
            "global": 0.2731325301204819,
            "class 0": 0.261592505854801,
            "class 1": 0.2853598014888337
         },
         "dynamic_kdn": {
            "global": 0.29114457831325297,
            "class 0": 0.278384074941452,
            "class 1": 0.3046650124069479
         },
         "dynamic_kdn_full_zone": {
            "global": 0.2688915662650602,
            "class 0": 0.25707259953161593,
            "class 1": 0.2814143920595533
         }
      },
      "11": {
         "kdn": {
            "global": 0.2744797371303395,
            "class 0": 0.2578241430700447,
            "class 1": 0.29212722761109855
         },
         "dynamic_kdn": {
            "global": 0.2926024096385542,
            "class 0": 0.28079625292740046,
            "class 1": 0.30511166253101735
         },
         "dynamic_kdn_full_zone": {
            "global": 0.2718072289156626,
            "class 0": 0.2607494145199063,
            "class 1": 0.28352357320099253
         }
      }
   }
}