{
   "mammographic": {
      "1": {
         "kdn": {
            "global": 0.23644578313253012,
            "class 0": 0.21929824561403508,
            "class 1": 0.2546583850931677
         },
         "dynamic_kdn": {
            "global": 0.2749698795180723,
            "class 0": 0.26801169590643276,
            "class 1": 0.2823602484472049
         },
         "dynamic_kdn_full_zone": {
            "global": 0.16698795180722892,
            "class 0": 0.1624269005847953,
            "class 1": 0.17183229813664597
         }
      },
      "2": {
         "kdn": {
            "global": 0.24623493975903615,
            "class 0": 0.23830409356725146,
            "class 1": 0.2546583850931677
         },
         "dynamic_kdn": {
            "global": 0.280722891566265,
            "class 0": 0.2733333333333333,
            "class 1": 0.2885714285714286
         },
         "dynamic_kdn_full_zone": {
            "global": 0.20230421686746985,
            "class 0": 0.19584795321637424,
            "class 1": 0.20916149068322978
         }
      },
      "3": {
         "kdn": {
            "global": 0.251004016064257,
            "class 0": 0.24756335282651068,
            "class 1": 0.2546583850931677
         },
         "dynamic_kdn": {
            "global": 0.28149096385542166,
            "class 0": 0.27470760233918123,
            "class 1": 0.2886956521739131
         },
         "dynamic_kdn_full_zone": {
            "global": 0.22243975903614457,
            "class 0": 0.21798245614035086,
            "class 1": 0.22717391304347828
         }
      },
      "4": {
         "kdn": {
            "global": 0.24887048192771086,
            "class 0": 0.23172514619883042,
            "class 1": 0.2670807453416149
         },
         "dynamic_kdn": {
            "global": 0.27765060240963857,
            "class 0": 0.2677485380116959,
            "class 1": 0.28816770186335405
         },
         "dynamic_kdn_full_zone": {
            "global": 0.231144578313253,
            "class 0": 0.22476608187134503,
            "class 1": 0.23791925465838504
         }
      },
      "5": {
         "kdn": {
            "global": 0.2644578313253012,
            "class 0": 0.252046783625731,
            "class 1": 0.277639751552795
         },
         "dynamic_kdn": {
            "global": 0.2792921686746988,
            "class 0": 0.2683333333333333,
            "class 1": 0.29093167701863354
         },
         "dynamic_kdn_full_zone": {
            "global": 0.23912650602409638,
            "class 0": 0.23055555555555554,
            "class 1": 0.24822981366459626
         }
      },
      "6": {
         "kdn": {
            "global": 0.2595381526104417,
            "class 0": 0.24707602339181287,
            "class 1": 0.2727743271221532
         },
         "dynamic_kdn": {
            "global": 0.27978915662650605,
            "class 0": 0.2690643274853801,
            "class 1": 0.29118012422360245
         },
         "dynamic_kdn_full_zone": {
            "global": 0.24524096385542168,
            "class 0": 0.23576023391812867,
            "class 1": 0.25531055900621114
         }
      },
      "7": {
         "kdn": {
            "global": 0.26312392426850256,
            "class 0": 0.25146198830409355,
            "class 1": 0.2755102040816326
         },
         "dynamic_kdn": {
            "global": 0.27844879518072285,
            "class 0": 0.26777777777777784,
            "class 1": 0.2897826086956522
         },
         "dynamic_kdn_full_zone": {
            "global": 0.24856927710843374,
            "class 0": 0.24000000000000005,
            "class 1": 0.25767080745341614
         }
      }
   }
}