{
   "mushroom": {
      "1": {
         "kdn": {
            "global": 0.0,
            "class 0": 0.0,
            "class 1": 0.0
         },
         "dynamic_kdn": {
            "global": 0.0,
            "class 0": 0.0,
            "class 1": 0.0
         },
         "dynamic_kdn_full_zone": {
            "global": 0.0,
            "class 0": 0.0,
            "class 1": 0.0
         }
      },
      "2": {
         "kdn": {
            "global": 0.0,
            "class 0": 0.0,
            "class 1": 0.0
         },
         "dynamic_kdn": {
            "global": 4.923682914820284e-05,
            "class 0": 0.0,
            "class 1": 0.00010214504596527066
         },
         "dynamic_kdn_full_zone": {
            "global": 2.9542097488921713e-05,
            "class 0": 0.0,
            "class 1": 6.128702757916241e-05
         }
      },
      "3": {
         "kdn": {
            "global": 0.0,
            "class 0": 0.0,
            "class 1": 0.0
         },
         "dynamic_kdn": {
            "global": 0.00013047759724273757,
            "class 0": 0.0,
            "class 1": 0.0002706843718079673
         },
         "dynamic_kdn_full_zone": {
            "global": 8.370260955194484e-05,
            "class 0": 0.0,
            "class 1": 0.00017364657814096014
         }
      },
      "4": {
         "kdn": {
            "global": 6.154603643525357e-05,
            "class 0": 0.0,
            "class 1": 0.00012768130745658836
         },
         "dynamic_kdn": {
            "global": 0.0003397341211225997,
            "class 0": 6.653992395437263e-05,
            "class 1": 0.0006332992849846783
         },
         "dynamic_kdn_full_zone": {
            "global": 0.0002117183653372723,
            "class 0": 5.703422053231939e-05,
            "class 1": 0.00037793667007150153
         }
      },
      "5": {
         "kdn": {
            "global": 0.00012309207287050715,
            "class 0": 0.0,
            "class 1": 0.0002553626149131767
         },
         "dynamic_kdn": {
            "global": 0.0009219596258000985,
            "class 0": 0.00034695817490494303,
            "class 1": 0.0015398365679264554
         },
         "dynamic_kdn_full_zone": {
            "global": 0.0006696208764155587,
            "class 0": 0.0002946768060836502,
            "class 1": 0.0010725229826353423
         }
      },
      "6": {
         "kdn": {
            "global": 0.00024618414574101424,
            "class 0": 0.0,
            "class 1": 0.0005107252298263533
         },
         "dynamic_kdn": {
            "global": 0.001674052191038897,
            "class 0": 0.0009458174904942967,
            "class 1": 0.0024565883554647596
         },
         "dynamic_kdn_full_zone": {
            "global": 0.0012666174298375183,
            "class 0": 0.0007580798479087453,
            "class 1": 0.0018130745658835547
         }
      },
      "7": {
         "kdn": {
            "global": 0.00038686080045016524,
            "class 0": 0.0,
            "class 1": 0.0008025682182985553
         },
         "dynamic_kdn": {
            "global": 0.0026637124569177744,
            "class 0": 0.0013117870722433463,
            "class 1": 0.004116445352400409
         },
         "dynamic_kdn_full_zone": {
            "global": 0.002154111275233875,
            "class 0": 0.001071768060836502,
            "class 1": 0.0033171603677221656
         }
      },
      "8": {
         "kdn": {
            "global": 0.0006154603643525357,
            "class 0": 5.94106463878327e-05,
            "class 1": 0.0012129724208375895
         },
         "dynamic_kdn": {
            "global": 0.0035339734121122603,
            "class 0": 0.0018559885931558938,
            "class 1": 0.005337078651685393
         },
         "dynamic_kdn_full_zone": {
            "global": 0.0029763663220088625,
            "class 0": 0.0015708174904942968,
            "class 1": 0.0044867211440245145
         }
      },
      "9": {
         "kdn": {
            "global": 0.0008479676131079382,
            "class 0": 0.00010561892691170258,
            "class 1": 0.0016456701849960277
         },
         "dynamic_kdn": {
            "global": 0.0049987690792712945,
            "class 0": 0.0031297528517110268,
            "class 1": 0.007007150153217568
         },
         "dynamic_kdn_full_zone": {
            "global": 0.004319300837026096,
            "class 0": 0.0026829847908745245,
            "class 1": 0.006077630234933606
         }
      },
      "10": {
         "kdn": {
            "global": 0.0010093549975381585,
            "class 0": 9.505703422053233e-05,
            "class 1": 0.001991828396322778
         },
         "dynamic_kdn": {
            "global": 0.0068882323978335805,
            "class 0": 0.004104087452471483,
            "class 1": 0.009879979570990806
         },
         "dynamic_kdn_full_zone": {
            "global": 0.006161989167897588,
            "class 0": 0.003562262357414449,
            "class 1": 0.008955566905005107
         }
      },
      "11": {
         "kdn": {
            "global": 0.001130209032720111,
            "class 0": 8.641548565502938e-05,
            "class 1": 0.0022518339678707397
         },
         "dynamic_kdn": {
            "global": 0.008814623338257017,
            "class 0": 0.004852661596958175,
            "class 1": 0.013072012257405514
         },
         "dynamic_kdn_full_zone": {
            "global": 0.00801452486459872,
            "class 0": 0.004208650190114069,
            "class 1": 0.012104187946884578
         }
      }
   }
}