{
   "mushroom": {
      "1": {
         "kdn": {
            "global": 0.0,
            "class 0": 0.0,
            "class 1": 0.0
         },
         "dynamic_kdn": {
            "global": 0.0,
            "class 0": 0.0,
            "class 1": 0.0
         },
         "dynamic_kdn_full_zone": {
            "global": 0.0,
            "class 0": 0.0,
            "class 1": 0.0
         }
      },
      "2": {
         "kdn": {
            "global": 0.0,
            "class 0": 0.0,
            "class 1": 0.0
         },
         "dynamic_kdn": {
            "global": 6.154793045083858e-05,
            "class 0": 0.0,
            "class 1": 0.00012767315671879985
         },
         "dynamic_kdn_full_zone": {
            "global": 3.692875827050315e-05,
            "class 0": 0.0,
            "class 1": 7.660389403127991e-05
         }
      },
      "3": {
         "kdn": {
            "global": 0.0,
            "class 0": 0.0,
            "class 1": 0.0
         },
         "dynamic_kdn": {
            "global": 0.00035543929835359295,
            "class 0": 0.00010101010101010104,
            "class 1": 0.0006287902968400895
         },
         "dynamic_kdn_full_zone": {
            "global": 0.00022311124788428993,
            "class 0": 8.615567439096852e-05,
            "class 1": 0.0003702521544845197
         }
      },
      "4": {
         "kdn": {
            "global": 0.00015386982612709647,
            "class 0": 0.0,
            "class 1": 0.0003191828917969997
         },
         "dynamic_kdn": {
            "global": 0.0005554700723188183,
            "class 0": 0.00018122400475341656,
            "class 1": 0.000957548675390999
         },
         "dynamic_kdn_full_zone": {
            "global": 0.00037236497922757346,
            "class 0": 0.00015151515151515152,
            "class 1": 0.0006096393233322694
         }
      },
      "5": {
         "kdn": {
            "global": 0.0002461917218033544,
            "class 0": 0.0,
            "class 1": 0.0005106926268751995
         },
         "dynamic_kdn": {
            "global": 0.0012171103246653332,
            "class 0": 0.0004901960784313725,
            "class 1": 0.001998084902649218
         },
         "dynamic_kdn_full_zone": {
            "global": 0.0008847515002308047,
            "class 0": 0.00040998217468805713,
            "class 1": 0.0013948292371528887
         }
      },
      "6": {
         "kdn": {
            "global": 0.0005641893624660204,
            "class 0": 4.951475539710834e-05,
            "class 1": 0.0011171401212894988
         },
         "dynamic_kdn": {
            "global": 0.0019526080935528545,
            "class 0": 0.0010368389780154486,
            "class 1": 0.002936482604532397
         },
         "dynamic_kdn_full_zone": {
            "global": 0.0014817664256039388,
            "class 0": 0.0008407605466428997,
            "class 1": 0.002170443664219598
         }
      },
      "7": {
         "kdn": {
            "global": 0.0007913305343679246,
            "class 0": 0.00012732365673542143,
            "class 1": 0.0015047193470429984
         },
         "dynamic_kdn": {
            "global": 0.003320510847822742,
            "class 0": 0.0017052881758764112,
            "class 1": 0.005055857006064476
         },
         "dynamic_kdn_full_zone": {
            "global": 0.0027081089398368983,
            "class 0": 0.001393345216874629,
            "class 1": 0.004120651133099266
         }
      }
   }
}