{
   "r2": {
      "1": {
         "kdn": {
            "global": 0.31896551724137934,
            "class 0": 0.3269230769230769,
            "class 1": 0.3125
         },
         "dynamic_kdn": {
            "global": 0.31896551724137934,
            "class 0": 0.3269230769230769,
            "class 1": 0.3125
         },
         "dynamic_kdn_full_zone": {
            "global": 0.06525862068965517,
            "class 0": 0.06942307692307693,
            "class 1": 0.061875
         }
      },
      "2": {
         "kdn": {
            "global": 0.3275862068965517,
            "class 0": 0.3173076923076923,
            "class 1": 0.3359375
         },
         "dynamic_kdn": {
            "global": 0.3319827586206897,
            "class 0": 0.3207692307692308,
            "class 1": 0.34109375
         },
         "dynamic_kdn_full_zone": {
            "global": 0.15344827586206894,
            "class 0": 0.1473076923076923,
            "class 1": 0.1584375
         }
      },
      "3": {
         "kdn": {
            "global": 0.3448275862068966,
            "class 0": 0.35256410256410253,
            "class 1": 0.33854166666666663
         },
         "dynamic_kdn": {
            "global": 0.3646551724137931,
            "class 0": 0.37365384615384617,
            "class 1": 0.35734375000000007
         },
         "dynamic_kdn_full_zone": {
            "global": 0.2097413793103448,
            "class 0": 0.21346153846153848,
            "class 1": 0.20671875
         }
      },
      "4": {
         "kdn": {
            "global": 0.33189655172413796,
            "class 0": 0.3269230769230769,
            "class 1": 0.3359375
         },
         "dynamic_kdn": {
            "global": 0.38629310344827583,
            "class 0": 0.40211538461538454,
            "class 1": 0.3734375
         },
         "dynamic_kdn_full_zone": {
            "global": 0.24629310344827587,
            "class 0": 0.2528846153846154,
            "class 1": 0.2409375
         }
      },
      "5": {
         "kdn": {
            "global": 0.3327586206896552,
            "class 0": 0.3384615384615384,
            "class 1": 0.328125
         },
         "dynamic_kdn": {
            "global": 0.4049137931034483,
            "class 0": 0.40961538461538455,
            "class 1": 0.40109375
         },
         "dynamic_kdn_full_zone": {
            "global": 0.2775862068965517,
            "class 0": 0.2846153846153846,
            "class 1": 0.27187500000000003
         }
      },
      "6": {
         "kdn": {
            "global": 0.353448275862069,
            "class 0": 0.3653846153846153,
            "class 1": 0.34375
         },
         "dynamic_kdn": {
            "global": 0.4207758620689656,
            "class 0": 0.433076923076923,
            "class 1": 0.41078125
         },
         "dynamic_kdn_full_zone": {
            "global": 0.29913793103448266,
            "class 0": 0.31019230769230766,
            "class 1": 0.29015625
         }
      },
      "7": {
         "kdn": {
            "global": 0.35344827586206895,
            "class 0": 0.3763736263736263,
            "class 1": 0.3348214285714285
         },
         "dynamic_kdn": {
            "global": 0.4285344827586207,
            "class 0": 0.44519230769230766,
            "class 1": 0.41500000000000004
         },
         "dynamic_kdn_full_zone": {
            "global": 0.31672413793103443,
            "class 0": 0.3261538461538462,
            "class 1": 0.3090625
         }
      },
      "8": {
         "kdn": {
            "global": 0.3620689655172414,
            "class 0": 0.37740384615384615,
            "class 1": 0.349609375
         },
         "dynamic_kdn": {
            "global": 0.42931034482758623,
            "class 0": 0.4501923076923076,
            "class 1": 0.41234375
         },
         "dynamic_kdn_full_zone": {
            "global": 0.3256896551724137,
            "class 0": 0.34192307692307683,
            "class 1": 0.3125
         }
      },
      "9": {
         "kdn": {
            "global": 0.37547892720306514,
            "class 0": 0.3952991452991453,
            "class 1": 0.359375
         },
         "dynamic_kdn": {
            "global": 0.43017241379310345,
            "class 0": 0.44903846153846155,
            "class 1": 0.41484375
         },
         "dynamic_kdn_full_zone": {
            "global": 0.3291379310344827,
            "class 0": 0.34442307692307694,
            "class 1": 0.31671875
         }
      },
      "10": {
         "kdn": {
            "global": 0.3862068965517242,
            "class 0": 0.41346153846153844,
            "class 1": 0.3640625
         },
         "dynamic_kdn": {
            "global": 0.4322413793103449,
            "class 0": 0.4525,
            "class 1": 0.41578125000000005
         },
         "dynamic_kdn_full_zone": {
            "global": 0.3336206896551724,
            "class 0": 0.35134615384615386,
            "class 1": 0.31921875
         }
      },
      "11": {
         "kdn": {
            "global": 0.3989028213166143,
            "class 0": 0.42657342657342656,
            "class 1": 0.37642045454545453
         },
         "dynamic_kdn": {
            "global": 0.43629310344827593,
            "class 0": 0.46096153846153853,
            "class 1": 0.41625
         },
         "dynamic_kdn_full_zone": {
            "global": 0.33974137931034476,
            "class 0": 0.3632692307692308,
            "class 1": 0.32062499999999994
         }
      }
   }
}