{
   "r2": {
      "1": {
         "kdn": {
            "global": 0.30434782608695654,
            "class 0": 0.3137254901960784,
            "class 1": 0.2926829268292683
         },
         "dynamic_kdn": {
            "global": 0.30434782608695654,
            "class 0": 0.3137254901960784,
            "class 1": 0.2926829268292683
         },
         "dynamic_kdn_full_zone": {
            "global": 0.05554347826086957,
            "class 0": 0.05941176470588236,
            "class 1": 0.050731707317073174
         }
      },
      "2": {
         "kdn": {
            "global": 0.3423913043478261,
            "class 0": 0.3431372549019608,
            "class 1": 0.34146341463414637
         },
         "dynamic_kdn": {
            "global": 0.36032608695652174,
            "class 0": 0.37705882352941184,
            "class 1": 0.3395121951219512
         },
         "dynamic_kdn_full_zone": {
            "global": 0.16673913043478264,
            "class 0": 0.17098039215686275,
            "class 1": 0.16146341463414635
         }
      },
      "3": {
         "kdn": {
            "global": 0.358695652173913,
            "class 0": 0.3398692810457516,
            "class 1": 0.38211382113821135
         },
         "dynamic_kdn": {
            "global": 0.3929347826086957,
            "class 0": 0.39039215686274503,
            "class 1": 0.3960975609756097
         },
         "dynamic_kdn_full_zone": {
            "global": 0.22108695652173918,
            "class 0": 0.21549019607843142,
            "class 1": 0.22804878048780486
         }
      },
      "4": {
         "kdn": {
            "global": 0.34782608695652173,
            "class 0": 0.3333333333333333,
            "class 1": 0.36585365853658536
         },
         "dynamic_kdn": {
            "global": 0.4045652173913044,
            "class 0": 0.3898039215686275,
            "class 1": 0.42292682926829267
         },
         "dynamic_kdn_full_zone": {
            "global": 0.2465217391304348,
            "class 0": 0.2343137254901961,
            "class 1": 0.2617073170731707
         }
      },
      "5": {
         "kdn": {
            "global": 0.36304347826086963,
            "class 0": 0.35294117647058815,
            "class 1": 0.3756097560975609
         },
         "dynamic_kdn": {
            "global": 0.41532608695652173,
            "class 0": 0.4082352941176471,
            "class 1": 0.42414634146341457
         },
         "dynamic_kdn_full_zone": {
            "global": 0.2715217391304348,
            "class 0": 0.2631372549019608,
            "class 1": 0.28195121951219515
         }
      },
      "6": {
         "kdn": {
            "global": 0.3641304347826087,
            "class 0": 0.34967320261437906,
            "class 1": 0.38211382113821135
         },
         "dynamic_kdn": {
            "global": 0.4243478260869566,
            "class 0": 0.41117647058823525,
            "class 1": 0.4407317073170732
         },
         "dynamic_kdn_full_zone": {
            "global": 0.2907608695652174,
            "class 0": 0.28058823529411764,
            "class 1": 0.30341463414634146
         }
      },
      "7": {
         "kdn": {
            "global": 0.38043478260869557,
            "class 0": 0.3557422969187674,
            "class 1": 0.41114982578397213
         },
         "dynamic_kdn": {
            "global": 0.43652173913043474,
            "class 0": 0.41235294117647053,
            "class 1": 0.4665853658536585
         },
         "dynamic_kdn_full_zone": {
            "global": 0.30782608695652175,
            "class 0": 0.2901960784313725,
            "class 1": 0.3297560975609756
         }
      }
   }
}