{
   "sonar": {
      "1": {
         "kdn": {
            "global": 0.125,
            "class 0": 0.09009009009009009,
            "class 1": 0.16494845360824742
         },
         "dynamic_kdn": {
            "global": 0.125,
            "class 0": 0.09009009009009009,
            "class 1": 0.16494845360824742
         },
         "dynamic_kdn_full_zone": {
            "global": 0.00038461538461538494,
            "class 0": 0.000540540540540541,
            "class 1": 0.00020618556701030945
         }
      },
      "2": {
         "kdn": {
            "global": 0.16105769230769232,
            "class 0": 0.12162162162162163,
            "class 1": 0.20618556701030927
         },
         "dynamic_kdn": {
            "global": 0.16802884615384617,
            "class 0": 0.11135135135135135,
            "class 1": 0.23288659793814437
         },
         "dynamic_kdn_full_zone": {
            "global": 0.0037500000000000025,
            "class 0": 0.003513513513513516,
            "class 1": 0.0040206185567010335
         }
      },
      "3": {
         "kdn": {
            "global": 0.16987179487179485,
            "class 0": 0.11411411411411411,
            "class 1": 0.23367697594501716
         },
         "dynamic_kdn": {
            "global": 0.20533653846153843,
            "class 0": 0.1398198198198198,
            "class 1": 0.28030927835051545
         },
         "dynamic_kdn_full_zone": {
            "global": 0.00793269230769231,
            "class 0": 0.005945945945945949,
            "class 1": 0.010206185567010313
         }
      },
      "4": {
         "kdn": {
            "global": 0.19591346153846154,
            "class 0": 0.12837837837837837,
            "class 1": 0.27319587628865977
         },
         "dynamic_kdn": {
            "global": 0.23447115384615383,
            "class 0": 0.17063063063063064,
            "class 1": 0.30752577319587626
         },
         "dynamic_kdn_full_zone": {
            "global": 0.012019230769230775,
            "class 0": 0.009819819819819825,
            "class 1": 0.01453608247422681
         }
      },
      "5": {
         "kdn": {
            "global": 0.20673076923076922,
            "class 0": 0.13873873873873874,
            "class 1": 0.2845360824742268
         },
         "dynamic_kdn": {
            "global": 0.25350961538461536,
            "class 0": 0.19387387387387386,
            "class 1": 0.3217525773195876
         },
         "dynamic_kdn_full_zone": {
            "global": 0.014134615384615395,
            "class 0": 0.01225225225225226,
            "class 1": 0.01628865979381444
         }
      },
      "6": {
         "kdn": {
            "global": 0.23076923076923078,
            "class 0": 0.15765765765765766,
            "class 1": 0.31443298969072164
         },
         "dynamic_kdn": {
            "global": 0.2705769230769231,
            "class 0": 0.21306306306306308,
            "class 1": 0.3363917525773195
         },
         "dynamic_kdn_full_zone": {
            "global": 0.017451923076923084,
            "class 0": 0.016036036036036046,
            "class 1": 0.019072164948453617
         }
      },
      "7": {
         "kdn": {
            "global": 0.24587912087912087,
            "class 0": 0.17117117117117114,
            "class 1": 0.3313696612665684
         },
         "dynamic_kdn": {
            "global": 0.2775961538461539,
            "class 0": 0.220990990990991,
            "class 1": 0.3423711340206186
         },
         "dynamic_kdn_full_zone": {
            "global": 0.019134615384615396,
            "class 0": 0.017297297297297308,
            "class 1": 0.021237113402061865
         }
      },
      "8": {
         "kdn": {
            "global": 0.25841346153846156,
            "class 0": 0.1858108108108108,
            "class 1": 0.34149484536082475
         },
         "dynamic_kdn": {
            "global": 0.28519230769230763,
            "class 0": 0.22810810810810808,
            "class 1": 0.35051546391752575
         },
         "dynamic_kdn_full_zone": {
            "global": 0.0201923076923077,
            "class 0": 0.018108108108108117,
            "class 1": 0.022577319587628878
         }
      },
      "9": {
         "kdn": {
            "global": 0.2761752136752137,
            "class 0": 0.20820820820820818,
            "class 1": 0.3539518900343642
         },
         "dynamic_kdn": {
            "global": 0.2898557692307692,
            "class 0": 0.2335135135135135,
            "class 1": 0.3543298969072164
         },
         "dynamic_kdn_full_zone": {
            "global": 0.02125000000000001,
            "class 0": 0.019459459459459465,
            "class 1": 0.02329896907216496
         }
      },
      "10": {
         "kdn": {
            "global": 0.28557692307692306,
            "class 0": 0.21621621621621626,
            "class 1": 0.36494845360824746
         },
         "dynamic_kdn": {
            "global": 0.2939903846153846,
            "class 0": 0.2371171171171171,
            "class 1": 0.35907216494845356
         },
         "dynamic_kdn_full_zone": {
            "global": 0.022163461538461552,
            "class 0": 0.020090090090090097,
            "class 1": 0.024536082474226818
         }
      },
      "11": {
         "kdn": {
            "global": 0.2976398601398601,
            "class 0": 0.2334152334152334,
            "class 1": 0.3711340206185567
         },
         "dynamic_kdn": {
            "global": 0.2964423076923077,
            "class 0": 0.23972972972972975,
            "class 1": 0.361340206185567
         },
         "dynamic_kdn_full_zone": {
            "global": 0.022500000000000013,
            "class 0": 0.020270270270270275,
            "class 1": 0.025051546391752593
         }
      }
   }
}