{
   "sonar": {
      "1": {
         "kdn": {
            "global": 0.12048192771084337,
            "class 0": 0.0898876404494382,
            "class 1": 0.15584415584415584
         },
         "dynamic_kdn": {
            "global": 0.12048192771084337,
            "class 0": 0.0898876404494382,
            "class 1": 0.15584415584415584
         },
         "dynamic_kdn_full_zone": {
            "global": 0.0003012048192771087,
            "class 0": 0.00033707865168539357,
            "class 1": 0.00025974025974025996
         }
      },
      "2": {
         "kdn": {
            "global": 0.1355421686746988,
            "class 0": 0.0898876404494382,
            "class 1": 0.18831168831168832
         },
         "dynamic_kdn": {
            "global": 0.16409638554216865,
            "class 0": 0.1047191011235955,
            "class 1": 0.2327272727272727
         },
         "dynamic_kdn_full_zone": {
            "global": 0.003975903614457834,
            "class 0": 0.003146067415730339,
            "class 1": 0.00493506493506494
         }
      },
      "3": {
         "kdn": {
            "global": 0.1546184738955823,
            "class 0": 0.09363295880149812,
            "class 1": 0.2251082251082251
         },
         "dynamic_kdn": {
            "global": 0.20777108433734945,
            "class 0": 0.140561797752809,
            "class 1": 0.2854545454545454
         },
         "dynamic_kdn_full_zone": {
            "global": 0.007048192771084342,
            "class 0": 0.005280898876404498,
            "class 1": 0.009090909090909097
         }
      },
      "4": {
         "kdn": {
            "global": 0.17921686746987953,
            "class 0": 0.12921348314606743,
            "class 1": 0.237012987012987
         },
         "dynamic_kdn": {
            "global": 0.23813253012048194,
            "class 0": 0.17865168539325843,
            "class 1": 0.306883116883117
         },
         "dynamic_kdn_full_zone": {
            "global": 0.011144578313253018,
            "class 0": 0.008539325842696635,
            "class 1": 0.014155844155844163
         }
      },
      "5": {
         "kdn": {
            "global": 0.21927710843373494,
            "class 0": 0.1550561797752809,
            "class 1": 0.29350649350649355
         },
         "dynamic_kdn": {
            "global": 0.2585542168674699,
            "class 0": 0.20550561797752812,
            "class 1": 0.31987012987012986
         },
         "dynamic_kdn_full_zone": {
            "global": 0.013855421686746994,
            "class 0": 0.011685393258426971,
            "class 1": 0.016363636363636372
         }
      },
      "6": {
         "kdn": {
            "global": 0.24096385542168675,
            "class 0": 0.1797752808988764,
            "class 1": 0.3116883116883117
         },
         "dynamic_kdn": {
            "global": 0.26614457831325294,
            "class 0": 0.21775280898876404,
            "class 1": 0.3220779220779221
         },
         "dynamic_kdn_full_zone": {
            "global": 0.01578313253012049,
            "class 0": 0.013595505617977538,
            "class 1": 0.01831168831168832
         }
      },
      "7": {
         "kdn": {
            "global": 0.25473321858864023,
            "class 0": 0.1958266452648475,
            "class 1": 0.3228200371057513
         },
         "dynamic_kdn": {
            "global": 0.2751807228915663,
            "class 0": 0.22853932584269662,
            "class 1": 0.32909090909090916
         },
         "dynamic_kdn_full_zone": {
            "global": 0.017228915662650612,
            "class 0": 0.015280898876404502,
            "class 1": 0.01948051948051949
         }
      }
   }
}