{
   "splice": {
      "1": {
         "kdn": {
            "global": 0.30625,
            "class 0": 0.45410628019323673,
            "class 1": 0.14766839378238342
         },
         "dynamic_kdn": {
            "global": 0.305625,
            "class 0": 0.4528985507246377,
            "class 1": 0.14766839378238342
         },
         "dynamic_kdn_full_zone": {
            "global": 0.0,
            "class 0": 0.0,
            "class 1": 0.0
         }
      },
      "2": {
         "kdn": {
            "global": 0.33125,
            "class 0": 0.4855072463768116,
            "class 1": 0.16580310880829016
         },
         "dynamic_kdn": {
            "global": 0.3404375,
            "class 0": 0.48004830917874397,
            "class 1": 0.19069948186528496
         },
         "dynamic_kdn_full_zone": {
            "global": 0.00023750000000000022,
            "class 0": 0.0002898550724637684,
            "class 1": 0.00018134715025906753
         }
      },
      "3": {
         "kdn": {
            "global": 0.35166666666666674,
            "class 0": 0.4975845410628019,
            "class 1": 0.19516407599309152
         },
         "dynamic_kdn": {
            "global": 0.3622875,
            "class 0": 0.5032125603864734,
            "class 1": 0.211139896373057
         },
         "dynamic_kdn_full_zone": {
            "global": 0.0008125000000000007,
            "class 0": 0.0011835748792270542,
            "class 1": 0.00041450777202072577
         }
      },
      "4": {
         "kdn": {
            "global": 0.3546875,
            "class 0": 0.4969806763285024,
            "class 1": 0.20207253886010362
         },
         "dynamic_kdn": {
            "global": 0.3749125,
            "class 0": 0.5120531400966184,
            "class 1": 0.22782383419689117
         },
         "dynamic_kdn_full_zone": {
            "global": 0.0014875000000000014,
            "class 0": 0.0019323671497584558,
            "class 1": 0.001010362694300519
         }
      },
      "5": {
         "kdn": {
            "global": 0.36225,
            "class 0": 0.5024154589371981,
            "class 1": 0.2119170984455959
         },
         "dynamic_kdn": {
            "global": 0.3846,
            "class 0": 0.5196859903381643,
            "class 1": 0.23971502590673577
         },
         "dynamic_kdn_full_zone": {
            "global": 0.0021500000000000017,
            "class 0": 0.0027294685990338187,
            "class 1": 0.0015284974093264262
         }
      },
      "6": {
         "kdn": {
            "global": 0.3608333333333333,
            "class 0": 0.5024154589371981,
            "class 1": 0.2089810017271157
         },
         "dynamic_kdn": {
            "global": 0.3908625,
            "class 0": 0.5219082125603864,
            "class 1": 0.25031088082901554
         },
         "dynamic_kdn_full_zone": {
            "global": 0.0028375000000000028,
            "class 0": 0.003526570048309182,
            "class 1": 0.002098445595854924
         }
      },
      "7": {
         "kdn": {
            "global": 0.3646428571428571,
            "class 0": 0.5048309178743962,
            "class 1": 0.21428571428571425
         },
         "dynamic_kdn": {
            "global": 0.39510000000000006,
            "class 0": 0.5255314009661836,
            "class 1": 0.25520725388601034
         },
         "dynamic_kdn_full_zone": {
            "global": 0.0034375000000000035,
            "class 0": 0.004299516908212564,
            "class 1": 0.0025129533678756497
         }
      }
   }
}