{
   "splice": {
      "1": {
         "kdn": {
            "global": 0.304,
            "class 0": 0.12422360248447205,
            "class 1": 0.47195357833655704
         },
         "dynamic_kdn": {
            "global": 0.304,
            "class 0": 0.12525879917184266,
            "class 1": 0.4709864603481625
         },
         "dynamic_kdn_full_zone": {
            "global": 0.0,
            "class 0": 0.0,
            "class 1": 0.0
         }
      },
      "2": {
         "kdn": {
            "global": 0.3255,
            "class 0": 0.13146997929606624,
            "class 1": 0.5067698259187621
         },
         "dynamic_kdn": {
            "global": 0.33236,
            "class 0": 0.15364389233954454,
            "class 1": 0.49932301740812374
         },
         "dynamic_kdn_full_zone": {
            "global": 0.00038000000000000035,
            "class 0": 0.0002277432712215323,
            "class 1": 0.0005222437137330759
         }
      },
      "3": {
         "kdn": {
            "global": 0.3363333333333333,
            "class 0": 0.14699792960662525,
            "class 1": 0.513217279174726
         },
         "dynamic_kdn": {
            "global": 0.35334000000000004,
            "class 0": 0.17546583850931677,
            "class 1": 0.5195164410058027
         },
         "dynamic_kdn_full_zone": {
            "global": 0.001150000000000001,
            "class 0": 0.0006211180124223608,
            "class 1": 0.0016441005802707944
         }
      },
      "4": {
         "kdn": {
            "global": 0.345,
            "class 0": 0.15942028985507245,
            "class 1": 0.5183752417794971
         },
         "dynamic_kdn": {
            "global": 0.36819999999999997,
            "class 0": 0.19575569358178052,
            "class 1": 0.5293036750483558
         },
         "dynamic_kdn_full_zone": {
            "global": 0.002080000000000002,
            "class 0": 0.0013250517598343697,
            "class 1": 0.002785299806576405
         }
      },
      "5": {
         "kdn": {
            "global": 0.35080000000000006,
            "class 0": 0.16811594202898553,
            "class 1": 0.5214700193423597
         },
         "dynamic_kdn": {
            "global": 0.37857,
            "class 0": 0.2097101449275362,
            "class 1": 0.5363249516441005
         },
         "dynamic_kdn_full_zone": {
            "global": 0.0030300000000000027,
            "class 0": 0.0020703933747412027,
            "class 1": 0.003926499032882016
         }
      },
      "6": {
         "kdn": {
            "global": 0.35233333333333333,
            "class 0": 0.17218771566597652,
            "class 1": 0.5206318504190846
         },
         "dynamic_kdn": {
            "global": 0.38676,
            "class 0": 0.22304347826086957,
            "class 1": 0.5397098646034816
         },
         "dynamic_kdn_full_zone": {
            "global": 0.0038200000000000035,
            "class 0": 0.0027329192546583876,
            "class 1": 0.004835589941972925
         }
      },
      "7": {
         "kdn": {
            "global": 0.353,
            "class 0": 0.16947648624667253,
            "class 1": 0.5244542691351202
         },
         "dynamic_kdn": {
            "global": 0.39173,
            "class 0": 0.23140786749482403,
            "class 1": 0.5415087040618956
         },
         "dynamic_kdn_full_zone": {
            "global": 0.004560000000000004,
            "class 0": 0.003333333333333336,
            "class 1": 0.005705996131528052
         }
      },
      "8": {
         "kdn": {
            "global": 0.354,
            "class 0": 0.17287784679089027,
            "class 1": 0.52321083172147
         },
         "dynamic_kdn": {
            "global": 0.39520000000000005,
            "class 0": 0.2379503105590062,
            "class 1": 0.5421083172147002
         },
         "dynamic_kdn_full_zone": {
            "global": 0.005260000000000005,
            "class 0": 0.003913043478260873,
            "class 1": 0.0065183752417795025
         }
      },
      "9": {
         "kdn": {
            "global": 0.35944444444444446,
            "class 0": 0.18035426731078905,
            "class 1": 0.5267569310122501
         },
         "dynamic_kdn": {
            "global": 0.3986,
            "class 0": 0.24341614906832296,
            "class 1": 0.5435783365570599
         },
         "dynamic_kdn_full_zone": {
            "global": 0.005930000000000005,
            "class 0": 0.004637681159420294,
            "class 1": 0.0071373307543520365
         }
      },
      "10": {
         "kdn": {
            "global": 0.36310000000000003,
            "class 0": 0.18571428571428572,
            "class 1": 0.5288201160541586
         },
         "dynamic_kdn": {
            "global": 0.40076999999999996,
            "class 0": 0.24865424430641822,
            "class 1": 0.5428820116054159
         },
         "dynamic_kdn_full_zone": {
            "global": 0.006520000000000006,
            "class 0": 0.005217391304347831,
            "class 1": 0.00773694390715668
         }
      },
      "11": {
         "kdn": {
            "global": 0.36581818181818176,
            "class 0": 0.19122906079427815,
            "class 1": 0.5289256198347108
         },
         "dynamic_kdn": {
            "global": 0.40270000000000006,
            "class 0": 0.2523809523809524,
            "class 1": 0.5431334622823986
         },
         "dynamic_kdn_full_zone": {
            "global": 0.0068900000000000055,
            "class 0": 0.005548654244306423,
            "class 1": 0.008143133462282407
         }
      }
   }
}