{
   "svmguide1": {
      "1": {
         "kdn": {
            "global": 0.043056005179669794,
            "class 0": 0.06060606060606061,
            "class 1": 0.0335
         },
         "dynamic_kdn": {
            "global": 0.04289414049854322,
            "class 0": 0.06014692378328742,
            "class 1": 0.0335
         },
         "dynamic_kdn_full_zone": {
            "global": 0.019093557785691162,
            "class 0": 0.026758494031221304,
            "class 1": 0.014919999999999998
         }
      },
      "2": {
         "kdn": {
            "global": 0.047102622207834254,
            "class 0": 0.06565656565656566,
            "class 1": 0.037
         },
         "dynamic_kdn": {
            "global": 0.05127873098089996,
            "class 0": 0.07171717171717171,
            "class 1": 0.040150000000000005
         },
         "dynamic_kdn_full_zone": {
            "global": 0.03790870831984461,
            "class 0": 0.05305785123966942,
            "class 1": 0.02966
         }
      },
      "3": {
         "kdn": {
            "global": 0.04963850221215064,
            "class 0": 0.0691766146311601,
            "class 1": 0.039
         },
         "dynamic_kdn": {
            "global": 0.05568468760116542,
            "class 0": 0.07902662993572085,
            "class 1": 0.042975
         },
         "dynamic_kdn_full_zone": {
            "global": 0.04625768857235351,
            "class 0": 0.06568411386593205,
            "class 1": 0.035679999999999996
         }
      },
      "4": {
         "kdn": {
            "global": 0.05131110391712528,
            "class 0": 0.07231404958677685,
            "class 1": 0.039875
         },
         "dynamic_kdn": {
            "global": 0.05940757526707672,
            "class 0": 0.08328741965105602,
            "class 1": 0.046405
         },
         "dynamic_kdn_full_zone": {
            "global": 0.05234380058271285,
            "class 0": 0.0729384756657484,
            "class 1": 0.04112999999999999
         }
      },
      "5": {
         "kdn": {
            "global": 0.05270314017481386,
            "class 0": 0.07401285583103766,
            "class 1": 0.041100000000000005
         },
         "dynamic_kdn": {
            "global": 0.06278730980899967,
            "class 0": 0.08876951331496787,
            "class 1": 0.04864
         },
         "dynamic_kdn_full_zone": {
            "global": 0.057089673033344134,
            "class 0": 0.08048668503213957,
            "class 1": 0.04435
         }
      },
      "6": {
         "kdn": {
            "global": 0.05363116434660623,
            "class 0": 0.07606366697275788,
            "class 1": 0.041416666666666664
         },
         "dynamic_kdn": {
            "global": 0.06541599223049531,
            "class 0": 0.09198347107438018,
            "class 1": 0.05095
         },
         "dynamic_kdn_full_zone": {
            "global": 0.06087730657170606,
            "class 0": 0.08537190082644627,
            "class 1": 0.04754
         }
      },
      "7": {
         "kdn": {
            "global": 0.054941497479535674,
            "class 0": 0.07765971402335038,
            "class 1": 0.04257142857142857
         },
         "dynamic_kdn": {
            "global": 0.06771770799611525,
            "class 0": 0.0957208448117539,
            "class 1": 0.052469999999999996
         },
         "dynamic_kdn_full_zone": {
            "global": 0.06393007445775332,
            "class 0": 0.09024793388429753,
            "class 1": 0.0496
         }
      },
      "8": {
         "kdn": {
            "global": 0.05511492392359987,
            "class 0": 0.07747933884297521,
            "class 1": 0.0429375
         },
         "dynamic_kdn": {
            "global": 0.06985755908060862,
            "class 0": 0.0997979797979798,
            "class 1": 0.053555
         },
         "dynamic_kdn_full_zone": {
            "global": 0.06651343476853351,
            "class 0": 0.09485766758494033,
            "class 1": 0.05108
         }
      },
      "9": {
         "kdn": {
            "global": 0.05654472860688465,
            "class 0": 0.07907356392204877,
            "class 1": 0.04427777777777778
         },
         "dynamic_kdn": {
            "global": 0.07257688572353513,
            "class 0": 0.10428833792470157,
            "class 1": 0.055310000000000005
         },
         "dynamic_kdn_full_zone": {
            "global": 0.06957267724182584,
            "class 0": 0.09997245179063362,
            "class 1": 0.053020000000000005
         }
      },
      "10": {
         "kdn": {
            "global": 0.05768857235351247,
            "class 0": 0.07970615243342516,
            "class 1": 0.045700000000000005
         },
         "dynamic_kdn": {
            "global": 0.07515053415344772,
            "class 0": 0.10878787878787878,
            "class 1": 0.056835000000000004
         },
         "dynamic_kdn_full_zone": {
            "global": 0.07241178374878601,
            "class 0": 0.10489439853076217,
            "class 1": 0.054725
         }
      },
      "11": {
         "kdn": {
            "global": 0.057358957002854705,
            "class 0": 0.07938893062860003,
            "class 1": 0.04536363636363636
         },
         "dynamic_kdn": {
            "global": 0.07764648753641955,
            "class 0": 0.11346189164370983,
            "class 1": 0.058145
         },
         "dynamic_kdn_full_zone": {
            "global": 0.07511492392359986,
            "class 0": 0.10977043158861341,
            "class 1": 0.056244999999999996
         }
      }
   }
}