{
   "svmguide3": {
      "1": {
         "kdn": {
            "global": 0.24698310539018503,
            "class 0": 0.14889123548046462,
            "class 1": 0.5608108108108109
         },
         "dynamic_kdn": {
            "global": 0.24738535800482703,
            "class 0": 0.1494192185850053,
            "class 1": 0.5608108108108109
         },
         "dynamic_kdn_full_zone": {
            "global": 0.05142397425583266,
            "class 0": 0.03185850052798311,
            "class 1": 0.11402027027027027
         }
      },
      "2": {
         "kdn": {
            "global": 0.24738535800482703,
            "class 0": 0.1446673706441394,
            "class 1": 0.5760135135135135
         },
         "dynamic_kdn": {
            "global": 0.2544489139179405,
            "class 0": 0.14805702217529038,
            "class 1": 0.5948310810810812
         },
         "dynamic_kdn_full_zone": {
            "global": 0.12176991150442479,
            "class 0": 0.06996832101372755,
            "class 1": 0.28750000000000003
         }
      },
      "3": {
         "kdn": {
            "global": 0.251810136765889,
            "class 0": 0.14783526927138332,
            "class 1": 0.5844594594594594
         },
         "dynamic_kdn": {
            "global": 0.26482703137570396,
            "class 0": 0.15498416050686376,
            "class 1": 0.6162500000000001
         },
         "dynamic_kdn_full_zone": {
            "global": 0.1588173773129525,
            "class 0": 0.09345300950369588,
            "class 1": 0.36793918918918916
         }
      },
      "4": {
         "kdn": {
            "global": 0.2590506838294449,
            "class 0": 0.15469904963041184,
            "class 1": 0.5929054054054054
         },
         "dynamic_kdn": {
            "global": 0.2680611423974256,
            "class 0": 0.1526821541710665,
            "class 1": 0.637195945945946
         },
         "dynamic_kdn_full_zone": {
            "global": 0.18082059533386965,
            "class 0": 0.10361140443505808,
            "class 1": 0.42783783783783785
         }
      },
      "5": {
         "kdn": {
            "global": 0.25760257441673373,
            "class 0": 0.1524815205913411,
            "class 1": 0.5939189189189189
         },
         "dynamic_kdn": {
            "global": 0.27175382139983906,
            "class 0": 0.15237592397043295,
            "class 1": 0.6536824324324325
         },
         "dynamic_kdn_full_zone": {
            "global": 0.1971198712791633,
            "class 0": 0.11197465681098204,
            "class 1": 0.4695270270270271
         }
      },
      "6": {
         "kdn": {
            "global": 0.2590506838294449,
            "class 0": 0.15047518479408659,
            "class 1": 0.606418918918919
         },
         "dynamic_kdn": {
            "global": 0.27548672566371685,
            "class 0": 0.15287222808870113,
            "class 1": 0.6677702702702704
         },
         "dynamic_kdn_full_zone": {
            "global": 0.20960579243765082,
            "class 0": 0.11770855332629356,
            "class 1": 0.5036148648648648
         }
      },
      "7": {
         "kdn": {
            "global": 0.259970118377198,
            "class 0": 0.1491929401116307,
            "class 1": 0.6143822393822393
         },
         "dynamic_kdn": {
            "global": 0.2792115848753017,
            "class 0": 0.15349524815205912,
            "class 1": 0.6814189189189189
         },
         "dynamic_kdn_full_zone": {
            "global": 0.21875301689460983,
            "class 0": 0.12161562829989439,
            "class 1": 0.529527027027027
         }
      },
      "8": {
         "kdn": {
            "global": 0.26055913113435236,
            "class 0": 0.1486272439281943,
            "class 1": 0.6186655405405406
         },
         "dynamic_kdn": {
            "global": 0.2817296862429606,
            "class 0": 0.15475184794086588,
            "class 1": 0.6879729729729729
         },
         "dynamic_kdn_full_zone": {
            "global": 0.22446500402252614,
            "class 0": 0.1253220696937698,
            "class 1": 0.5416554054054054
         }
      },
      "9": {
         "kdn": {
            "global": 0.26048091534817197,
            "class 0": 0.14713129179866244,
            "class 1": 0.6231231231231231
         },
         "dynamic_kdn": {
            "global": 0.28354786806114246,
            "class 0": 0.1554910242872228,
            "class 1": 0.6932432432432432
         },
         "dynamic_kdn_full_zone": {
            "global": 0.22942880128720838,
            "class 0": 0.128078141499472,
            "class 1": 0.5536824324324324
         }
      },
      "10": {
         "kdn": {
            "global": 0.2624296057924376,
            "class 0": 0.14825765575501587,
            "class 1": 0.6277027027027028
         },
         "dynamic_kdn": {
            "global": 0.2856315366049879,
            "class 0": 0.15640971488912356,
            "class 1": 0.6990540540540541
         },
         "dynamic_kdn_full_zone": {
            "global": 0.23430410297666934,
            "class 0": 0.13069693769799365,
            "class 1": 0.565777027027027
         }
      },
      "11": {
         "kdn": {
            "global": 0.26534045198566525,
            "class 0": 0.15052318325813574,
            "class 1": 0.6326781326781327
         },
         "dynamic_kdn": {
            "global": 0.2869428801287208,
            "class 0": 0.15658922914466736,
            "class 1": 0.7039864864864864
         },
         "dynamic_kdn_full_zone": {
            "global": 0.23773934030571198,
            "class 0": 0.13236536430834211,
            "class 1": 0.5748648648648649
         }
      }
   }
}