{
   "svmguide1": {
      "1": {
         "kdn": {
            "global": 0.04492108458114124,
            "class 0": 0.035625,
            "class 1": 0.06199770378874857
         },
         "dynamic_kdn": {
            "global": 0.04471873735329826,
            "class 0": 0.035625,
            "class 1": 0.06142365097588978
         },
         "dynamic_kdn_full_zone": {
            "global": 0.019813840550384456,
            "class 0": 0.015799999999999998,
            "class 1": 0.027187141216991964
         }
      },
      "2": {
         "kdn": {
            "global": 0.05119384864427357,
            "class 0": 0.041875,
            "class 1": 0.06831228473019518
         },
         "dynamic_kdn": {
            "global": 0.0549736948603804,
            "class 0": 0.04404375,
            "class 1": 0.07505166475315729
         },
         "dynamic_kdn_full_zone": {
            "global": 0.04006879805746661,
            "class 0": 0.0322375,
            "class 1": 0.054454649827784155
         }
      },
      "3": {
         "kdn": {
            "global": 0.05368946445433697,
            "class 0": 0.04458333333333333,
            "class 1": 0.07041714504401071
         },
         "dynamic_kdn": {
            "global": 0.05988668555240793,
            "class 0": 0.046849999999999996,
            "class 1": 0.08383467278989669
         },
         "dynamic_kdn_full_zone": {
            "global": 0.0494496155402671,
            "class 0": 0.03860625,
            "class 1": 0.06936854190585534
         }
      },
      "4": {
         "kdn": {
            "global": 0.05524079320113314,
            "class 0": 0.0446875,
            "class 1": 0.07462686567164178
         },
         "dynamic_kdn": {
            "global": 0.06303116147308782,
            "class 0": 0.0492125,
            "class 1": 0.08841561423650976
         },
         "dynamic_kdn_full_zone": {
            "global": 0.05529745042492917,
            "class 0": 0.04331875,
            "class 1": 0.07730195177956371
         }
      },
      "5": {
         "kdn": {
            "global": 0.056009712666936474,
            "class 0": 0.044375,
            "class 1": 0.07738231917336395
         },
         "dynamic_kdn": {
            "global": 0.0669566976932416,
            "class 0": 0.0521,
            "class 1": 0.094247990815155
         },
         "dynamic_kdn_full_zone": {
            "global": 0.0609105625252934,
            "class 0": 0.04755,
            "class 1": 0.08545350172215845
         }
      },
      "6": {
         "kdn": {
            "global": 0.05760151085930122,
            "class 0": 0.04489583333333333,
            "class 1": 0.0809414466130884
         },
         "dynamic_kdn": {
            "global": 0.07024281667341158,
            "class 0": 0.05494375,
            "class 1": 0.0983467278989667
         },
         "dynamic_kdn_full_zone": {
            "global": 0.06531768514771347,
            "class 0": 0.05126875,
            "class 1": 0.09112514351320322
         }
      },
      "7": {
         "kdn": {
            "global": 0.058622882580794344,
            "class 0": 0.045982142857142846,
            "class 1": 0.08184352960472363
         },
         "dynamic_kdn": {
            "global": 0.07305949008498584,
            "class 0": 0.05666874999999999,
            "class 1": 0.10316877152698048
         },
         "dynamic_kdn_full_zone": {
            "global": 0.06874949413193039,
            "class 0": 0.0535,
            "class 1": 0.09676234213547646
         }
      }
   }
}