{
   "svmguide3": {
      "1": {
         "kdn": {
            "global": 0.23641851106639838,
            "class 0": 0.14002642007926025,
            "class 1": 0.5443037974683544
         },
         "dynamic_kdn": {
            "global": 0.23641851106639838,
            "class 0": 0.14002642007926025,
            "class 1": 0.5443037974683544
         },
         "dynamic_kdn_full_zone": {
            "global": 0.046981891348088535,
            "class 0": 0.0283223249669749,
            "class 1": 0.10658227848101265
         }
      },
      "2": {
         "kdn": {
            "global": 0.24798792756539234,
            "class 0": 0.14332892998678995,
            "class 1": 0.5822784810126582
         },
         "dynamic_kdn": {
            "global": 0.25311871227364185,
            "class 0": 0.14729194187582562,
            "class 1": 0.5911392405063289
         },
         "dynamic_kdn_full_zone": {
            "global": 0.11716297786720323,
            "class 0": 0.06856010568031704,
            "class 1": 0.2724050632911392
         }
      },
      "3": {
         "kdn": {
            "global": 0.2511737089201878,
            "class 0": 0.1457507705856451,
            "class 1": 0.5879043600562587
         },
         "dynamic_kdn": {
            "global": 0.26513078470824947,
            "class 0": 0.15327608982826949,
            "class 1": 0.6224050632911392
         },
         "dynamic_kdn_full_zone": {
            "global": 0.15606639839034206,
            "class 0": 0.09034346103038311,
            "class 1": 0.3659915611814346
         }
      },
      "4": {
         "kdn": {
            "global": 0.25377263581488935,
            "class 0": 0.14729194187582562,
            "class 1": 0.5938818565400844
         },
         "dynamic_kdn": {
            "global": 0.26706237424547286,
            "class 0": 0.14879788639365918,
            "class 1": 0.6448101265822784
         },
         "dynamic_kdn_full_zone": {
            "global": 0.17806841046277666,
            "class 0": 0.09948480845442537,
            "class 1": 0.42907172995780596
         }
      },
      "5": {
         "kdn": {
            "global": 0.2551307847082495,
            "class 0": 0.14425363276089828,
            "class 1": 0.6092827004219409
         },
         "dynamic_kdn": {
            "global": 0.2712173038229377,
            "class 0": 0.15206076618229855,
            "class 1": 0.6518143459915611
         },
         "dynamic_kdn_full_zone": {
            "global": 0.19248490945674043,
            "class 0": 0.10916776750330251,
            "class 1": 0.45860759493670883
         }
      },
      "6": {
         "kdn": {
            "global": 0.2597250167672702,
            "class 0": 0.14795244385733158,
            "class 1": 0.6167369901547117
         },
         "dynamic_kdn": {
            "global": 0.2739839034205231,
            "class 0": 0.1520871862615588,
            "class 1": 0.6633333333333332
         },
         "dynamic_kdn_full_zone": {
            "global": 0.20344064386317906,
            "class 0": 0.11478203434610304,
            "class 1": 0.4866244725738397
         }
      },
      "7": {
         "kdn": {
            "global": 0.25984478298361596,
            "class 0": 0.1471975844498962,
            "class 1": 0.6196503918022904
         },
         "dynamic_kdn": {
            "global": 0.2767505030181086,
            "class 0": 0.152998678996037,
            "class 1": 0.6720253164556961
         },
         "dynamic_kdn_full_zone": {
            "global": 0.21101609657947687,
            "class 0": 0.11891677675033024,
            "class 1": 0.5051898734177216
         }
      }
   }
}