{
   "transfusion": {
      "1": {
         "kdn": {
            "global": 0.26737967914438504,
            "class 0": 0.16842105263157894,
            "class 1": 0.5842696629213483
         },
         "dynamic_kdn": {
            "global": 0.31570855614973264,
            "class 0": 0.21028070175438593,
            "class 1": 0.6533146067415729
         },
         "dynamic_kdn_full_zone": {
            "global": 0.18371657754010698,
            "class 0": 0.12063157894736844,
            "class 1": 0.3857303370786517
         }
      },
      "2": {
         "kdn": {
            "global": 0.27941176470588236,
            "class 0": 0.17982456140350878,
            "class 1": 0.598314606741573
         },
         "dynamic_kdn": {
            "global": 0.29864973262032085,
            "class 0": 0.19280701754385965,
            "class 1": 0.6375842696629214
         },
         "dynamic_kdn_full_zone": {
            "global": 0.22494652406417115,
            "class 0": 0.14475438596491227,
            "class 1": 0.48174157303370785
         }
      },
      "3": {
         "kdn": {
            "global": 0.28119429590017825,
            "class 0": 0.18596491228070175,
            "class 1": 0.5861423220973783
         },
         "dynamic_kdn": {
            "global": 0.2987433155080214,
            "class 0": 0.19450877192982455,
            "class 1": 0.6325280898876404
         },
         "dynamic_kdn_full_zone": {
            "global": 0.2479812834224599,
            "class 0": 0.16080701754385965,
            "class 1": 0.5271348314606742
         }
      },
      "4": {
         "kdn": {
            "global": 0.285427807486631,
            "class 0": 0.19166666666666668,
            "class 1": 0.5856741573033708
         },
         "dynamic_kdn": {
            "global": 0.29725935828877,
            "class 0": 0.19173684210526315,
            "class 1": 0.6351685393258427
         },
         "dynamic_kdn_full_zone": {
            "global": 0.25794117647058823,
            "class 0": 0.16573684210526315,
            "class 1": 0.5532022471910112
         }
      },
      "5": {
         "kdn": {
            "global": 0.28609625668449196,
            "class 0": 0.19017543859649125,
            "class 1": 0.593258426966292
         },
         "dynamic_kdn": {
            "global": 0.29824866310160425,
            "class 0": 0.19415789473684208,
            "class 1": 0.6315730337078652
         },
         "dynamic_kdn_full_zone": {
            "global": 0.2648529411764706,
            "class 0": 0.1713859649122807,
            "class 1": 0.5641573033707865
         }
      },
      "6": {
         "kdn": {
            "global": 0.28342245989304815,
            "class 0": 0.1871345029239766,
            "class 1": 0.5917602996254682
         },
         "dynamic_kdn": {
            "global": 0.29967914438502674,
            "class 0": 0.19615789473684206,
            "class 1": 0.6311797752808989
         },
         "dynamic_kdn_full_zone": {
            "global": 0.27046791443850265,
            "class 0": 0.17640350877192984,
            "class 1": 0.571685393258427
         }
      },
      "7": {
         "kdn": {
            "global": 0.2887700534759358,
            "class 0": 0.18947368421052632,
            "class 1": 0.6067415730337078
         },
         "dynamic_kdn": {
            "global": 0.3003475935828877,
            "class 0": 0.19557894736842105,
            "class 1": 0.6358426966292136
         },
         "dynamic_kdn_full_zone": {
            "global": 0.2742780748663102,
            "class 0": 0.17812280701754385,
            "class 1": 0.5821910112359551
         }
      },
      "8": {
         "kdn": {
            "global": 0.2867647058823529,
            "class 0": 0.18530701754385964,
            "class 1": 0.6116573033707865
         },
         "dynamic_kdn": {
            "global": 0.30080213903743314,
            "class 0": 0.19601754385964912,
            "class 1": 0.6363483146067417
         },
         "dynamic_kdn_full_zone": {
            "global": 0.2773663101604278,
            "class 0": 0.18021052631578946,
            "class 1": 0.5884831460674157
         }
      },
      "9": {
         "kdn": {
            "global": 0.291592394533571,
            "class 0": 0.19103313840155944,
            "class 1": 0.6136079900124842
         },
         "dynamic_kdn": {
            "global": 0.3010294117647059,
            "class 0": 0.19792982456140348,
            "class 1": 0.6311797752808989
         },
         "dynamic_kdn_full_zone": {
            "global": 0.2796256684491979,
            "class 0": 0.18335087719298243,
            "class 1": 0.5879213483146067
         }
      },
      "10": {
         "kdn": {
            "global": 0.2911764705882353,
            "class 0": 0.1868421052631579,
            "class 1": 0.6252808988764046
         },
         "dynamic_kdn": {
            "global": 0.2998395721925134,
            "class 0": 0.19473684210526315,
            "class 1": 0.6364044943820225
         },
         "dynamic_kdn_full_zone": {
            "global": 0.2807620320855615,
            "class 0": 0.1819122807017544,
            "class 1": 0.5973033707865169
         }
      },
      "11": {
         "kdn": {
            "global": 0.29350996596985895,
            "class 0": 0.18947368421052632,
            "class 1": 0.6266598569969356
         },
         "dynamic_kdn": {
            "global": 0.30212566844919786,
            "class 0": 0.19773684210526318,
            "class 1": 0.6364044943820225
         },
         "dynamic_kdn_full_zone": {
            "global": 0.28447860962566845,
            "class 0": 0.18589473684210528,
            "class 1": 0.6001685393258428
         }
      }
   }
}