{
   "transfusion": {
      "1": {
         "kdn": {
            "global": 0.2993311036789298,
            "class 0": 0.20394736842105263,
            "class 1": 0.6056338028169014
         },
         "dynamic_kdn": {
            "global": 0.32135451505016727,
            "class 0": 0.22054824561403508,
            "class 1": 0.6450704225352112
         },
         "dynamic_kdn_full_zone": {
            "global": 0.18,
            "class 0": 0.12149122807017544,
            "class 1": 0.36788732394366197
         }
      },
      "2": {
         "kdn": {
            "global": 0.2959866220735786,
            "class 0": 0.20175438596491227,
            "class 1": 0.5985915492957746
         },
         "dynamic_kdn": {
            "global": 0.3062374581939799,
            "class 0": 0.20118421052631577,
            "class 1": 0.6435915492957746
         },
         "dynamic_kdn_full_zone": {
            "global": 0.22919732441471571,
            "class 0": 0.1499342105263158,
            "class 1": 0.4837323943661972
         }
      },
      "3": {
         "kdn": {
            "global": 0.2909698996655518,
            "class 0": 0.19225146198830412,
            "class 1": 0.607981220657277
         },
         "dynamic_kdn": {
            "global": 0.3110702341137123,
            "class 0": 0.20160087719298247,
            "class 1": 0.6626056338028169
         },
         "dynamic_kdn_full_zone": {
            "global": 0.25456521739130433,
            "class 0": 0.16598684210526315,
            "class 1": 0.5390140845070422
         }
      },
      "4": {
         "kdn": {
            "global": 0.29222408026755853,
            "class 0": 0.18640350877192982,
            "class 1": 0.6320422535211268
         },
         "dynamic_kdn": {
            "global": 0.30899665551839467,
            "class 0": 0.19991228070175437,
            "class 1": 0.6592957746478871
         },
         "dynamic_kdn_full_zone": {
            "global": 0.26593645484949835,
            "class 0": 0.17135964912280702,
            "class 1": 0.5696478873239438
         }
      },
      "5": {
         "kdn": {
            "global": 0.2963210702341137,
            "class 0": 0.18859649122807018,
            "class 1": 0.6422535211267606
         },
         "dynamic_kdn": {
            "global": 0.3042976588628762,
            "class 0": 0.19484649122807016,
            "class 1": 0.655774647887324
         },
         "dynamic_kdn_full_zone": {
            "global": 0.2679264214046823,
            "class 0": 0.17168859649122806,
            "class 1": 0.5769718309859155
         }
      },
      "6": {
         "kdn": {
            "global": 0.298216276477146,
            "class 0": 0.19188596491228072,
            "class 1": 0.6396713615023473
         },
         "dynamic_kdn": {
            "global": 0.30523411371237463,
            "class 0": 0.19699561403508772,
            "class 1": 0.6528169014084506
         },
         "dynamic_kdn_full_zone": {
            "global": 0.27361204013377927,
            "class 0": 0.17635964912280702,
            "class 1": 0.5859154929577466
         }
      },
      "7": {
         "kdn": {
            "global": 0.2957477305303392,
            "class 0": 0.18609022556390972,
            "class 1": 0.647887323943662
         },
         "dynamic_kdn": {
            "global": 0.30585284280936453,
            "class 0": 0.19747807017543859,
            "class 1": 0.6538732394366199
         },
         "dynamic_kdn_full_zone": {
            "global": 0.2775418060200669,
            "class 0": 0.17916666666666664,
            "class 1": 0.5934507042253522
         }
      }
   }
}