{
   "w1a": {
      "1": {
         "kdn": {
            "global": 0.03634528016153458,
            "class 0": 0.021320852834113363,
            "class 1": 0.5344827586206896
         },
         "dynamic_kdn": {
            "global": 0.04116102978293791,
            "class 0": 0.02634945397815913,
            "class 1": 0.5322413793103449
         },
         "dynamic_kdn_full_zone": {
            "global": 0.0074911660777385175,
            "class 0": 0.004014560582423299,
            "class 1": 0.12275862068965517
         }
      },
      "2": {
         "kdn": {
            "global": 0.0408884401817264,
            "class 0": 0.02262090483619345,
            "class 1": 0.646551724137931
         },
         "dynamic_kdn": {
            "global": 0.037763755678950024,
            "class 0": 0.022298491939677596,
            "class 1": 0.5505172413793104
         },
         "dynamic_kdn_full_zone": {
            "global": 0.008288743059061084,
            "class 0": 0.004539781591263653,
            "class 1": 0.13258620689655173
         }
      },
      "3": {
         "kdn": {
            "global": 0.041561500925458524,
            "class 0": 0.022014213901889408,
            "class 1": 0.6896551724137929
         },
         "dynamic_kdn": {
            "global": 0.03941443715295308,
            "class 0": 0.023848153926157058,
            "class 1": 0.5555172413793104
         },
         "dynamic_kdn_full_zone": {
            "global": 0.00943462897526502,
            "class 0": 0.005018200728029124,
            "class 1": 0.15586206896551721
         }
      },
      "4": {
         "kdn": {
            "global": 0.06436143361938415,
            "class 0": 0.04498179927197088,
            "class 1": 0.7068965517241379
         },
         "dynamic_kdn": {
            "global": 0.03955073195355882,
            "class 0": 0.023988559542381712,
            "class 1": 0.5555172413793104
         },
         "dynamic_kdn_full_zone": {
            "global": 0.009939424533064112,
            "class 0": 0.00510140405616225,
            "class 1": 0.1703448275862069
         }
      },
      "5": {
         "kdn": {
            "global": 0.06643109540636044,
            "class 0": 0.04700988039521581,
            "class 1": 0.7103448275862069
         },
         "dynamic_kdn": {
            "global": 0.03911660777385161,
            "class 0": 0.023541341653666163,
            "class 1": 0.5555172413793104
         },
         "dynamic_kdn_full_zone": {
            "global": 0.01015143866733973,
            "class 0": 0.005267810712428501,
            "class 1": 0.17206896551724138
         }
      },
      "6": {
         "kdn": {
            "global": 0.07723372034326098,
            "class 0": 0.057722308892355696,
            "class 1": 0.7241379310344829
         },
         "dynamic_kdn": {
            "global": 0.03907622412922768,
            "class 0": 0.023437337493499754,
            "class 1": 0.5575862068965517
         },
         "dynamic_kdn_full_zone": {
            "global": 0.01053508329126704,
            "class 0": 0.00540301612064483,
            "class 1": 0.1806896551724138
         }
      },
      "7": {
         "kdn": {
            "global": 0.08538256291916059,
            "class 0": 0.06559690959066933,
            "class 1": 0.7413793103448276
         },
         "dynamic_kdn": {
            "global": 0.03927814235234731,
            "class 0": 0.02363494539781593,
            "class 1": 0.5579310344827586
         },
         "dynamic_kdn_full_zone": {
            "global": 0.010787481070166586,
            "class 0": 0.005621424856994284,
            "class 1": 0.1820689655172414
         }
      }
   }
}