{
   "w1a": {
      "1": {
         "kdn": {
            "global": 0.03391199031085991,
            "class 0": 0.024116424116424118,
            "class 1": 0.3611111111111111
         },
         "dynamic_kdn": {
            "global": 0.0343762616067824,
            "class 0": 0.022993762993763,
            "class 1": 0.41458333333333336
         },
         "dynamic_kdn_full_zone": {
            "global": 0.006911586596689546,
            "class 0": 0.0037879417879417908,
            "class 1": 0.11125
         }
      },
      "2": {
         "kdn": {
            "global": 0.035930561162696814,
            "class 0": 0.022453222453222454,
            "class 1": 0.4861111111111111
         },
         "dynamic_kdn": {
            "global": 0.032858296326201054,
            "class 0": 0.020735966735966744,
            "class 1": 0.4377777777777777
         },
         "dynamic_kdn_full_zone": {
            "global": 0.00760597496972144,
            "class 0": 0.004220374220374223,
            "class 1": 0.12069444444444444
         }
      },
      "3": {
         "kdn": {
            "global": 0.039025703135513394,
            "class 0": 0.02259182259182259,
            "class 1": 0.5879629629629629
         },
         "dynamic_kdn": {
            "global": 0.03427129592248689,
            "class 0": 0.021683991683991696,
            "class 1": 0.45472222222222214
         },
         "dynamic_kdn_full_zone": {
            "global": 0.008603148970528869,
            "class 0": 0.004715176715176718,
            "class 1": 0.13847222222222222
         }
      },
      "4": {
         "kdn": {
            "global": 0.04087605974969721,
            "class 0": 0.023180873180873182,
            "class 1": 0.6319444444444444
         },
         "dynamic_kdn": {
            "global": 0.0347638272103351,
            "class 0": 0.021962577962577976,
            "class 1": 0.4623611111111111
         },
         "dynamic_kdn_full_zone": {
            "global": 0.009115865966895441,
            "class 0": 0.0048066528066528095,
            "class 1": 0.15305555555555556
         }
      },
      "5": {
         "kdn": {
            "global": 0.040694388373031895,
            "class 0": 0.021954261954261953,
            "class 1": 0.6666666666666666
         },
         "dynamic_kdn": {
            "global": 0.03429955591441261,
            "class 0": 0.02140540540540542,
            "class 1": 0.46499999999999997
         },
         "dynamic_kdn_full_zone": {
            "global": 0.009438837303189345,
            "class 0": 0.005047817047817052,
            "class 1": 0.15611111111111112
         }
      },
      "6": {
         "kdn": {
            "global": 0.041111559682411515,
            "class 0": 0.02155232155232155,
            "class 1": 0.6944444444444444
         },
         "dynamic_kdn": {
            "global": 0.034646750100928554,
            "class 0": 0.021659043659043673,
            "class 1": 0.4684722222222223
         },
         "dynamic_kdn_full_zone": {
            "global": 0.009810254339927335,
            "class 0": 0.005209979209979215,
            "class 1": 0.1634722222222222
         }
      },
      "7": {
         "kdn": {
            "global": 0.04198627371820751,
            "class 0": 0.02185922185922186,
            "class 1": 0.7142857142857142
         },
         "dynamic_kdn": {
            "global": 0.03479208720226081,
            "class 0": 0.021688149688149704,
            "class 1": 0.4724999999999999
         },
         "dynamic_kdn_full_zone": {
            "global": 0.010109002825999197,
            "class 0": 0.00527650727650728,
            "class 1": 0.1715277777777778
         }
      },
      "8": {
         "kdn": {
            "global": 0.042945094872830034,
            "class 0": 0.022401247401247402,
            "class 1": 0.7291666666666666
         },
         "dynamic_kdn": {
            "global": 0.03457408155026243,
            "class 0": 0.021459459459459474,
            "class 1": 0.4726388888888889
         },
         "dynamic_kdn_full_zone": {
            "global": 0.010209931368591043,
            "class 0": 0.005376299376299381,
            "class 1": 0.17166666666666666
         }
      },
      "9": {
         "kdn": {
            "global": 0.042031130848248326,
            "class 0": 0.020882420882420885,
            "class 1": 0.7484567901234568
         },
         "dynamic_kdn": {
            "global": 0.03467904723455795,
            "class 0": 0.021567567567567583,
            "class 1": 0.4726388888888889
         },
         "dynamic_kdn_full_zone": {
            "global": 0.010318934194590235,
            "class 0": 0.00547609147609148,
            "class 1": 0.1720833333333333
         }
      },
      "10": {
         "kdn": {
            "global": 0.0505853855470327,
            "class 0": 0.029397089397089397,
            "class 1": 0.7583333333333334
         },
         "dynamic_kdn": {
            "global": 0.034779975777149794,
            "class 0": 0.021671517671517686,
            "class 1": 0.4726388888888889
         },
         "dynamic_kdn_full_zone": {
            "global": 0.010403714170367383,
            "class 0": 0.005563409563409567,
            "class 1": 0.1720833333333333
         }
      },
      "11": {
         "kdn": {
            "global": 0.058905567585422244,
            "class 0": 0.0378000378000378,
            "class 1": 0.7638888888888888
         },
         "dynamic_kdn": {
            "global": 0.034808235769075505,
            "class 0": 0.021700623700623718,
            "class 1": 0.4726388888888889
         },
         "dynamic_kdn_full_zone": {
            "global": 0.010403714170367385,
            "class 0": 0.005563409563409567,
            "class 1": 0.1720833333333333
         }
      }
   }
}