{
   "w2a": {
      "1": {
         "kdn": {
            "global": 0.030619596541786743,
            "class 0": 0.018215613382899627,
            "class 1": 0.4186046511627907
         },
         "dynamic_kdn": {
            "global": 0.03493876080691643,
            "class 0": 0.022379182156133832,
            "class 1": 0.4277906976744185
         },
         "dynamic_kdn_full_zone": {
            "global": 0.00681556195965418,
            "class 0": 0.0035464684014869913,
            "class 1": 0.10906976744186048
         }
      },
      "2": {
         "kdn": {
            "global": 0.03314121037463977,
            "class 0": 0.018401486988847585,
            "class 1": 0.4941860465116279
         },
         "dynamic_kdn": {
            "global": 0.03436239193083574,
            "class 0": 0.0218550185873606,
            "class 1": 0.42558139534883715
         },
         "dynamic_kdn_full_zone": {
            "global": 0.007445965417867438,
            "class 0": 0.003988847583643125,
            "class 1": 0.11558139534883723
         }
      },
      "3": {
         "kdn": {
            "global": 0.03602305475504323,
            "class 0": 0.019454770755885996,
            "class 1": 0.554263565891473
         },
         "dynamic_kdn": {
            "global": 0.03571685878962537,
            "class 0": 0.022646840148698895,
            "class 1": 0.4445348837209302
         },
         "dynamic_kdn_full_zone": {
            "global": 0.008382564841498562,
            "class 0": 0.004375464684014873,
            "class 1": 0.13372093023255816
         }
      },
      "4": {
         "kdn": {
            "global": 0.03665345821325648,
            "class 0": 0.018773234200743494,
            "class 1": 0.5959302325581395
         },
         "dynamic_kdn": {
            "global": 0.03614193083573489,
            "class 0": 0.022776951672862467,
            "class 1": 0.45418604651162786
         },
         "dynamic_kdn_full_zone": {
            "global": 0.008951729106628245,
            "class 0": 0.004907063197026026,
            "class 1": 0.13546511627906976
         }
      },
      "5": {
         "kdn": {
            "global": 0.03710374639769452,
            "class 0": 0.018066914498141264,
            "class 1": 0.6325581395348836
         },
         "dynamic_kdn": {
            "global": 0.03547550432276659,
            "class 0": 0.02197769516728626,
            "class 1": 0.4576744186046511
         },
         "dynamic_kdn_full_zone": {
            "global": 0.009441642651296833,
            "class 0": 0.004966542750929372,
            "class 1": 0.1494186046511628
         }
      },
      "6": {
         "kdn": {
            "global": 0.03692363112391931,
            "class 0": 0.016604708798017346,
            "class 1": 0.6724806201550387
         },
         "dynamic_kdn": {
            "global": 0.0359870317002882,
            "class 0": 0.02226022304832715,
            "class 1": 0.46534883720930226
         },
         "dynamic_kdn_full_zone": {
            "global": 0.009953170028818447,
            "class 0": 0.00535315985130112,
            "class 1": 0.1538372093023256
         }
      },
      "7": {
         "kdn": {
            "global": 0.03808151502675998,
            "class 0": 0.016728624535315983,
            "class 1": 0.7059800664451827
         },
         "dynamic_kdn": {
            "global": 0.03604466858789627,
            "class 0": 0.02211895910780671,
            "class 1": 0.4716279069767441
         },
         "dynamic_kdn_full_zone": {
            "global": 0.010180115273775221,
            "class 0": 0.005416356877323425,
            "class 1": 0.15918604651162793
         }
      }
   }
}