{
   "w2a": {
      "1": {
         "kdn": {
            "global": 0.03112391930835735,
            "class 0": 0.02111210228962236,
            "class 1": 0.34579439252336447
         },
         "dynamic_kdn": {
            "global": 0.032668587896253605,
            "class 0": 0.020722569134701163,
            "class 1": 0.4081308411214953
         },
         "dynamic_kdn_full_zone": {
            "global": 0.0075677233429394825,
            "class 0": 0.0037853107344632798,
            "class 1": 0.12644859813084114
         }
      },
      "2": {
         "kdn": {
            "global": 0.03371757925072046,
            "class 0": 0.020666071959559915,
            "class 1": 0.4439252336448598
         },
         "dynamic_kdn": {
            "global": 0.034193083573487035,
            "class 0": 0.021876300921796023,
            "class 1": 0.42130841121495327
         },
         "dynamic_kdn_full_zone": {
            "global": 0.00819884726224784,
            "class 0": 0.004290811775200716,
            "class 1": 0.13102803738317756
         }
      },
      "3": {
         "kdn": {
            "global": 0.03487031700288184,
            "class 0": 0.01912974526712261,
            "class 1": 0.5295950155763239
         },
         "dynamic_kdn": {
            "global": 0.03618155619596543,
            "class 0": 0.023737734165923296,
            "class 1": 0.42728971962616824
         },
         "dynamic_kdn_full_zone": {
            "global": 0.00895677233429395,
            "class 0": 0.004766577460600657,
            "class 1": 0.14065420560747663
         }
      },
      "4": {
         "kdn": {
            "global": 0.036959654178674355,
            "class 0": 0.020220041629497473,
            "class 1": 0.5630841121495327
         },
         "dynamic_kdn": {
            "global": 0.036855907780979844,
            "class 0": 0.02403806125483201,
            "class 1": 0.4397196261682243
         },
         "dynamic_kdn_full_zone": {
            "global": 0.009616714697406343,
            "class 0": 0.005242343146000599,
            "class 1": 0.14710280373831777
         }
      },
      "5": {
         "kdn": {
            "global": 0.037809798270893376,
            "class 0": 0.01980374665477252,
            "class 1": 0.6037383177570093
         },
         "dynamic_kdn": {
            "global": 0.03700576368876083,
            "class 0": 0.023868569729408283,
            "class 1": 0.4499065420560748
         },
         "dynamic_kdn_full_zone": {
            "global": 0.010037463976945249,
            "class 0": 0.0054891465953018186,
            "class 1": 0.15299065420560748
         }
      },
      "6": {
         "kdn": {
            "global": 0.03847262247838617,
            "class 0": 0.018931509564872634,
            "class 1": 0.6526479750778817
         },
         "dynamic_kdn": {
            "global": 0.03718155619596543,
            "class 0": 0.023844781445138286,
            "class 1": 0.45635514018691586
         },
         "dynamic_kdn_full_zone": {
            "global": 0.010585014409221907,
            "class 0": 0.005709188224799292,
            "class 1": 0.1638317757009346
         }
      },
      "7": {
         "kdn": {
            "global": 0.03976945244956772,
            "class 0": 0.01911558557410475,
            "class 1": 0.6889185580774366
         },
         "dynamic_kdn": {
            "global": 0.037250720461095115,
            "class 0": 0.0237377341659233,
            "class 1": 0.46196261682242984
         },
         "dynamic_kdn_full_zone": {
            "global": 0.010876080691642654,
            "class 0": 0.00579244721974428,
            "class 1": 0.17065420560747663
         }
      },
      "8": {
         "kdn": {
            "global": 0.039805475504322764,
            "class 0": 0.018584597085935177,
            "class 1": 0.7067757009345794
         },
         "dynamic_kdn": {
            "global": 0.037351585014409244,
            "class 0": 0.02365447517097831,
            "class 1": 0.46785046728971963
         },
         "dynamic_kdn_full_zone": {
            "global": 0.010939481268011532,
            "class 0": 0.005851917930419273,
            "class 1": 0.17084112149532707
         }
      },
      "9": {
         "kdn": {
            "global": 0.04021773935318604,
            "class 0": 0.01856807744408101,
            "class 1": 0.7206645898234684
         },
         "dynamic_kdn": {
            "global": 0.03742074927953892,
            "class 0": 0.02371691941718705,
            "class 1": 0.4681308411214953
         },
         "dynamic_kdn_full_zone": {
            "global": 0.011069164265129688,
            "class 0": 0.0059857270294380064,
            "class 1": 0.17084112149532707
         }
      },
      "10": {
         "kdn": {
            "global": 0.04043227665706052,
            "class 0": 0.018138566755872734,
            "class 1": 0.7411214953271028
         },
         "dynamic_kdn": {
            "global": 0.03745533141210376,
            "class 0": 0.023746654772524547,
            "class 1": 0.4683177570093458
         },
         "dynamic_kdn_full_zone": {
            "global": 0.011121037463976951,
            "class 0": 0.0060392506690455,
            "class 1": 0.17084112149532707
         }
      },
      "11": {
         "kdn": {
            "global": 0.04071260151951795,
            "class 0": 0.01776011677885005,
            "class 1": 0.7621070518266779
         },
         "dynamic_kdn": {
            "global": 0.03766282420749281,
            "class 0": 0.02382099316086829,
            "class 1": 0.4727102803738318
         },
         "dynamic_kdn_full_zone": {
            "global": 0.011198847262247843,
            "class 0": 0.00611656259292299,
            "class 1": 0.17093457943925233
         }
      }
   }
}