{
   "w3a": {
      "1": {
         "kdn": {
            "global": 0.03420195439739414,
            "class 0": 0.025581882994338435,
            "class 1": 0.32167832167832167
         },
         "dynamic_kdn": {
            "global": 0.03016897394136808,
            "class 0": 0.01956594673935836,
            "class 1": 0.3837762237762237
         },
         "dynamic_kdn_full_zone": {
            "global": 0.007809446254071664,
            "class 0": 0.0038750262109456934,
            "class 1": 0.139020979020979
         }
      },
      "2": {
         "kdn": {
            "global": 0.03440553745928339,
            "class 0": 0.022646257076955337,
            "class 1": 0.42657342657342656
         },
         "dynamic_kdn": {
            "global": 0.03138843648208469,
            "class 0": 0.02038792199622563,
            "class 1": 0.39825174825174825
         },
         "dynamic_kdn_full_zone": {
            "global": 0.008283794788273619,
            "class 0": 0.004296498217655696,
            "class 1": 0.14125874125874124
         }
      },
      "3": {
         "kdn": {
            "global": 0.03243756786102063,
            "class 0": 0.01859229747675963,
            "class 1": 0.4941724941724941
         },
         "dynamic_kdn": {
            "global": 0.032664902280130304,
            "class 0": 0.02160620675193962,
            "class 1": 0.40146853146853145
         },
         "dynamic_kdn_full_zone": {
            "global": 0.009000407166123783,
            "class 0": 0.004843782763682117,
            "class 1": 0.14762237762237762
         }
      },
      "4": {
         "kdn": {
            "global": 0.03440553745928339,
            "class 0": 0.019133990354371987,
            "class 1": 0.5437062937062938
         },
         "dynamic_kdn": {
            "global": 0.03324714983713356,
            "class 0": 0.02218494443279515,
            "class 1": 0.40216783216783214
         },
         "dynamic_kdn_full_zone": {
            "global": 0.00960708469055375,
            "class 0": 0.005424617320192916,
            "class 1": 0.14909090909090908
         }
      },
      "5": {
         "kdn": {
            "global": 0.03420195439739414,
            "class 0": 0.018158943174669744,
            "class 1": 0.5692307692307693
         },
         "dynamic_kdn": {
            "global": 0.03378664495114008,
            "class 0": 0.022535122667225845,
            "class 1": 0.409020979020979
         },
         "dynamic_kdn_full_zone": {
            "global": 0.01020154723127036,
            "class 0": 0.005864961207800382,
            "class 1": 0.15482517482517483
         }
      },
      "6": {
         "kdn": {
            "global": 0.034303745928338764,
            "class 0": 0.0175788075767107,
            "class 1": 0.5920745920745921
         },
         "dynamic_kdn": {
            "global": 0.03386197068403911,
            "class 0": 0.02254770392115749,
            "class 1": 0.4111888111888112
         },
         "dynamic_kdn_full_zone": {
            "global": 0.010679967426710102,
            "class 0": 0.006091423778569935,
            "class 1": 0.1637062937062937
         }
      },
      "7": {
         "kdn": {
            "global": 0.0340565379246161,
            "class 0": 0.016894826708204774,
            "class 1": 0.6063936063936064
         },
         "dynamic_kdn": {
            "global": 0.033973941368078193,
            "class 0": 0.022413503879219976,
            "class 1": 0.41951048951048947
         },
         "dynamic_kdn_full_zone": {
            "global": 0.010981270358306192,
            "class 0": 0.006171105053470334,
            "class 1": 0.17139860139860139
         }
      },
      "8": {
         "kdn": {
            "global": 0.03501628664495114,
            "class 0": 0.01695848186202558,
            "class 1": 0.6372377622377622
         },
         "dynamic_kdn": {
            "global": 0.03366856677524432,
            "class 0": 0.02209897253092893,
            "class 1": 0.41951048951048947
         },
         "dynamic_kdn_full_zone": {
            "global": 0.01092223127035831,
            "class 0": 0.0060431956384986414,
            "class 1": 0.17363636363636362
         }
      },
      "9": {
         "kdn": {
            "global": 0.03567227651103873,
            "class 0": 0.016705109387013348,
            "class 1": 0.6682206682206682
         },
         "dynamic_kdn": {
            "global": 0.0337276058631922,
            "class 0": 0.02213881316837913,
            "class 1": 0.42020979020979016
         },
         "dynamic_kdn_full_zone": {
            "global": 0.011044381107491862,
            "class 0": 0.006154330048228145,
            "class 1": 0.1741258741258741
         }
      },
      "10": {
         "kdn": {
            "global": 0.03589169381107492,
            "class 0": 0.016208848815265256,
            "class 1": 0.6923076923076923
         },
         "dynamic_kdn": {
            "global": 0.03393729641693813,
            "class 0": 0.02235059760956177,
            "class 1": 0.42034965034965033
         },
         "dynamic_kdn_full_zone": {
            "global": 0.01128664495114007,
            "class 0": 0.006391276997274066,
            "class 1": 0.17454545454545456
         }
      },
      "11": {
         "kdn": {
            "global": 0.036034201954397396,
            "class 0": 0.015707504908595283,
            "class 1": 0.7139224411951683
         },
         "dynamic_kdn": {
            "global": 0.03401262214983715,
            "class 0": 0.02240301950094361,
            "class 1": 0.4211888111888112
         },
         "dynamic_kdn_full_zone": {
            "global": 0.011315146579804564,
            "class 0": 0.006418536380792624,
            "class 1": 0.17461538461538464
         }
      }
   }
}