{
   "w3a": {
      "1": {
         "kdn": {
            "global": 0.0239246627640621,
            "class 0": 0.012581913499344692,
            "class 1": 0.40350877192982454
         },
         "dynamic_kdn": {
            "global": 0.02908373631967422,
            "class 0": 0.01817562254259502,
            "class 1": 0.3941228070175438
         },
         "dynamic_kdn_full_zone": {
            "global": 0.008251463476711634,
            "class 0": 0.0044901703800786395,
            "class 1": 0.13412280701754387
         }
      },
      "2": {
         "kdn": {
            "global": 0.0271061338763044,
            "class 0": 0.013892529488859764,
            "class 1": 0.4692982456140351
         },
         "dynamic_kdn": {
            "global": 0.03164672944769662,
            "class 0": 0.020175622542595025,
            "class 1": 0.4155263157894737
         },
         "dynamic_kdn_full_zone": {
            "global": 0.008775769916009165,
            "class 0": 0.004969855832241157,
            "class 1": 0.13614035087719295
         }
      },
      "3": {
         "kdn": {
            "global": 0.0287604988546704,
            "class 0": 0.014416775884665793,
            "class 1": 0.5087719298245614
         },
         "dynamic_kdn": {
            "global": 0.033672690251972524,
            "class 0": 0.022020969855832254,
            "class 1": 0.4235964912280701
         },
         "dynamic_kdn_full_zone": {
            "global": 0.00942733519979639,
            "class 0": 0.005509829619921367,
            "class 1": 0.1405263157894737
         }
      },
      "4": {
         "kdn": {
            "global": 0.029587681343853398,
            "class 0": 0.013892529488859764,
            "class 1": 0.5548245614035088
         },
         "dynamic_kdn": {
            "global": 0.034950369050649036,
            "class 0": 0.023142857142857156,
            "class 1": 0.43008771929824563
         },
         "dynamic_kdn_full_zone": {
            "global": 0.010000000000000005,
            "class 0": 0.0061022280471821795,
            "class 1": 0.14043859649122806
         }
      },
      "5": {
         "kdn": {
            "global": 0.02988037668617969,
            "class 0": 0.013525557011795546,
            "class 1": 0.5771929824561401
         },
         "dynamic_kdn": {
            "global": 0.035240519216085536,
            "class 0": 0.02340498034076017,
            "class 1": 0.43131578947368415
         },
         "dynamic_kdn_full_zone": {
            "global": 0.01051412573173836,
            "class 0": 0.006482306684141551,
            "class 1": 0.14543859649122806
         }
      },
      "6": {
         "kdn": {
            "global": 0.029905828455077624,
            "class 0": 0.0127566622979467,
            "class 1": 0.6038011695906433
         },
         "dynamic_kdn": {
            "global": 0.0355841180962077,
            "class 0": 0.02358846657929228,
            "class 1": 0.43701754385964914
         },
         "dynamic_kdn_full_zone": {
            "global": 0.010783914482056508,
            "class 0": 0.006689384010484933,
            "class 1": 0.14780701754385966
         }
      },
      "7": {
         "kdn": {
            "global": 0.03046940333781769,
            "class 0": 0.012244897959183671,
            "class 1": 0.6403508771929824
         },
         "dynamic_kdn": {
            "global": 0.03533978111478749,
            "class 0": 0.02314285714285716,
            "class 1": 0.4435087719298245
         },
         "dynamic_kdn_full_zone": {
            "global": 0.011099516416390943,
            "class 0": 0.006668414154652692,
            "class 1": 0.15938596491228071
         }
      }
   }
}