{
   "w4a": {
      "1": {
         "kdn": {
            "global": 0.030681509638881346,
            "class 0": 0.023076923076923078,
            "class 1": 0.2824074074074074
         },
         "dynamic_kdn": {
            "global": 0.026861254412164,
            "class 0": 0.017520279720279724,
            "class 1": 0.3360648148148148
         },
         "dynamic_kdn_full_zone": {
            "global": 0.007335052945967964,
            "class 0": 0.0037594405594405618,
            "class 1": 0.12569444444444444
         }
      },
      "2": {
         "kdn": {
            "global": 0.028645126255769753,
            "class 0": 0.01937062937062937,
            "class 1": 0.33564814814814814
         },
         "dynamic_kdn": {
            "global": 0.027690741243551455,
            "class 0": 0.018355244755244755,
            "class 1": 0.336712962962963
         },
         "dynamic_kdn_full_zone": {
            "global": 0.007663589465109966,
            "class 0": 0.004044755244755248,
            "class 1": 0.12745370370370368
         }
      },
      "3": {
         "kdn": {
            "global": 0.027423296225902796,
            "class 0": 0.017109557109557107,
            "class 1": 0.36882716049382713
         },
         "dynamic_kdn": {
            "global": 0.02889356502850938,
            "class 0": 0.01953146853146854,
            "class 1": 0.3387962962962963
         },
         "dynamic_kdn_full_zone": {
            "global": 0.008221558512082543,
            "class 0": 0.004488111888111891,
            "class 1": 0.13180555555555556
         }
      },
      "4": {
         "kdn": {
            "global": 0.028746945424925334,
            "class 0": 0.017342657342657344,
            "class 1": 0.40625
         },
         "dynamic_kdn": {
            "global": 0.029321205538962808,
            "class 0": 0.019855944055944062,
            "class 1": 0.34263888888888894
         },
         "dynamic_kdn_full_zone": {
            "global": 0.008847407005158842,
            "class 0": 0.0049958041958042,
            "class 1": 0.1363425925925926
         }
      },
      "5": {
         "kdn": {
            "global": 0.02986695628563671,
            "class 0": 0.01725874125874126,
            "class 1": 0.4472222222222222
         },
         "dynamic_kdn": {
            "global": 0.02956557154493621,
            "class 0": 0.0199832167832168,
            "class 1": 0.34675925925925927
         },
         "dynamic_kdn_full_zone": {
            "global": 0.0094542492533261,
            "class 0": 0.005493706293706298,
            "class 1": 0.14055555555555554
         }
      },
      "6": {
         "kdn": {
            "global": 0.03011584758801701,
            "class 0": 0.016689976689976686,
            "class 1": 0.47453703703703703
         },
         "dynamic_kdn": {
            "global": 0.02964974205810482,
            "class 0": 0.020069930069930082,
            "class 1": 0.3467592592592592
         },
         "dynamic_kdn_full_zone": {
            "global": 0.009801792017377143,
            "class 0": 0.0058475524475524515,
            "class 1": 0.14069444444444446
         }
      },
      "7": {
         "kdn": {
            "global": 0.030022109305302355,
            "class 0": 0.015844155844155845,
            "class 1": 0.49933862433862436
         },
         "dynamic_kdn": {
            "global": 0.029733912571273433,
            "class 0": 0.020152447552447564,
            "class 1": 0.3468981481481482
         },
         "dynamic_kdn_full_zone": {
            "global": 0.010019006244909043,
            "class 0": 0.00601538461538462,
            "class 1": 0.14254629629629628
         }
      },
      "8": {
         "kdn": {
            "global": 0.030969997284822155,
            "class 0": 0.016013986013986015,
            "class 1": 0.5260416666666666
         },
         "dynamic_kdn": {
            "global": 0.029686396959000824,
            "class 0": 0.02003496503496505,
            "class 1": 0.3491666666666666
         },
         "dynamic_kdn_full_zone": {
            "global": 0.010198207982622866,
            "class 0": 0.006043356643356647,
            "class 1": 0.1477314814814815
         }
      },
      "9": {
         "kdn": {
            "global": 0.031556400277551515,
            "class 0": 0.015586635586635589,
            "class 1": 0.5601851851851852
         },
         "dynamic_kdn": {
            "global": 0.029606299212598438,
            "class 0": 0.019924475524475536,
            "class 1": 0.3500925925925926
         },
         "dynamic_kdn_full_zone": {
            "global": 0.01023622047244095,
            "class 0": 0.006047552447552453,
            "class 1": 0.14888888888888888
         }
      },
      "10": {
         "kdn": {
            "global": 0.03179473255498235,
            "class 0": 0.015062937062937064,
            "class 1": 0.5856481481481481
         },
         "dynamic_kdn": {
            "global": 0.029666033125169713,
            "class 0": 0.01997902097902099,
            "class 1": 0.35032407407407407
         },
         "dynamic_kdn_full_zone": {
            "global": 0.010316318218843339,
            "class 0": 0.006120279720279725,
            "class 1": 0.149212962962963
         }
      },
      "11": {
         "kdn": {
            "global": 0.032409350085157856,
            "class 0": 0.014799745708836617,
            "class 1": 0.6153198653198652
         },
         "dynamic_kdn": {
            "global": 0.0296877545479229,
            "class 0": 0.019990209790209802,
            "class 1": 0.3506944444444444
         },
         "dynamic_kdn_full_zone": {
            "global": 0.010363833831115943,
            "class 0": 0.006162237762237767,
            "class 1": 0.14944444444444446
         }
      }
   }
}