{
   "w4a": {
      "1": {
         "kdn": {
            "global": 0.023251866938221316,
            "class 0": 0.01346389228886169,
            "class 1": 0.3468208092485549
         },
         "dynamic_kdn": {
            "global": 0.02853530210454854,
            "class 0": 0.018865186221367375,
            "class 1": 0.3482080924855491
         },
         "dynamic_kdn_full_zone": {
            "global": 0.007440597420230824,
            "class 0": 0.004000699422976047,
            "class 1": 0.12115606936416186
         }
      },
      "2": {
         "kdn": {
            "global": 0.02656143923964698,
            "class 0": 0.016436439937051933,
            "class 1": 0.36127167630057805
         },
         "dynamic_kdn": {
            "global": 0.02966564833672777,
            "class 0": 0.019734219269102994,
            "class 1": 0.35797687861271676
         },
         "dynamic_kdn_full_zone": {
            "global": 0.007805498981670064,
            "class 0": 0.004315439762196191,
            "class 1": 0.12317919075144508
         }
      },
      "3": {
         "kdn": {
            "global": 0.028173794976238967,
            "class 0": 0.017310718657107885,
            "class 1": 0.3872832369942196
         },
         "dynamic_kdn": {
            "global": 0.030751866938221326,
            "class 0": 0.020879524392376298,
            "class 1": 0.3571098265895953
         },
         "dynamic_kdn_full_zone": {
            "global": 0.00830278343516633,
            "class 0": 0.004705368071341147,
            "class 1": 0.12722543352601154
         }
      },
      "4": {
         "kdn": {
            "global": 0.02889511201629328,
            "class 0": 0.01687357929707991,
            "class 1": 0.4263005780346821
         },
         "dynamic_kdn": {
            "global": 0.030908010862186027,
            "class 0": 0.020814827767092158,
            "class 1": 0.3645664739884393
         },
         "dynamic_kdn_full_zone": {
            "global": 0.008905295315682283,
            "class 0": 0.005133764644168565,
            "class 1": 0.13358381502890174
         }
      },
      "5": {
         "kdn": {
            "global": 0.03075356415478615,
            "class 0": 0.017240776359503412,
            "class 1": 0.4774566473988439
         },
         "dynamic_kdn": {
            "global": 0.03104039375424305,
            "class 0": 0.020849798915894398,
            "class 1": 0.36791907514450867
         },
         "dynamic_kdn_full_zone": {
            "global": 0.009290563475899528,
            "class 0": 0.005462493442909603,
            "class 1": 0.13583815028901733
         }
      },
      "6": {
         "kdn": {
            "global": 0.031653088934148,
            "class 0": 0.01661129568106312,
            "class 1": 0.5289017341040463
         },
         "dynamic_kdn": {
            "global": 0.03084860828241685,
            "class 0": 0.02065046336772164,
            "class 1": 0.3679768786127167
         },
         "dynamic_kdn_full_zone": {
            "global": 0.00952647657841141,
            "class 0": 0.005672320335723033,
            "class 1": 0.1369364161849711
         }
      },
      "7": {
         "kdn": {
            "global": 0.03241683638832315,
            "class 0": 0.016286563585042338,
            "class 1": 0.5656482246077622
         },
         "dynamic_kdn": {
            "global": 0.030818058384249846,
            "class 0": 0.020613743661479292,
            "class 1": 0.36815028901734104
         },
         "dynamic_kdn_full_zone": {
            "global": 0.00970298710115411,
            "class 0": 0.005848924637174334,
            "class 1": 0.13710982658959536
         }
      }
   }
}