{
   "w5a": {
      "1": {
         "kdn": {
            "global": 0.029227346278317152,
            "class 0": 0.02217133340272718,
            "class 1": 0.2704626334519573
         },
         "dynamic_kdn": {
            "global": 0.026435072815533978,
            "class 0": 0.018077443530758824,
            "class 1": 0.312170818505338
         },
         "dynamic_kdn_full_zone": {
            "global": 0.006997370550161815,
            "class 0": 0.003541167898407413,
            "class 1": 0.12516014234875444
         }
      },
      "2": {
         "kdn": {
            "global": 0.02796318770226537,
            "class 0": 0.019360882689705424,
            "class 1": 0.3220640569395018
         },
         "dynamic_kdn": {
            "global": 0.026382483818770234,
            "class 0": 0.018012907255126474,
            "class 1": 0.3125266903914591
         },
         "dynamic_kdn_full_zone": {
            "global": 0.007307847896440133,
            "class 0": 0.0038055584469657566,
            "class 1": 0.12704626334519575
         }
      },
      "3": {
         "kdn": {
            "global": 0.02666531823085221,
            "class 0": 0.016689219666215605,
            "class 1": 0.36773428232502964
         },
         "dynamic_kdn": {
            "global": 0.02720469255663431,
            "class 0": 0.018794628916415118,
            "class 1": 0.3147330960854092
         },
         "dynamic_kdn_full_zone": {
            "global": 0.007755865695792884,
            "class 0": 0.0042042260851462504,
            "class 1": 0.1291814946619217
         }
      },
      "4": {
         "kdn": {
            "global": 0.028064320388349516,
            "class 0": 0.017461226189237015,
            "class 1": 0.3905693950177936
         },
         "dynamic_kdn": {
            "global": 0.027669902912621367,
            "class 0": 0.019128760278963264,
            "class 1": 0.3196797153024911
         },
         "dynamic_kdn_full_zone": {
            "global": 0.008455703883495149,
            "class 0": 0.004722598105548041,
            "class 1": 0.13608540925266902
         }
      },
      "5": {
         "kdn": {
            "global": 0.028175566343042073,
            "class 0": 0.01684188612470074,
            "class 1": 0.4156583629893239
         },
         "dynamic_kdn": {
            "global": 0.028084546925566355,
            "class 0": 0.019381700843135223,
            "class 1": 0.32562277580071175
         },
         "dynamic_kdn_full_zone": {
            "global": 0.0090159789644013,
            "class 0": 0.005228479233891958,
            "class 1": 0.13850533807829182
         }
      },
      "6": {
         "kdn": {
            "global": 0.02863740560949299,
            "class 0": 0.016307553520002776,
            "class 1": 0.45017793594306055
         },
         "dynamic_kdn": {
            "global": 0.028300970873786416,
            "class 0": 0.019464973456854384,
            "class 1": 0.3303914590747331
         },
         "dynamic_kdn_full_zone": {
            "global": 0.009391181229773468,
            "class 0": 0.005598001457270745,
            "class 1": 0.1390747330960854
         }
      },
      "7": {
         "kdn": {
            "global": 0.02886615811373093,
            "class 0": 0.015583874853157669,
            "class 1": 0.48296898830706664
         },
         "dynamic_kdn": {
            "global": 0.028347491909385125,
            "class 0": 0.019489955240970136,
            "class 1": 0.3311743772241993
         },
         "dynamic_kdn_full_zone": {
            "global": 0.009604571197411009,
            "class 0": 0.005816592068283548,
            "class 1": 0.1391103202846975
         }
      },
      "8": {
         "kdn": {
            "global": 0.029606593851132686,
            "class 0": 0.015691683147704798,
            "class 1": 0.505338078291815
         },
         "dynamic_kdn": {
            "global": 0.02850121359223302,
            "class 0": 0.01957426876236079,
            "class 1": 0.3337010676156584
         },
         "dynamic_kdn_full_zone": {
            "global": 0.009870550161812304,
            "class 0": 0.005996669095451238,
            "class 1": 0.14231316725978646
         }
      },
      "9": {
         "kdn": {
            "global": 0.029845379359942463,
            "class 0": 0.015347605334073536,
            "class 1": 0.5255041518386714
         },
         "dynamic_kdn": {
            "global": 0.028363673139158586,
            "class 0": 0.01942958259602375,
            "class 1": 0.33380782918149465
         },
         "dynamic_kdn_full_zone": {
            "global": 0.009922127831715217,
            "class 0": 0.005986260018736343,
            "class 1": 0.14448398576512456
         }
      },
      "10": {
         "kdn": {
            "global": 0.0301173139158576,
            "class 0": 0.014822525242011034,
            "class 1": 0.5530249110320284
         },
         "dynamic_kdn": {
            "global": 0.02838693365695794,
            "class 0": 0.01944207348808162,
            "class 1": 0.33419928825622774
         },
         "dynamic_kdn_full_zone": {
            "global": 0.009985841423948226,
            "class 0": 0.006040387217653799,
            "class 1": 0.14487544483985765
         }
      },
      "11": {
         "kdn": {
            "global": 0.030266254780817892,
            "class 0": 0.014392914257596258,
            "class 1": 0.5729537366548042
         },
         "dynamic_kdn": {
            "global": 0.028291868932038847,
            "class 0": 0.019342146351618624,
            "class 1": 0.33427046263345195
         },
         "dynamic_kdn_full_zone": {
            "global": 0.009987864077669908,
            "class 0": 0.006025814510252945,
            "class 1": 0.14544483985765125
         }
      }
   }
}