{
   "w5a": {
      "1": {
         "kdn": {
            "global": 0.024146649810366624,
            "class 0": 0.01652569941444372,
            "class 1": 0.28444444444444444
         },
         "dynamic_kdn": {
            "global": 0.026439949431099875,
            "class 0": 0.017928432010409893,
            "class 1": 0.3171555555555556
         },
         "dynamic_kdn_full_zone": {
            "global": 0.006833122629582808,
            "class 0": 0.003436564736499677,
            "class 1": 0.12284444444444445
         }
      },
      "2": {
         "kdn": {
            "global": 0.025537294563843238,
            "class 0": 0.015875081327260898,
            "class 1": 0.35555555555555557
         },
         "dynamic_kdn": {
            "global": 0.02612389380530974,
            "class 0": 0.017489915419648668,
            "class 1": 0.32102222222222215
         },
         "dynamic_kdn_full_zone": {
            "global": 0.0071327433628318605,
            "class 0": 0.003677293428757322,
            "class 1": 0.12515555555555558
         }
      },
      "3": {
         "kdn": {
            "global": 0.025326590813316476,
            "class 0": 0.015181088700932552,
            "class 1": 0.3718518518518518
         },
         "dynamic_kdn": {
            "global": 0.02704804045512011,
            "class 0": 0.018425504229017575,
            "class 1": 0.32155555555555554
         },
         "dynamic_kdn_full_zone": {
            "global": 0.007619469026548676,
            "class 0": 0.004119713728041642,
            "class 1": 0.12715555555555555
         }
      },
      "4": {
         "kdn": {
            "global": 0.026169405815423513,
            "class 0": 0.015452179570592063,
            "class 1": 0.39222222222222225
         },
         "dynamic_kdn": {
            "global": 0.02795575221238939,
            "class 0": 0.019238776837996106,
            "class 1": 0.3256888888888889
         },
         "dynamic_kdn_full_zone": {
            "global": 0.008245259165613151,
            "class 0": 0.004679245283018872,
            "class 1": 0.13004444444444443
         }
      },
      "5": {
         "kdn": {
            "global": 0.02733249051833123,
            "class 0": 0.015276512687052702,
            "class 1": 0.4391111111111112
         },
         "dynamic_kdn": {
            "global": 0.028276864728192172,
            "class 0": 0.019443070917371512,
            "class 1": 0.33
         },
         "dynamic_kdn_full_zone": {
            "global": 0.008735777496839446,
            "class 0": 0.005096942094990245,
            "class 1": 0.1330222222222222
         }
      },
      "6": {
         "kdn": {
            "global": 0.02772861356932153,
            "class 0": 0.01435697245716764,
            "class 1": 0.48444444444444446
         },
         "dynamic_kdn": {
            "global": 0.02818204804045513,
            "class 0": 0.019353285621340283,
            "class 1": 0.3297333333333333
         },
         "dynamic_kdn_full_zone": {
            "global": 0.009054361567635907,
            "class 0": 0.005363695510735202,
            "class 1": 0.13511111111111113
         }
      },
      "7": {
         "kdn": {
            "global": 0.0395701643489254,
            "class 0": 0.0259875453109025,
            "class 1": 0.5034920634920634
         },
         "dynamic_kdn": {
            "global": 0.02836283185840709,
            "class 0": 0.019422251138581665,
            "class 1": 0.33373333333333327
         },
         "dynamic_kdn_full_zone": {
            "global": 0.009336283185840713,
            "class 0": 0.0055862068965517285,
            "class 1": 0.13742222222222222
         }
      }
   }
}