{
   "w6a": {
      "1": {
         "kdn": {
            "global": 0.03013730509657901,
            "class 0": 0.02316509632119066,
            "class 1": 0.25142857142857145
         },
         "dynamic_kdn": {
            "global": 0.02454968582732139,
            "class 0": 0.015904699033787436,
            "class 1": 0.29893333333333333
         },
         "dynamic_kdn_full_zone": {
            "global": 0.009081917616942055,
            "class 0": 0.004772850027005945,
            "class 1": 0.14584761904761903
         }
      },
      "2": {
         "kdn": {
            "global": 0.0288282522690249,
            "class 0": 0.02085458800936206,
            "class 1": 0.2819047619047619
         },
         "dynamic_kdn": {
            "global": 0.02586746567372586,
            "class 0": 0.01698193602592571,
            "class 1": 0.3078857142857143
         },
         "dynamic_kdn_full_zone": {
            "global": 0.009373400046544102,
            "class 0": 0.005026705875292567,
            "class 1": 0.14733333333333332
         }
      },
      "3": {
         "kdn": {
            "global": 0.026045302924520983,
            "class 0": 0.01702374522394927,
            "class 1": 0.31238095238095237
         },
         "dynamic_kdn": {
            "global": 0.027149173842215508,
            "class 0": 0.01829382464142112,
            "class 1": 0.3082095238095238
         },
         "dynamic_kdn_full_zone": {
            "global": 0.009786478938794512,
            "class 0": 0.0054281942027246035,
            "class 1": 0.14811428571428573
         }
      },
      "4": {
         "kdn": {
            "global": 0.028479171515010473,
            "class 0": 0.019174218328032167,
            "class 1": 0.3238095238095238
         },
         "dynamic_kdn": {
            "global": 0.02846695368861998,
            "class 0": 0.01949468883154295,
            "class 1": 0.31323809523809526
         },
         "dynamic_kdn_full_zone": {
            "global": 0.010609145915755182,
            "class 0": 0.006085338774530401,
            "class 1": 0.15419047619047618
         }
      },
      "5": {
         "kdn": {
            "global": 0.028066092622760063,
            "class 0": 0.018268018964172118,
            "class 1": 0.33904761904761904
         },
         "dynamic_kdn": {
            "global": 0.02949092390039564,
            "class 0": 0.020475304567004752,
            "class 1": 0.3156380952380953
         },
         "dynamic_kdn_full_zone": {
            "global": 0.01131079823132418,
            "class 0": 0.006720878593290528,
            "class 1": 0.15699047619047618
         }
      },
      "6": {
         "kdn": {
            "global": 0.027848886820262198,
            "class 0": 0.01761387505251155,
            "class 1": 0.3526984126984127
         },
         "dynamic_kdn": {
            "global": 0.029814987200372362,
            "class 0": 0.020719558302826627,
            "class 1": 0.3184952380952381
         },
         "dynamic_kdn_full_zone": {
            "global": 0.011850127996276478,
            "class 0": 0.0071991838204405025,
            "class 1": 0.15946666666666667
         }
      },
      "7": {
         "kdn": {
            "global": 0.027095315668738986,
            "class 0": 0.016383604392966454,
            "class 1": 0.36707482993197277
         },
         "dynamic_kdn": {
            "global": 0.030178612985804064,
            "class 0": 0.021023225109524105,
            "class 1": 0.32076190476190475
         },
         "dynamic_kdn_full_zone": {
            "global": 0.012259716080986744,
            "class 0": 0.007570665546420219,
            "class 1": 0.16108571428571428
         }
      },
      "8": {
         "kdn": {
            "global": 0.028384628810798233,
            "class 0": 0.0171487727300006,
            "class 1": 0.385
         },
         "dynamic_kdn": {
            "global": 0.03032813590877358,
            "class 0": 0.02115405389185622,
            "class 1": 0.3215047619047619
         },
         "dynamic_kdn_full_zone": {
            "global": 0.012529090062834543,
            "class 0": 0.007819120206445424,
            "class 1": 0.16201904761904762
         }
      },
      "9": {
         "kdn": {
            "global": 0.02850826157784501,
            "class 0": 0.01698373642201284,
            "class 1": 0.3942857142857143
         },
         "dynamic_kdn": {
            "global": 0.030571910635326993,
            "class 0": 0.02134429574506393,
            "class 1": 0.32344761904761904
         },
         "dynamic_kdn_full_zone": {
            "global": 0.01271410286246219,
            "class 0": 0.008000360079217433,
            "class 1": 0.1623238095238095
         }
      },
      "10": {
         "kdn": {
            "global": 0.028630439841750063,
            "class 0": 0.01649762947848527,
            "class 1": 0.4137142857142857
         },
         "dynamic_kdn": {
            "global": 0.030652199208750307,
            "class 0": 0.02141691172057854,
            "class 1": 0.3237714285714286
         },
         "dynamic_kdn_full_zone": {
            "global": 0.012822317896206662,
            "class 0": 0.00810898397647483,
            "class 1": 0.1624190476190476
         }
      },
      "11": {
         "kdn": {
            "global": 0.0287621384898555,
            "class 0": 0.01620902052997114,
            "class 1": 0.42718614718614717
         },
         "dynamic_kdn": {
            "global": 0.03070397952059577,
            "class 0": 0.021466122546960346,
            "class 1": 0.3239047619047619
         },
         "dynamic_kdn_full_zone": {
            "global": 0.012955550383988835,
            "class 0": 0.008226609854167925,
            "class 1": 0.16304761904761902
         }
      }
   }
}