{
   "w6a": {
      "1": {
         "kdn": {
            "global": 0.021527272727272728,
            "class 0": 0.012978244561140285,
            "class 1": 0.29285714285714287
         },
         "dynamic_kdn": {
            "global": 0.024782545454545453,
            "class 0": 0.016336084021005254,
            "class 1": 0.29285714285714287
         },
         "dynamic_kdn_full_zone": {
            "global": 0.008766545454545457,
            "class 0": 0.004676669167291827,
            "class 1": 0.13857142857142854
         }
      },
      "2": {
         "kdn": {
            "global": 0.023345454545454544,
            "class 0": 0.014591147786946737,
            "class 1": 0.3011904761904762
         },
         "dynamic_kdn": {
            "global": 0.025717090909090915,
            "class 0": 0.01708102025506377,
            "class 1": 0.2998095238095238
         },
         "dynamic_kdn_full_zone": {
            "global": 0.009026181818181822,
            "class 0": 0.0049279819954988775,
            "class 1": 0.1390952380952381
         }
      },
      "3": {
         "kdn": {
            "global": 0.02361212121212121,
            "class 0": 0.014478619654913729,
            "class 1": 0.3134920634920635
         },
         "dynamic_kdn": {
            "global": 0.026939636363636374,
            "class 0": 0.018291072768192057,
            "class 1": 0.30142857142857143
         },
         "dynamic_kdn_full_zone": {
            "global": 0.00941527272727273,
            "class 0": 0.005313578394598653,
            "class 1": 0.13959523809523808
         }
      },
      "4": {
         "kdn": {
            "global": 0.02372727272727273,
            "class 0": 0.014197299324831207,
            "class 1": 0.3261904761904762
         },
         "dynamic_kdn": {
            "global": 0.02813163636363637,
            "class 0": 0.019332333083270824,
            "class 1": 0.30740476190476196
         },
         "dynamic_kdn_full_zone": {
            "global": 0.010202181818181822,
            "class 0": 0.005938484621155293,
            "class 1": 0.14552380952380953
         }
      },
      "5": {
         "kdn": {
            "global": 0.02475636363636364,
            "class 0": 0.014778694673668416,
            "class 1": 0.3414285714285714
         },
         "dynamic_kdn": {
            "global": 0.029146181818181825,
            "class 0": 0.020239309827456874,
            "class 1": 0.31183333333333335
         },
         "dynamic_kdn_full_zone": {
            "global": 0.010890909090909095,
            "class 0": 0.006572393098274573,
            "class 1": 0.14795238095238095
         }
      },
      "6": {
         "kdn": {
            "global": 0.02568484848484848,
            "class 0": 0.014878719679919978,
            "class 1": 0.3686507936507936
         },
         "dynamic_kdn": {
            "global": 0.02955927272727274,
            "class 0": 0.020539384846211567,
            "class 1": 0.31583333333333335
         },
         "dynamic_kdn_full_zone": {
            "global": 0.011362909090909095,
            "class 0": 0.0070150037509377405,
            "class 1": 0.14935714285714285
         }
      },
      "7": {
         "kdn": {
            "global": 0.026503896103896103,
            "class 0": 0.014789411638623939,
            "class 1": 0.3982993197278911
         },
         "dynamic_kdn": {
            "global": 0.02972218181818183,
            "class 0": 0.020674418604651173,
            "class 1": 0.3168809523809524
         },
         "dynamic_kdn_full_zone": {
            "global": 0.011633454545454551,
            "class 0": 0.007285821455363847,
            "class 1": 0.14961904761904762
         }
      }
   }
}