{
   "w7a": {
      "1": {
         "kdn": {
            "global": 0.019389459828886752,
            "class 0": 0.011220708731277073,
            "class 1": 0.28378378378378377
         },
         "dynamic_kdn": {
            "global": 0.023315952007290034,
            "class 0": 0.01526851416940661,
            "class 1": 0.28378378378378377
         },
         "dynamic_kdn_full_zone": {
            "global": 0.008656406621778974,
            "class 0": 0.00462658525129169,
            "class 1": 0.13908783783783785
         }
      },
      "2": {
         "kdn": {
            "global": 0.021237280413101807,
            "class 0": 0.012577631647617556,
            "class 1": 0.3015202702702703
         },
         "dynamic_kdn": {
            "global": 0.024167974484888378,
            "class 0": 0.016057095141172175,
            "class 1": 0.2866891891891891
         },
         "dynamic_kdn_full_zone": {
            "global": 0.00887814509188478,
            "class 0": 0.004831689369030848,
            "class 1": 0.139847972972973
         }
      },
      "3": {
         "kdn": {
            "global": 0.02360822828599875,
            "class 0": 0.014769584050936799,
            "class 1": 0.30968468468468463
         },
         "dynamic_kdn": {
            "global": 0.025469548929276574,
            "class 0": 0.01724283701268202,
            "class 1": 0.2917398648648648
         },
         "dynamic_kdn_full_zone": {
            "global": 0.009304409456791377,
            "class 0": 0.005200146130160226,
            "class 1": 0.14214527027027027
         }
      },
      "4": {
         "kdn": {
            "global": 0.02357869690679897,
            "class 0": 0.01444340065758572,
            "class 1": 0.31925675675675674
         },
         "dynamic_kdn": {
            "global": 0.02674631701513695,
            "class 0": 0.018378999008402494,
            "class 1": 0.2975675675675676
         },
         "dynamic_kdn_full_zone": {
            "global": 0.01010378170404496,
            "class 0": 0.005820677417671315,
            "class 1": 0.1487331081081081
         }
      },
      "5": {
         "kdn": {
            "global": 0.024624107730471318,
            "class 0": 0.015531548457804918,
            "class 1": 0.31891891891891894
         },
         "dynamic_kdn": {
            "global": 0.027508226598491375,
            "class 0": 0.019098168154062952,
            "class 1": 0.29971283783783786
         },
         "dynamic_kdn_full_zone": {
            "global": 0.01084139118108642,
            "class 0": 0.0064255519023015545,
            "class 1": 0.15376689189189188
         }
      },
      "6": {
         "kdn": {
            "global": 0.025346360890328892,
            "class 0": 0.01573508689525599,
            "class 1": 0.3364301801801802
         },
         "dynamic_kdn": {
            "global": 0.028026628866501303,
            "class 0": 0.019514639110693607,
            "class 1": 0.3035304054054054
         },
         "dynamic_kdn_full_zone": {
            "global": 0.011346630891510156,
            "class 0": 0.006907259537602428,
            "class 1": 0.1550337837837838
         }
      },
      "7": {
         "kdn": {
            "global": 0.025645290769575682,
            "class 0": 0.015694080982948992,
            "class 1": 0.34773166023166024
         },
         "dynamic_kdn": {
            "global": 0.028406824279856236,
            "class 0": 0.019828818955169365,
            "class 1": 0.3060472972972973
         },
         "dynamic_kdn_full_zone": {
            "global": 0.011751126411178054,
            "class 0": 0.007283544700172231,
            "class 1": 0.15635135135135136
         }
      }
   }
}