{
   "w7a": {
      "1": {
         "kdn": {
            "global": 0.03130568605216264,
            "class 0": 0.025175350701402806,
            "class 1": 0.22972972972972974
         },
         "dynamic_kdn": {
            "global": 0.02218856309735947,
            "class 0": 0.014180026720106884,
            "class 1": 0.28140540540540543
         },
         "dynamic_kdn_full_zone": {
            "global": 0.009179086343755066,
            "class 0": 0.004822979291917171,
            "class 1": 0.15017567567567566
         }
      },
      "2": {
         "kdn": {
            "global": 0.029199740806739025,
            "class 0": 0.021981462925851705,
            "class 1": 0.2628378378378378
         },
         "dynamic_kdn": {
            "global": 0.02379637129434635,
            "class 0": 0.015665080160320647,
            "class 1": 0.2869864864864865
         },
         "dynamic_kdn_full_zone": {
            "global": 0.00942977482585453,
            "class 0": 0.005041750167000671,
            "class 1": 0.15145945945945946
         }
      },
      "3": {
         "kdn": {
            "global": 0.0252578432960743,
            "class 0": 0.017061901580939655,
            "class 1": 0.2905405405405405
         },
         "dynamic_kdn": {
            "global": 0.025253928397861662,
            "class 0": 0.01699899799599199,
            "class 1": 0.2924459459459459
         },
         "dynamic_kdn_full_zone": {
            "global": 0.009863518548517743,
            "class 0": 0.005427939211756851,
            "class 1": 0.15343243243243243
         }
      },
      "4": {
         "kdn": {
            "global": 0.026860926615907988,
            "class 0": 0.018349198396793588,
            "class 1": 0.30236486486486486
         },
         "dynamic_kdn": {
            "global": 0.026628867649441123,
            "class 0": 0.018272378089512365,
            "class 1": 0.2971081081081081
         },
         "dynamic_kdn_full_zone": {
            "global": 0.010658512878665156,
            "class 0": 0.006080076820307286,
            "class 1": 0.15885135135135134
         }
      },
      "5": {
         "kdn": {
            "global": 0.028195366920460065,
            "class 0": 0.019472277889111555,
            "class 1": 0.31054054054054053
         },
         "dynamic_kdn": {
            "global": 0.027523489389275884,
            "class 0": 0.01911113894455579,
            "class 1": 0.29981081081081085
         },
         "dynamic_kdn_full_zone": {
            "global": 0.011328770451968255,
            "class 0": 0.006706329325317307,
            "class 1": 0.16094594594594594
         }
      },
      "6": {
         "kdn": {
            "global": 0.027890274852853825,
            "class 0": 0.018843242039634826,
            "class 1": 0.3207207207207207
         },
         "dynamic_kdn": {
            "global": 0.02806536530050219,
            "class 0": 0.019602120908483647,
            "class 1": 0.30200000000000005
         },
         "dynamic_kdn_full_zone": {
            "global": 0.011916410173335498,
            "class 0": 0.0072039913159652694,
            "class 1": 0.16444594594594594
         }
      },
      "7": {
         "kdn": {
            "global": 0.026538381430654227,
            "class 0": 0.01696846073098578,
            "class 1": 0.3362934362934363
         },
         "dynamic_kdn": {
            "global": 0.028558642475295656,
            "class 0": 0.019987057448229806,
            "class 1": 0.306
         },
         "dynamic_kdn_full_zone": {
            "global": 0.012398347642961289,
            "class 0": 0.007606880427521717,
            "class 1": 0.16748648648648648
         }
      },
      "8": {
         "kdn": {
            "global": 0.02712923213996436,
            "class 0": 0.017305444221776888,
            "class 1": 0.34510135135135134
         },
         "dynamic_kdn": {
            "global": 0.028861979588530717,
            "class 0": 0.020237140948563808,
            "class 1": 0.308027027027027
         },
         "dynamic_kdn_full_zone": {
            "global": 0.01278673254495384,
            "class 0": 0.007965096860387447,
            "class 1": 0.16885135135135135
         }
      },
      "9": {
         "kdn": {
            "global": 0.02788127508684774,
            "class 0": 0.017771654419951013,
            "class 1": 0.3551051051051051
         },
         "dynamic_kdn": {
            "global": 0.029054754576381025,
            "class 0": 0.020403306613226466,
            "class 1": 0.30908108108108107
         },
         "dynamic_kdn_full_zone": {
            "global": 0.013018386521950438,
            "class 0": 0.00818887775551103,
            "class 1": 0.16933783783783787
         }
      },
      "10": {
         "kdn": {
            "global": 0.027928073870079378,
            "class 0": 0.017426519706078822,
            "class 1": 0.3678378378378378
         },
         "dynamic_kdn": {
            "global": 0.02919974080673904,
            "class 0": 0.020538159652638624,
            "class 1": 0.30955405405405406
         },
         "dynamic_kdn_full_zone": {
            "global": 0.013204276688806095,
            "class 0": 0.008344188376753513,
            "class 1": 0.17051351351351351
         }
      },
      "11": {
         "kdn": {
            "global": 0.027947955171347363,
            "class 0": 0.01715931863727455,
            "class 1": 0.37714987714987713
         },
         "dynamic_kdn": {
            "global": 0.029273043900858595,
            "class 0": 0.020591182364729472,
            "class 1": 0.3102837837837838
         },
         "dynamic_kdn_full_zone": {
            "global": 0.013307144014255638,
            "class 0": 0.008441466265865071,
            "class 1": 0.17079729729729728
         }
      }
   }
}