{
   "w8a": {
      "1": {
         "kdn": {
            "global": 0.01683459383401593,
            "class 0": 0.009296664594986534,
            "class 1": 0.2628909551986475
         },
         "dynamic_kdn": {
            "global": 0.02060579411543004,
            "class 0": 0.012831986741247156,
            "class 1": 0.2743617920540998
         },
         "dynamic_kdn_full_zone": {
            "global": 0.009871353551596776,
            "class 0": 0.005187228091982601,
            "class 1": 0.16277261200338122
         }
      },
      "2": {
         "kdn": {
            "global": 0.018706500163320688,
            "class 0": 0.010811580691941164,
            "class 1": 0.2764158918005072
         },
         "dynamic_kdn": {
            "global": 0.022715897384356396,
            "class 0": 0.0148303811891444,
            "class 1": 0.2801183431952663
         },
         "dynamic_kdn_full_zone": {
            "global": 0.010171863614663688,
            "class 0": 0.005434275947793664,
            "class 1": 0.16481825866441252
         }
      },
      "3": {
         "kdn": {
            "global": 0.020913423285342177,
            "class 0": 0.012878944824252466,
            "class 1": 0.28317836010143704
         },
         "dynamic_kdn": {
            "global": 0.02405688585140331,
            "class 0": 0.016167909674746222,
            "class 1": 0.28157227387996614
         },
         "dynamic_kdn_full_zone": {
            "global": 0.010622879971858594,
            "class 0": 0.0058361818935156445,
            "class 1": 0.16687235841081993
         }
      },
      "4": {
         "kdn": {
            "global": 0.022155079273348578,
            "class 0": 0.013834938885436089,
            "class 1": 0.2937447168216399
         },
         "dynamic_kdn": {
            "global": 0.025419734164174985,
            "class 0": 0.017448466956701894,
            "class 1": 0.28562130177514794
         },
         "dynamic_kdn_full_zone": {
            "global": 0.011326163973969197,
            "class 0": 0.006438263932048896,
            "class 1": 0.17087912087912085
         }
      },
      "5": {
         "kdn": {
            "global": 0.022638759767833364,
            "class 0": 0.014175471307230163,
            "class 1": 0.2989010989010989
         },
         "dynamic_kdn": {
            "global": 0.02638583884017187,
            "class 0": 0.018333333333333344,
            "class 1": 0.28923922231614535
         },
         "dynamic_kdn_full_zone": {
            "global": 0.012060102012613386,
            "class 0": 0.007099129894344319,
            "class 1": 0.17399830938292474
         }
      },
      "6": {
         "kdn": {
            "global": 0.0236814995351642,
            "class 0": 0.014967888957944894,
            "class 1": 0.3081149619611158
         },
         "dynamic_kdn": {
            "global": 0.0270624890072615,
            "class 0": 0.01894111249223121,
            "class 1": 0.29216398985629755
         },
         "dynamic_kdn_full_zone": {
            "global": 0.012641774918967818,
            "class 0": 0.00762145224777295,
            "class 1": 0.17651732882502114
         }
      },
      "7": {
         "kdn": {
            "global": 0.02409608281615116,
            "class 0": 0.015249045547367487,
            "class 1": 0.31288491728052165
         },
         "dynamic_kdn": {
            "global": 0.027482600065328284,
            "class 0": 0.019308576755748923,
            "class 1": 0.2943026204564666
         },
         "dynamic_kdn_full_zone": {
            "global": 0.013179728133872715,
            "class 0": 0.008039413714522483,
            "class 1": 0.18097210481825865
         }
      }
   }
}