{
   "w8a": {
      "1": {
         "kdn": {
            "global": 0.03131721240627952,
            "class 0": 0.025502382432152474,
            "class 1": 0.2210953346855984
         },
         "dynamic_kdn": {
            "global": 0.01933767512914833,
            "class 0": 0.011867412471514401,
            "class 1": 0.26314401622718053
         },
         "dynamic_kdn_full_zone": {
            "global": 0.00973386399726628,
            "class 0": 0.0051543401698777745,
            "class 1": 0.15919540229885057
         }
      },
      "2": {
         "kdn": {
            "global": 0.027859856479527226,
            "class 0": 0.021255438160348042,
            "class 1": 0.2434077079107505
         },
         "dynamic_kdn": {
            "global": 0.02146937626886973,
            "class 0": 0.013863476279262486,
            "class 1": 0.2697025016903313
         },
         "dynamic_kdn_full_zone": {
            "global": 0.010009849444209936,
            "class 0": 0.005371245079759689,
            "class 1": 0.16139959432048684
         }
      },
      "3": {
         "kdn": {
            "global": 0.023578363384188627,
            "class 0": 0.01647676265451281,
            "class 1": 0.25535271579896324
         },
         "dynamic_kdn": {
            "global": 0.022769100886449983,
            "class 0": 0.015136938056764042,
            "class 1": 0.27185936443542935
         },
         "dynamic_kdn_full_zone": {
            "global": 0.010442018935053974,
            "class 0": 0.005739382639320493,
            "class 1": 0.16392156862745097
         }
      },
      "4": {
         "kdn": {
            "global": 0.025296990894289332,
            "class 0": 0.018049513155168843,
            "class 1": 0.26183231913455035
         },
         "dynamic_kdn": {
            "global": 0.024009728838770637,
            "class 0": 0.016284856018230792,
            "class 1": 0.2761257606490872
         },
         "dynamic_kdn_full_zone": {
            "global": 0.011135098192928504,
            "class 0": 0.006297700435052833,
            "class 1": 0.1690128465179175
         }
      },
      "5": {
         "kdn": {
            "global": 0.02666184244909445,
            "class 0": 0.019200331468821212,
            "class 1": 0.2701825557809331
         },
         "dynamic_kdn": {
            "global": 0.024998090413877672,
            "class 0": 0.017212968717630006,
            "class 1": 0.2790804597701149
         },
         "dynamic_kdn_full_zone": {
            "global": 0.01186777623670828,
            "class 0": 0.006963745597679723,
            "class 1": 0.171920216362407
         }
      },
      "6": {
         "kdn": {
            "global": 0.026925164324911054,
            "class 0": 0.019201022028865408,
            "class 1": 0.279017354068064
         },
         "dynamic_kdn": {
            "global": 0.02577820659711754,
            "class 0": 0.01788709343277399,
            "class 1": 0.28331981068289386
         },
         "dynamic_kdn_full_zone": {
            "global": 0.012460752979959402,
            "class 0": 0.007498653407913823,
            "class 1": 0.17440838404327247
         }
      },
      "7": {
         "kdn": {
            "global": 0.024979683726593208,
            "class 0": 0.01697889845807807,
            "class 1": 0.2861006471554139
         },
         "dynamic_kdn": {
            "global": 0.02620072765281715,
            "class 0": 0.018283613010151245,
            "class 1": 0.2845909398242055
         },
         "dynamic_kdn_full_zone": {
            "global": 0.012945787855032267,
            "class 0": 0.007920447482908644,
            "class 1": 0.17695740365111565
         }
      },
      "8": {
         "kdn": {
            "global": 0.02594775774387425,
            "class 0": 0.017824217940749947,
            "class 1": 0.29107505070993916
         },
         "dynamic_kdn": {
            "global": 0.026572996442139556,
            "class 0": 0.0186067951108349,
            "class 1": 0.28656524678837053
         },
         "dynamic_kdn_full_zone": {
            "global": 0.013312227381454907,
            "class 0": 0.00824694427180444,
            "class 1": 0.17862745098039215
         }
      }
   }
}