{
   "a9a": {
      "method": "GradientBoostingClassifier",
      "params": {
         "learning_rate": 0.2,
         "max_depth": 3,
         "max_features": "sqrt",
         "n_estimators": 500,
         "random_state": 1234
      },
      "score": 0.7858368190036995,
      "score sd": 0.004402986978567461,
      "test": {
         "score": 0.7892455758350243,
         "tp": 988,
         "fp": 386,
         "tn": 4559,
         "fn": 580,
         "positives": 1568,
         "negatives": 4945
      }
   }
}