{
   "breastcancer": {
      "method": "SVC",
      "params": {
         "C": 10,
         "gamma": 0.01,
         "kernel": "rbf",
         "random_state": 1234
      },
      "score": 0.9777237275213612,
      "score sd": 0.007365457287443159,
      "test": {
         "score": 0.9813109511118895,
         "tp": 40,
         "fp": 0,
         "tn": 72,
         "fn": 2,
         "positives": 42,
         "negatives": 72
      }
   }
}