{
   "bupa": {
      "method": "SVC",
      "params": {
         "C": 1000,
         "gamma": 0.01,
         "kernel": "rbf",
         "random_state": 1234
      },
      "score": 0.6454255577861099,
      "score sd": 0.04588412922953934,
      "test": {
         "score": 0.6439175329137202,
         "tp": 26,
         "fp": 17,
         "tn": 18,
         "fn": 8,
         "positives": 34,
         "negatives": 35
      }
   }
}