{
   "cleve": {
      "method": "KNeighborsClassifier",
      "params": {
         "n_jobs": -1,
         "n_neighbors": 3
      },
      "score": 0.8308335965125024,
      "score sd": 0.030566178137496992,
      "test": {
         "score": 0.8349567099567099,
         "tp": 23,
         "fp": 5,
         "tn": 28,
         "fn": 5,
         "positives": 28,
         "negatives": 33
      }
   }
}