{
   "cod-rna": {
      "method": "SVC",
      "params": {
         "C": 1000,
         "gamma": 0.001,
         "kernel": "rbf",
         "random_state": 1234
      },
      "score": 0.9380135044236549,
      "score sd": 0.025526976096181785,
      "test": {
         "score": 0.9442100237489419,
         "tp": 3760,
         "fp": 391,
         "tn": 7547,
         "fn": 209,
         "positives": 3969,
         "negatives": 7938
      }
   }
}