{
   "german_numer": {
      "method": "SVC",
      "params": {
         "C": 1000,
         "gamma": 0.001,
         "kernel": "rbf",
         "random_state": 1234
      },
      "score": 0.7267409551668879,
      "score sd": 0.019971944914377582,
      "test": {
         "score": 0.7155619954591457,
         "tp": 30,
         "fp": 15,
         "tn": 125,
         "fn": 30,
         "positives": 60,
         "negatives": 140
      }
   }
}