{
   "haberman": {
      "method": "KNeighborsClassifier",
      "params": {
         "n_jobs": -1,
         "n_neighbors": 11
      },
      "score": 0.6542141067856267,
      "score sd": 0.03670274360395093,
      "test": {
         "score": 0.441476113510336,
         "tp": 1,
         "fp": 7,
         "tn": 39,
         "fn": 15,
         "positives": 16,
         "negatives": 46
      }
   }
}