{
   "ionosphere": {
      "method": "SVC",
      "params": {
         "C": 10,
         "gamma": 0.01,
         "kernel": "rbf",
         "random_state": 1234
      },
      "score": 0.9510213989602679,
      "score sd": 0.024435540120951414
   }
}