{
   "ionosphere": {
      "method": "SVC",
      "params": {
         "C": 10,
         "gamma": 0.01,
         "kernel": "rbf",
         "random_state": 1234
      },
      "score": 0.9510213989602679,
      "score sd": 0.024435540120951414,
      "test": {
         "score": 0.9544563920167677,
         "tp": 22,
         "fp": 0,
         "tn": 46,
         "fn": 3,
         "positives": 25,
         "negatives": 46
      }
   }
}