{
   "mammographic": {
      "method": "SVC",
      "params": {
         "C": 10,
         "gamma": 0.1,
         "kernel": "rbf",
         "random_state": 1234
      },
      "score": 0.8131194676154923,
      "score sd": 0.024181238619242724,
      "test": {
         "score": 0.747928572284453,
         "tp": 63,
         "fp": 24,
         "tn": 61,
         "fn": 18,
         "positives": 81,
         "negatives": 85
      }
   }
}