{
   "r2": {
      "method": "RandomForestClassifier",
      "params": {
         "max_features": null,
         "n_estimators": 100,
         "random_state": 1234
      },
      "score": 0.771477996812524,
      "score sd": 0.08332805913898068,
      "test": {
         "score": 0.6254363015010636,
         "tp": 7,
         "fp": 5,
         "tn": 8,
         "fn": 4,
         "positives": 11,
         "negatives": 13
      }
   }
}