{
   "svmguide3": {
      "method": "SVC",
      "params": {
         "C": 100,
         "gamma": 0.01,
         "kernel": "rbf",
         "random_state": 1234
      },
      "score": 0.7457039434753207,
      "score sd": 0.03549865035388902,
      "test": {
         "score": 0.6835785474607297,
         "tp": 21,
         "fp": 12,
         "tn": 178,
         "fn": 38,
         "positives": 59,
         "negatives": 190
      }
   }
}