{
   "svmguide1": {
      "method": "SVC",
      "params": {
         "C": 1,
         "gamma": 1,
         "kernel": "rbf",
         "random_state": 1234
      },
      "score": 0.9643160979779504,
      "score sd": 0.017965577126174238,
      "test": {
         "score": 0.9680215248700585,
         "tp": 207,
         "fp": 7,
         "tn": 393,
         "fn": 11,
         "positives": 218,
         "negatives": 400
      }
   }
}