{
   "w1a": {
      "method": "SVC",
      "params": {
         "C": 10,
         "gamma": 0.001,
         "kernel": "rbf",
         "random_state": 1234
      },
      "score": 0.7484474039507982,
      "score sd": 0.03404150185037947,
      "test": {
         "score": 0.8988285868805199,
         "tp": 9,
         "fp": 0,
         "tn": 482,
         "fn": 5,
         "positives": 14,
         "negatives": 482
      }
   }
}