{
   "w2a": {
      "method": "SVC",
      "params": {
         "C": 100,
         "gamma": 0.001,
         "kernel": "rbf",
         "random_state": 1234
      },
      "score": 0.7347492500959629,
      "score sd": 0.038489649085238734,
      "test": {
         "score": 0.8526852048397369,
         "tp": 15,
         "fp": 6,
         "tn": 667,
         "fn": 6,
         "positives": 21,
         "negatives": 673
      }
   }
}