{
   "w3a": {
      "method": "SVC",
      "params": {
         "C": 10,
         "gamma": 0.001,
         "kernel": "rbf",
         "random_state": 1234
      },
      "score": 0.7196307544420699,
      "score sd": 0.023698764926352207,
      "test": {
         "score": 0.8193345614479539,
         "tp": 13,
         "fp": 1,
         "tn": 953,
         "fn": 16,
         "positives": 29,
         "negatives": 954
      }
   }
}