{
   "w4a": {
      "method": "SVC",
      "params": {
         "C": 1000,
         "gamma": 0.001,
         "kernel": "rbf",
         "random_state": 1234
      },
      "score": 0.6994985355025453,
      "score sd": 0.057161591959234107,
      "test": {
         "score": 0.8492223668763317,
         "tp": 27,
         "fp": 7,
         "tn": 1424,
         "fn": 16,
         "positives": 43,
         "negatives": 1431
      }
   }
}