{
   "w5a": {
      "method": "SVC",
      "params": {
         "C": 1000,
         "gamma": 0.001,
         "kernel": "rbf",
         "random_state": 1234
      },
      "score": 0.6677118788893796,
      "score sd": 0.05411447019849556,
      "test": {
         "score": 0.8552084979111816,
         "tp": 38,
         "fp": 12,
         "tn": 1910,
         "fn": 18,
         "positives": 56,
         "negatives": 1922
      }
   }
}