{
   "w6a": {
      "method": "SVC",
      "params": {
         "C": 1,
         "gamma": 0.001,
         "kernel": "rbf",
         "random_state": 1234
      },
      "score": 0.7244435533785364,
      "score sd": 0.06327433644638789,
      "test": {
         "score": 0.8555849476022342,
         "tp": 62,
         "fp": 9,
         "tn": 3324,
         "fn": 43,
         "positives": 105,
         "negatives": 3333
      }
   }
}