{
   "w6a": {
      "method": "SVC",
      "params": {
         "C": 1,
         "gamma": 0.001,
         "kernel": "rbf",
         "random_state": 1234
      },
      "score": 0.7244435533785364,
      "score sd": 0.06327433644638789
   }
}