{
   "w8a": {
      "method": "SVC",
      "params": {
         "C": 1,
         "gamma": 0.001,
         "kernel": "rbf",
         "random_state": 1234
      },
      "score": 0.698388232369922,
      "score sd": 0.06968622906166294,
      "test": {
         "score": 0.8925322066075245,
         "tp": 197,
         "fp": 13,
         "tn": 9641,
         "fn": 99,
         "positives": 296,
         "negatives": 9654
      }
   }
}