{
   "banknote": {
      "info": {
         "complexity": {
            "global": [
               0.004038286235186874
            ],
            "class 0": [
               0.006847290640394088
            ],
            "class 1": [
               0.0005327868852459019
            ]
         },
         "data": {
            "n": 1097,
            "n0": 609,
            "n1": 488
         }
      }
   },
   "SVC": {
      "test_score": 0.9963333327444995,
      "best_score": 0.9765088246785125,
      "best_params": {
         "C": 1000,
         "gamma": 0.01,
         "kernel": "rbf",
         "random_state": 1234
      },
      "sample_proportion": 0.03,
      "threshold": 0.8
   },
   "KNeighborsClassifier": {
      "test_score": 0.9410657189755218,
      "best_score": 0.8995722332195507,
      "best_params": {
         "n_jobs": -1,
         "n_neighbors": 1
      },
      "sample_proportion": 0.03,
      "threshold": 0.65
   },
   "RandomForestClassifier": {
      "test_score": 0.9099227150460167,
      "best_score": 0.8840415657795081,
      "best_params": {
         "max_features": "sqrt",
         "n_estimators": 300,
         "n_jobs": -1,
         "random_state": 1234
      },
      "sample_proportion": 0.03,
      "threshold": 0.8
   },
   "GradientBoostingClassifier": {
      "test_score": 0.8597372493924962,
      "best_score": 0.896143521532001,
      "best_params": {
         "learning_rate": 0.1,
         "max_depth": 3,
         "max_features": null,
         "n_estimators": 300,
         "random_state": 1234
      },
      "sample_proportion": 0.03,
      "threshold": 0.45
   }
}