{
   "breastcancer": {
      "info": {
         "complexity": {
            "global": [
               0.06883516483516484
            ],
            "class 0": [
               0.04115789473684211
            ],
            "class 1": [
               0.11523529411764706
            ]
         },
         "data": {
            "n": 455,
            "n0": 285,
            "n1": 170
         }
      }
   },
   "SVC": {
      "test_score": 0.9720774754816659,
      "best_score": 0.9769553637111983,
      "best_params": {
         "C": 100,
         "gamma": 0.01,
         "kernel": "rbf",
         "random_state": 1234
      },
      "sample_proportion": 0.52,
      "threshold": 0.75
   },
   "KNeighborsClassifier": {
      "test_score": 0.9529119369471538,
      "best_score": 0.9630087499457506,
      "best_params": {
         "n_jobs": -1,
         "n_neighbors": 1
      },
      "sample_proportion": 0.49,
      "threshold": 0.6
   },
   "RandomForestClassifier": {
      "test_score": 0.9629100498862757,
      "best_score": 0.9603264759418225,
      "best_params": {
         "max_features": "sqrt",
         "n_estimators": 300,
         "n_jobs": -1,
         "random_state": 1234
      },
      "sample_proportion": 0.53,
      "threshold": 0.8
   },
   "GradientBoostingClassifier": {
      "test_score": 0.9813109511118895,
      "best_score": 0.9748020978679025,
      "best_params": {
         "learning_rate": 0.3,
         "max_depth": 3,
         "max_features": "log2",
         "n_estimators": 100,
         "random_state": 1234
      },
      "sample_proportion": 0.55,
      "threshold": 0.95
   }
}