{
   "colon-cancer": {
      "info": {
         "complexity": {
            "global": [
               0.2571428571428572
            ],
            "class 0": [
               0.22749999999999998
            ],
            "class 1": [
               0.3129411764705883
            ]
         },
         "data": {
            "n": 49,
            "n0": 32,
            "n1": 17
         }
      }
   },
   "SVC": {
      "test_score": 0.9216370213557838,
      "best_score": 0.7396935848170889,
      "best_params": {
         "C": 10,
         "gamma": 0.0001,
         "kernel": "rbf",
         "random_state": 1234
      },
      "sample_proportion": 0.29,
      "threshold": 0.85
   },
   "KNeighborsClassifier": {
      "test_score": 0.6587713240271471,
      "best_score": 0.6985521969970506,
      "best_params": {
         "n_jobs": -1,
         "n_neighbors": 1
      },
      "sample_proportion": 0.29,
      "threshold": 0.85
   },
   "RandomForestClassifier": {
      "test_score": 0.8464101615137753,
      "best_score": 0.7554132285560797,
      "best_params": {
         "max_features": "sqrt",
         "n_estimators": 100,
         "n_jobs": -1,
         "random_state": 1234
      },
      "sample_proportion": 0.29,
      "threshold": 0.8
   },
   "GradientBoostingClassifier": {
      "test_score": 0.7683725200608467,
      "best_score": 0.7425302294209866,
      "best_params": {
         "learning_rate": 0.1,
         "max_depth": 3,
         "max_features": "log2",
         "n_estimators": 100,
         "random_state": 1234
      },
      "sample_proportion": 0.29,
      "threshold": 0.8
   }
}