{
   "diabetes": {
      "info": {
         "complexity": {
            "global": [
               0.32501628664495114
            ],
            "class 0": [
               0.4960280373831776
            ],
            "class 1": [
               0.23352499999999998
            ]
         },
         "data": {
            "n": 614,
            "n0": 214,
            "n1": 400
         }
      }
   },
   "SVC": {
      "test_score": 0.7559068668476174,
      "best_score": 0.7596200488944662,
      "best_params": {
         "C": 1,
         "gamma": 0.1,
         "kernel": "rbf",
         "random_state": 1234
      },
      "sample_proportion": 0.57,
      "threshold": 0.3
   },
   "KNeighborsClassifier": {
      "test_score": 0.6989774068574155,
      "best_score": 0.7514374590083047,
      "best_params": {
         "n_jobs": -1,
         "n_neighbors": 1
      },
      "sample_proportion": 0.51,
      "threshold": 0.25
   },
   "RandomForestClassifier": {
      "test_score": 0.6989774068574155,
      "best_score": 0.7517249728605949,
      "best_params": {
         "max_features": "sqrt",
         "n_estimators": 500,
         "n_jobs": -1,
         "random_state": 1234
      },
      "sample_proportion": 0.57,
      "threshold": 0.3
   },
   "GradientBoostingClassifier": {
      "test_score": 0.723374237314982,
      "best_score": 0.7635200717006266,
      "best_params": {
         "learning_rate": 0.3,
         "max_depth": 5,
         "max_features": "log2",
         "n_estimators": 300,
         "random_state": 1234
      },
      "sample_proportion": 0.79,
      "threshold": 0.5
   }
}