{
   "flare": {
      "info": {
         "complexity": {
            "global": [
               0.24771126760563378
            ],
            "class 0": [
               0.151018387553041
            ],
            "class 1": [
               0.7191724137931035
            ]
         },
         "data": {
            "n": 852,
            "n0": 707,
            "n1": 145
         }
      }
   },
   "SVC": {
      "test_score": 0.5968997479778373,
      "best_score": 0.6788146796054081,
      "best_params": {
         "C": 1000,
         "gamma": 0.1,
         "kernel": "rbf",
         "random_state": 1234
      },
      "sample_proportion": 0.8,
      "threshold": 0.45
   },
   "KNeighborsClassifier": {
      "test_score": 0.5968997479778373,
      "best_score": 0.6712931806273937,
      "best_params": {
         "n_jobs": -1,
         "n_neighbors": 1
      },
      "sample_proportion": 0.79,
      "threshold": 0.4
   },
   "RandomForestClassifier": {
      "test_score": 0.5752291253862681,
      "best_score": 0.6745287632938886,
      "best_params": {
         "max_features": null,
         "n_estimators": 100,
         "n_jobs": -1,
         "random_state": 1234
      },
      "sample_proportion": 0.79,
      "threshold": 0.4
   },
   "GradientBoostingClassifier": {
      "test_score": 0.5621651649506059,
      "best_score": 0.6881588143186613,
      "best_params": {
         "learning_rate": 0.3,
         "max_depth": 3,
         "max_features": "sqrt",
         "n_estimators": 100,
         "random_state": 1234
      },
      "sample_proportion": 0.79,
      "threshold": 0.4
   }
}