{
   "german_numer": {
      "info": {
         "complexity": {
            "global": [
               0.3355499999999999
            ],
            "class 0": [
               0.22389285714285714
            ],
            "class 1": [
               0.5960833333333333
            ]
         },
         "data": {
            "n": 800,
            "n0": 560,
            "n1": 240
         }
      }
   },
   "SVC": {
      "test_score": 0.660679944588741,
      "best_score": 0.7268240647836827,
      "best_params": {
         "C": 100,
         "gamma": 0.01,
         "kernel": "rbf",
         "random_state": 1234
      },
      "sample_proportion": 0.86,
      "threshold": 0.65
   },
   "KNeighborsClassifier": {
      "test_score": 0.5941905721476295,
      "best_score": 0.6801615752860086,
      "best_params": {
         "n_jobs": -1,
         "n_neighbors": 1
      },
      "sample_proportion": 0.63,
      "threshold": 0.35
   },
   "RandomForestClassifier": {
      "test_score": 0.7454951265154914,
      "best_score": 0.6981900048343217,
      "best_params": {
         "max_features": null,
         "n_estimators": 300,
         "n_jobs": -1,
         "random_state": 1234
      },
      "sample_proportion": 0.97,
      "threshold": 0.95
   },
   "GradientBoostingClassifier": {
      "test_score": 0.7212488394343549,
      "best_score": 0.7255874073168371,
      "best_params": {
         "learning_rate": 0.3,
         "max_depth": 5,
         "max_features": "sqrt",
         "n_estimators": 500,
         "random_state": 1234
      },
      "sample_proportion": 0.96,
      "threshold": 0.85
   }
}