{
   "ilpd": {
      "info": {
         "complexity": {
            "global": [
               0.3529805615550756
            ],
            "class 0": [
               0.2702114803625378
            ],
            "class 1": [
               0.560530303030303
            ]
         },
         "data": {
            "n": 463,
            "n0": 331,
            "n1": 132
         }
      }
   },
   "SVC": {
      "test_score": 0.5454219358331198,
      "best_score": 0.691488645052179,
      "best_params": {
         "C": 100,
         "gamma": 0.1,
         "kernel": "rbf",
         "random_state": 1234
      },
      "sample_proportion": 0.76,
      "threshold": 0.5
   },
   "KNeighborsClassifier": {
      "test_score": 0.5006416878155305,
      "best_score": 0.6783951623870489,
      "best_params": {
         "n_jobs": -1,
         "n_neighbors": 1
      },
      "sample_proportion": 0.49,
      "threshold": 0.3
   },
   "RandomForestClassifier": {
      "test_score": 0.5750774744170667,
      "best_score": 0.6317456567332114,
      "best_params": {
         "max_features": "sqrt",
         "n_estimators": 300,
         "n_jobs": -1,
         "random_state": 1234
      },
      "sample_proportion": 0.96,
      "threshold": 0.8
   },
   "GradientBoostingClassifier": {
      "test_score": 0.5314387810185164,
      "best_score": 0.6566322659509766,
      "best_params": {
         "learning_rate": 0.1,
         "max_depth": 5,
         "max_features": "sqrt",
         "n_estimators": 300,
         "random_state": 1234
      },
      "sample_proportion": 0.76,
      "threshold": 0.5
   }
}