{
   "mushroom": {
      "info": {
         "complexity": {
            "global": [
               0.00035543929835359295
            ],
            "class 0": [
               0.00010101010101010104
            ],
            "class 1": [
               0.0006287902968400895
            ]
         },
         "data": {
            "n": 6499,
            "n0": 3366,
            "n1": 3133
         }
      }
   },
   "SVC": {
      "test_score": 0.8700700454734365,
      "best_score": 0.817687041645125,
      "best_params": {
         "C": 10,
         "gamma": 0.01,
         "kernel": "rbf",
         "random_state": 1234
      },
      "sample_proportion": 0.0,
      "threshold": 0.8
   },
   "KNeighborsClassifier": {
      "test_score": 0.854123842731599,
      "best_score": 0.8167433892624741,
      "best_params": {
         "n_jobs": -1,
         "n_neighbors": 1
      },
      "sample_proportion": 0.0,
      "threshold": 0.9
   },
   "RandomForestClassifier": {
      "test_score": 0.8501107584394397,
      "best_score": 0.8033444981829133,
      "best_params": {
         "max_features": "sqrt",
         "n_estimators": 500,
         "n_jobs": -1,
         "random_state": 1234
      },
      "sample_proportion": 0.0,
      "threshold": 0.8
   },
   "GradientBoostingClassifier": {
      "test_score": 0.9149376856994875,
      "best_score": 0.8676695559317187,
      "best_params": {
         "learning_rate": 0.1,
         "max_depth": 3,
         "max_features": null,
         "n_estimators": 100,
         "random_state": 1234
      },
      "sample_proportion": 0.0,
      "threshold": 0.55
   }
}