{
   "sonar": {
      "info": {
         "complexity": {
            "global": [
               0.20777108433734945
            ],
            "class 0": [
               0.140561797752809
            ],
            "class 1": [
               0.2854545454545454
            ]
         },
         "data": {
            "n": 166,
            "n0": 89,
            "n1": 77
         }
      }
   },
   "SVC": {
      "test_score": 0.8838727507521906,
      "best_score": 0.8727219649607018,
      "best_params": {
         "C": 100,
         "gamma": 0.01,
         "kernel": "rbf",
         "random_state": 1234
      },
      "sample_proportion": 0.93,
      "threshold": 0.6
   },
   "KNeighborsClassifier": {
      "test_score": 0.8096460589417889,
      "best_score": 0.9122165599219624,
      "best_params": {
         "n_jobs": -1,
         "n_neighbors": 1
      },
      "sample_proportion": 0.92,
      "threshold": 0.55
   },
   "RandomForestClassifier": {
      "test_score": 0.8511066249289032,
      "best_score": 0.8455309797870655,
      "best_params": {
         "max_features": "log2",
         "n_estimators": 500,
         "n_jobs": -1,
         "random_state": 1234
      },
      "sample_proportion": 0.99,
      "threshold": 0.7
   },
   "GradientBoostingClassifier": {
      "test_score": 0.9324349662087931,
      "best_score": 0.8814697297396923,
      "best_params": {
         "learning_rate": 0.2,
         "max_depth": 7,
         "max_features": "log2",
         "n_estimators": 100,
         "random_state": 1234
      },
      "sample_proportion": 0.99,
      "threshold": 0.7
   }
}