{
   "w3a": {
      "info": {
         "complexity": {
            "global": [
               0.033672690251972524
            ],
            "class 0": [
               0.022020969855832254
            ],
            "class 1": [
               0.4235964912280701
            ]
         },
         "data": {
            "n": 3929,
            "n0": 3815,
            "n1": 114
         }
      }
   },
   "SVC": {
      "test_score": 0.6041717435032506,
      "best_score": 0.6546898163019617,
      "best_params": {
         "C": 100,
         "gamma": 0.0001,
         "kernel": "rbf",
         "random_state": 1234
      },
      "sample_proportion": 0.06,
      "threshold": 0.45
   },
   "KNeighborsClassifier": {
      "test_score": 0.551075709970578,
      "best_score": 0.6079220884692258,
      "best_params": {
         "n_jobs": -1,
         "n_neighbors": 1
      },
      "sample_proportion": 0.07,
      "threshold": 0.9
   },
   "RandomForestClassifier": {
      "test_score": 0.6586692548729661,
      "best_score": 0.6594462838878666,
      "best_params": {
         "max_features": "sqrt",
         "n_estimators": 100,
         "n_jobs": -1,
         "random_state": 1234
      },
      "sample_proportion": 0.07,
      "threshold": 0.75
   },
   "GradientBoostingClassifier": {
      "test_score": 0.6294868562242159,
      "best_score": 0.6724883253511978,
      "best_params": {
         "learning_rate": 0.1,
         "max_depth": 3,
         "max_features": "log2",
         "n_estimators": 100,
         "random_state": 1234
      },
      "sample_proportion": 0.07,
      "threshold": 0.75
   }
}