{
   "w5a": {
      "info": {
         "complexity": {
            "global": [
               0.02704804045512011
            ],
            "class 0": [
               0.018425504229017575
            ],
            "class 1": [
               0.32155555555555554
            ]
         },
         "data": {
            "n": 7910,
            "n0": 7685,
            "n1": 225
         }
      }
   },
   "SVC": {
      "test_score": 0.8237832064770461,
      "best_score": 0.7947615980834969,
      "best_params": {
         "C": 100,
         "gamma": 0.001,
         "kernel": "rbf",
         "random_state": 1234
      },
      "sample_proportion": 0.06,
      "threshold": 0.25
   },
   "KNeighborsClassifier": {
      "test_score": 0.7046455009857877,
      "best_score": 0.753135925486372,
      "best_params": {
         "n_jobs": -1,
         "n_neighbors": 1
      },
      "sample_proportion": 0.06,
      "threshold": 0.25
   },
   "RandomForestClassifier": {
      "test_score": 0.6641072282005072,
      "best_score": 0.7199127950862646,
      "best_params": {
         "max_features": null,
         "n_estimators": 100,
         "n_jobs": -1,
         "random_state": 1234
      },
      "sample_proportion": 0.08,
      "threshold": 0.8
   },
   "GradientBoostingClassifier": {
      "test_score": 0.7176325142720057,
      "best_score": 0.7383692409334405,
      "best_params": {
         "learning_rate": 0.3,
         "max_depth": 3,
         "max_features": null,
         "n_estimators": 300,
         "random_state": 1234
      },
      "sample_proportion": 0.07,
      "threshold": 0.45
   }
}