{
   "w6a": {
      "info": {
         "complexity": {
            "global": [
               0.026939636363636374
            ],
            "class 0": [
               0.018291072768192057
            ],
            "class 1": [
               0.30142857142857143
            ]
         },
         "data": {
            "n": 13750,
            "n0": 13330,
            "n1": 420
         }
      }
   },
   "SVC": {
      "test_score": 0.7957232880073406,
      "best_score": 0.777322121134182,
      "best_params": {
         "C": 10,
         "gamma": 0.001,
         "kernel": "rbf",
         "random_state": 1234
      },
      "sample_proportion": 0.1,
      "threshold": 0.95
   },
   "KNeighborsClassifier": {
      "test_score": 0.7640311505241721,
      "best_score": 0.7532528536066311,
      "best_params": {
         "n_jobs": -1,
         "n_neighbors": 1
      },
      "sample_proportion": 0.08,
      "threshold": 0.8
   },
   "RandomForestClassifier": {
      "test_score": 0.796153974983896,
      "best_score": 0.7555281579272758,
      "best_params": {
         "max_features": null,
         "n_estimators": 500,
         "n_jobs": -1,
         "random_state": 1234
      },
      "sample_proportion": 0.08,
      "threshold": 0.8
   },
   "GradientBoostingClassifier": {
      "test_score": 0.7798011185218616,
      "best_score": 0.7507376219620584,
      "best_params": {
         "learning_rate": 0.1,
         "max_depth": 3,
         "max_features": null,
         "n_estimators": 300,
         "random_state": 1234
      },
      "sample_proportion": 0.1,
      "threshold": 0.95
   }
}