{
   "w8a": {
      "info": {
         "complexity": {
            "global": [
               0.02405688585140331
            ],
            "class 0": [
               0.016167909674746222
            ],
            "class 1": [
               0.28157227387996614
            ]
         },
         "data": {
            "n": 39799,
            "n0": 38616,
            "n1": 1183
         }
      }
   },
   "SVC": {
      "test_score": 0.8911192764031984,
      "best_score": 0.8555303748078892,
      "best_params": {
         "C": 10,
         "gamma": 0.001,
         "kernel": "rbf",
         "random_state": 1234
      },
      "sample_proportion": 0.07,
      "threshold": 0.45
   },
   "KNeighborsClassifier": {
      "test_score": 0.82710310085045,
      "best_score": 0.8000395010830351,
      "best_params": {
         "n_jobs": -1,
         "n_neighbors": 1
      },
      "sample_proportion": 0.07,
      "threshold": 0.3
   },
   "RandomForestClassifier": {
      "test_score": 0.8430446511342542,
      "best_score": 0.8122738087084914,
      "best_params": {
         "max_features": null,
         "n_estimators": 100,
         "n_jobs": -1,
         "random_state": 1234
      },
      "sample_proportion": 0.08,
      "threshold": 0.75
   },
   "GradientBoostingClassifier": {
      "test_score": 0.8470493397066496,
      "best_score": 0.8243616276394695,
      "best_params": {
         "learning_rate": 0.2,
         "max_depth": 3,
         "max_features": "log2",
         "n_estimators": 500,
         "random_state": 1234
      },
      "sample_proportion": 0.09,
      "threshold": 0.9
   }
}