{
   "a9a": {
      "info": {
         "complexity": {
            "global": [
               0.21213912776412777,
               0.21891392813267815,
               0.05953125
            ],
            "class 0": [
               0.14686219974715553,
               0.1500414664981037,
               0.039561061946902655
            ],
            "class 1": [
               0.4179180615335565,
               0.43602741909772036,
               0.12248525426430736
            ]
         },
         "data": {
            "n": 26048,
            "n0": 19775,
            "n1": 6273
         }
      }
   },
   "SVC": {
      "cv_score": [
         0.8458612714079315,
         0.003002028448725345
      ],
      "best_params": {
         "C": 10,
         "gamma": 0.001,
         "kernel": "rbf",
         "random_state": 1234
      },
      "test_score": 0.7857289207469746,
      "test_score_kdn": [
         0.7820957336609103,
         0.7879173483433835,
         0.7898417934227715,
         0.7876398566598912
      ],
      "test_score_dynamic_kdn": [
         0.7862459467811955,
         0.7842004732026151,
         0.7836469427101845,
         0.7840678028862298,
         0.7831650801395658,
         0.782837452073589,
         0.7843578814588842,
         0.7877418325573686,
         0.787664206724108,
         0.7909575755530716,
         0.7896990425904938,
         0.7912401760179757,
         0.7904699551954235,
         0.7917274970734998,
         0.7909125651285975,
         0.7907267720959983,
         0.7892463186153609,
         0.790541143408892,
         0.790373635786503
      ],
      "test_score_dynamic_kdn_full": [
         0.7861174543902018,
         0.7859491267928189,
         0.7855539947766192,
         0.7831542326795671,
         0.7856750800203656,
         0.7828257691603173,
         0.7868156398955146,
         0.7876131668984645,
         0.7856908253849755,
         0.7863479235309405,
         0.7853644496604861,
         0.7832428109510838,
         0.7829462129127968,
         0.7833981558689931,
         0.7861006490131079,
         0.783863059170307,
         0.7858530210448311,
         0.7864365867091724,
         0.7839319568237333
      ],
      "props_kdn": [
         0.39,
         0.63,
         0.81,
         0.92
      ],
      "props_dynamic_kdn": [
         0.11,
         0.24,
         0.31,
         0.4,
         0.48,
         0.52,
         0.59,
         0.64,
         0.69,
         0.74,
         0.78,
         0.81,
         0.84,
         0.87,
         0.9,
         0.91,
         0.93,
         0.94,
         0.96
      ],
      "props_dynamic_kdn_full": [
         0.42,
         0.53,
         0.56,
         0.6,
         0.62,
         0.63,
         0.66,
         0.68,
         0.68,
         0.73,
         0.75,
         0.76,
         0.77,
         0.78,
         0.79,
         0.79,
         0.8,
         0.8,
         0.8
      ]
   },
   "KNeighborsClassifier": {
      "cv_score": [
         0.8288541720018763,
         0.005652932351231507
      ],
      "best_params": {
         "n_jobs": -1,
         "n_neighbors": 11
      },
      "test_score": 0.7642109717800833,
      "test_score_kdn": [
         0.7624638598451383,
         0.7632004425896702,
         0.7636973968746548,
         0.7627843893729518
      ],
      "test_score_dynamic_kdn": [
         0.7577958946446581,
         0.7601977168930298,
         0.7661150466165196,
         0.765648889780002,
         0.7662156213002165,
         0.7654559075425426,
         0.7675504077577817,
         0.7691277445853795,
         0.7653029219598723,
         0.7683683737594196,
         0.7626911434810214,
         0.761511477686815,
         0.7621074184579231,
         0.7642863745711053,
         0.7635918067649093,
         0.7610536119577229,
         0.759227504620428,
         0.7635735738359506,
         0.7652104634352762
      ],
      "test_score_dynamic_kdn_full": [
         0.7685406641674994,
         0.7673228631473772,
         0.7621429700433142,
         0.7599434866466719,
         0.7609179128356207,
         0.7614628535165933,
         0.764486407519807,
         0.7634635446986018,
         0.7577371522248515,
         0.7625396835480086,
         0.7648706904287015,
         0.7646080290498263,
         0.7639127029476365,
         0.7566571093966595,
         0.7587525325912672,
         0.7609346120399655,
         0.7614675062941993,
         0.7627512982775484,
         0.761392053728996
      ],
      "props_kdn": [
         0.39,
         0.63,
         0.81,
         0.92
      ],
      "props_dynamic_kdn": [
         0.11,
         0.24,
         0.31,
         0.4,
         0.48,
         0.52,
         0.59,
         0.64,
         0.69,
         0.74,
         0.78,
         0.81,
         0.84,
         0.87,
         0.9,
         0.91,
         0.93,
         0.94,
         0.96
      ],
      "props_dynamic_kdn_full": [
         0.42,
         0.53,
         0.56,
         0.6,
         0.62,
         0.63,
         0.66,
         0.68,
         0.68,
         0.73,
         0.75,
         0.76,
         0.77,
         0.78,
         0.79,
         0.79,
         0.8,
         0.8,
         0.8
      ]
   },
   "RandomForestClassifier": {
      "cv_score": [
         0.829967754760788,
         0.005627953469940958
      ],
      "best_params": {
         "max_features": "log2",
         "n_estimators": 500,
         "random_state": 1234
      },
      "test_score": 0.7658285160180187,
      "test_score_kdn": [
         0.776569777727029,
         0.7770668763139605,
         0.7763080063621814,
         0.7711637837447638
      ],
      "test_score_dynamic_kdn": [
         0.7702188404981354,
         0.7770923385327253,
         0.7796999161051844,
         0.7803154682644201,
         0.7814489469302894,
         0.7790864470690961,
         0.7794339763649818,
         0.7798329185490103,
         0.7813907056009277,
         0.7812211628629715,
         0.7790223643628482,
         0.7768041492378297,
         0.7786626261812779,
         0.7781730804399742,
         0.7769422412166992,
         0.775806747632912,
         0.7698721007281188,
         0.7695971892310154,
         0.7662663883829632
      ],
      "test_score_dynamic_kdn_full": [
         0.780549517353891,
         0.776161611767449,
         0.7681370959338482,
         0.7658285160180187,
         0.7649500539620597,
         0.766702741410308,
         0.7674118676938672,
         0.7666552940726301,
         0.7642577670077607,
         0.761589854455466,
         0.7641086071739084,
         0.765746974527935,
         0.7669897059986494,
         0.7618088365670888,
         0.7612090417130968,
         0.7639366226455295,
         0.7646173983208655,
         0.7677691556976194,
         0.7611862785609109
      ],
      "props_kdn": [
         0.39,
         0.63,
         0.81,
         0.92
      ],
      "props_dynamic_kdn": [
         0.11,
         0.24,
         0.31,
         0.4,
         0.48,
         0.52,
         0.59,
         0.64,
         0.69,
         0.74,
         0.78,
         0.81,
         0.84,
         0.87,
         0.9,
         0.91,
         0.93,
         0.94,
         0.96
      ],
      "props_dynamic_kdn_full": [
         0.42,
         0.53,
         0.56,
         0.6,
         0.62,
         0.63,
         0.66,
         0.68,
         0.68,
         0.73,
         0.75,
         0.76,
         0.77,
         0.78,
         0.79,
         0.79,
         0.8,
         0.8,
         0.8
      ]
   },
   "GradientBoostingClassifier": {
      "cv_score": [
         0.8496618026750541,
         0.005334340405189031
      ],
      "best_params": {
         "learning_rate": 0.1,
         "max_depth": 3,
         "max_features": null,
         "n_estimators": 500,
         "random_state": 1234
      },
      "test_score": 0.7885143254129314,