{
   "appendicitis": {
      "info": {
         "complexity": {
            "global": [
               0.21190476190476196,
               0.22702380952380952,
               0.15107142857142858
            ],
            "class 0": [
               0.14626865671641792,
               0.16029850746268656,
               0.10402985074626867
            ],
            "class 1": [
               0.47058823529411764,
               0.4899999999999999,
               0.33647058823529413
            ]
         },
         "data": {
            "n": 84,
            "n0": 67,
            "n1": 17
         }
      }
   },
   "SVC": {
      "cv_score": [
         0.8816176470588235,
         0.03605191374156255
      ],
      "best_params": {
         "C": 1,
         "gamma": 1,
         "kernel": "rbf",
         "random_state": 1234
      },
      "test_score": 0.5,
      "test_score_kdn": [
         0.5,
         0.5,
         0.5,
         0.5
      ],
      "test_score_dynamic_kdn": [
         null,
         null,
         null,
         null,
         0.5,
         0.5,
         0.5,
         0.5,
         0.5,
         0.5,
         0.5,
         0.5,
         0.5,
         0.5,
         0.5,
         0.5,
         0.5,
         0.5,
         0.5,
         0.5,
         0.5
      ],
      "test_score_dynamic_kdn_full": [
         0.5,
         0.5,
         0.5,
         0.5,
         0.5,
         0.5,
         0.5,
         0.5,
         0.5,
         0.5,
         0.5,
         0.5,
         0.5,
         0.5,
         0.5,
         0.5,
         0.5,
         0.5,
         0.5
      ],
      "props_kdn": [
         0.45,
         0.71,
         0.71,
         0.88
      ],
      "props_dynamic_kdn": [
         0.29,
         0.48,
         0.69,
         0.76,
         0.79,
         0.83,
         0.83,
         0.83,
         0.85,
         0.86,
         0.87,
         0.88,
         0.89,
         0.9,
         0.94,
         0.95,
         0.96
      ],
      "props_dynamic_kdn_full": [
         0.07,
         0.26,
         0.45,
         0.76,
         0.83,
         0.83,
         0.86,
         0.88,
         0.89,
         0.93,
         0.94,
         0.96,
         0.96,
         0.98,
         0.98,
         1.0,
         1.0,
         1.0,
         1.0
      ]
   },
   "KNeighborsClassifier": {
      "cv_score": [
         0.8816176470588235,
         0.06378014247706308
      ],
      "best_params": {
         "n_jobs": -1,
         "n_neighbors": 5
      },
      "test_score": 0.6944444444444444,
      "test_score_kdn": [
         0.7314550249431379,
         0.7314550249431379,
         0.7314550249431379,
         0.749756216421785
      ],
      "test_score_dynamic_kdn": [
         null,
         null,
         0.5,
         0.5,
         0.7314550249431379,
         0.7314550249431379,
         0.7314550249431379,
         0.7314550249431379,
         0.7314550249431379,
         0.7314550249431379,
         0.7314550249431379,
         0.7314550249431379,
         0.7314550249431379,
         0.7314550249431379,
         0.7314550249431379,
         0.7314550249431379,
         0.7314550249431379,
         0.8354101966249685,
         0.749756216421785,
         0.6944444444444444
      ],
      "test_score_dynamic_kdn_full": [
         0.5,
         0.5,
         0.7314550249431379,
         0.7314550249431379,
         0.7314550249431379,
         0.7314550249431379,
         0.7314550249431379,
         0.7314550249431379,
         0.7314550249431379,
         0.8354101966249685,
         0.8354101966249685,
         0.8354101966249685,
         0.8354101966249685,
         0.749756216421785,
         0.749756216421785,
         0.6944444444444444,
         0.6944444444444444,
         0.6944444444444444,
         0.6944444444444444
      ],
      "props_kdn": [
         0.45,
         0.71,
         0.71,
         0.88
      ],
      "props_dynamic_kdn": [
         0.17,
         0.29,
         0.48,
         0.69,
         0.76,
         0.79,
         0.83,
         0.83,
         0.83,
         0.85,
         0.86,
         0.87,
         0.88,
         0.89,
         0.9,
         0.94,
         0.95,
         0.96
      ],
      "props_dynamic_kdn_full": [
         0.07,
         0.26,
         0.45,
         0.76,
         0.83,
         0.83,
         0.86,
         0.88,
         0.89,
         0.93,
         0.94,
         0.96,
         0.96,
         0.98,
         0.98,
         1.0,
         1.0,
         1.0,
         1.0
      ]
   },
   "RandomForestClassifier": {
      "cv_score": [
         0.8691176470588236,
         0.05740947439983276
      ],
      "best_params": {
         "max_features": null,
         "n_estimators": 100,
         "random_state": 1234
      },
      "test_score": 0.7940032457248254,
      "test_score_kdn": [
         0.7314550249431379,
         0.7314550249431379,
         0.7314550249431379,
         0.8472222222222222
      ],
      "test_score_dynamic_kdn": [
         null,
         null,
         null,
         null,
         0.8472222222222222,
         0.749756216421785,
         0.8354101966249685,
         0.7314550249431379,
         0.8472222222222222,
         0.7314550249431379,
         0.7314550249431379,
         0.7314550249431379,
         0.749756216421785,
         0.7314550249431379,
         0.7314550249431379,
         0.7314550249431379,
         0.8354101966249685,
         0.8354101966249685,
         0.9214636152117623,
         0.8472222222222222,
         0.9214636152117623
      ],
      "test_score_dynamic_kdn_full": [
         0.8472222222222222,
         0.8472222222222222,
         0.749756216421785,
         0.7314550249431379,
         0.7314550249431379,
         0.7314550249431379,
         0.7314550249431379,
         0.7314550249431379,
         0.7314550249431379,
         0.8472222222222222,
         0.9214636152117623,
         0.9214636152117623,
         0.8472222222222222,
         0.8472222222222222,
         0.8472222222222222,
         0.7940032457248254,
         0.7940032457248254,
         0.7940032457248254,
         0.7940032457248254
      ],
      "props_kdn": [
         0.45,
         0.71,
         0.71,
         0.88
      ],
      "props_dynamic_kdn": [
         0.29,
         0.48,
         0.69,
         0.76,
         0.79,
         0.83,
         0.83,
         0.83,
         0.85,
         0.86,
         0.87,
         0.88,
         0.89,
         0.9,
         0.94,
         0.95,
         0.96
      ],
      "props_dynamic_kdn_full": [
         0.07,
         0.26,
         0.45,
         0.76,
         0.83,
         0.83,
         0.86,
         0.88,
         0.89,
         0.93,
         0.94,
         0.96,
         0.96,
         0.98,
         0.98,
         1.0,
         1.0,
         1.0,
         1.0
      ]
   },
   "GradientBoostingClassifier": {
      "cv_score": [
         0.8933823529411764,
         0.06810903633476126
      ],
      "best_params": {
         "learning_rate": 0.2,
         "max_depth": 3,
         "max_features": "sqrt",
         "n_estimators": 300,
         "random_state": 1234
      },
      "test_score": 0.8472222222222222,
      "test_score_kdn": [
         0.7314550249431379,
         0.7314550249431379,
         0.7314550249431379,
         0.7525907427704612
      ],
      "test_score_dynamic_kdn": [
         null,
         null,
         null,
         null,
         0.8354101966249685,
         0.8354101966249685,
         0.7314550249431379,
         0.7314550249431379,
         0.9214636152117623,
         0.8354101966249685,
         0.8354101966249685,
         0.8354101966249685,
         0.8354101966249685,
         0.7314550249431379,
         0.8354101966249685,
         0.7314550249431379,
         0.8354101966249685,
         0.7314550249431379,
         0.9214636152117623,
         0.8472222222222222,
         0.7525907427704612
      ],