{
   "australian": {
      "info": {
         "complexity": {
            "global": [
               0.19637681159420292,
               0.20219202898550726,
               0.09994565217391305
            ],
            "class 0": [
               0.1673202614379085,
               0.17333333333333337,
               0.0835294117647059
            ],
            "class 1": [
               0.23252032520325205,
               0.23808943089430895,
               0.12036585365853658
            ]
         },
         "data": {
            "n": 552,
            "n0": 306,
            "n1": 246
         }
      }
   },
   "SVC": {
      "cv_score": [
         0.8677641277641278,
         0.022520086235591118
      ],
      "best_params": {
         "C": 1,
         "gamma": 0.01,
         "kernel": "rbf",
         "random_state": 1234
      },
      "test_score": 0.8288719124134938,
      "test_score_kdn": [
         0.8167329509302879,
         0.8020160663416078,
         0.8108593209776713,
         0.8288719124134938
      ],
      "test_score_dynamic_kdn": [
         0.7784931976021182,
         0.8447287534904484,
         0.8286219501770593,
         0.8288719124134938,
         0.8167329509302879,
         0.8198088939208763,
         0.8079625292740047,
         0.8079625292740047,
         0.8108593209776713,
         0.8108593209776713,
         0.8108593209776713,
         0.8108593209776713,
         0.8108593209776713,
         0.8108593209776713,
         0.8108593209776713,
         0.8256061708556084,
         0.8288719124134938,
         0.8288719124134938,
         0.8288719124134938
      ],
      "test_score_dynamic_kdn_full": [
         0.8452993549902561,
         0.8288719124134938,
         0.8256061708556084,
         0.8167329509302879,
         0.8167329509302879,
         0.8108593209776713,
         0.8288719124134938,
         0.8288719124134938,
         0.8288719124134938,
         0.8288719124134938,
         0.8288719124134938,
         0.8288719124134938,
         0.8288719124134938,
         0.8288719124134938,
         0.8288719124134938,
         0.8288719124134938,
         0.8288719124134938,
         0.8288719124134938,
         0.8288719124134938
      ],
      "props_kdn": [
         0.41,
         0.58,
         0.75,
         0.84
      ],
      "props_dynamic_kdn": [
         0.03,
         0.19,
         0.27,
         0.44,
         0.57,
         0.63,
         0.71,
         0.76,
         0.81,
         0.85,
         0.87,
         0.89,
         0.91,
         0.92,
         0.94,
         0.96,
         0.97,
         0.97,
         0.98
      ],
      "props_dynamic_kdn_full": [
         0.14,
         0.47,
         0.66,
         0.81,
         0.87,
         0.89,
         0.92,
         0.94,
         0.95,
         0.98,
         0.99,
         0.99,
         1.0,
         1.0,
         1.0,
         1.0,
         1.0,
         1.0,
         1.0
      ]
   },
   "KNeighborsClassifier": {
      "cv_score": [
         0.8550204750204751,
         0.023833030781244442
      ],
      "best_params": {
         "n_jobs": -1,
         "n_neighbors": 9
      },
      "test_score": 0.8413438746589987,
      "test_score_kdn": [
         0.8452993549902561,
         0.8674957734074293,
         0.8546963859451062,
         0.8413438746589987
      ],
      "test_score_dynamic_kdn": [
         0.8149309870143802,
         0.8602340171702332,
         0.8602340171702332,
         0.8607176847501201,
         0.8600795382993924,
         0.8675248306207605,
         0.8748597216085288,
         0.8527489235294923,
         0.8380020736515553,
         0.8237172663402171,
         0.8237172663402171,
         0.8384074941451991,
         0.8384074941451991,
         0.8384074941451991,
         0.8384074941451991,
         0.8308099709716339,
         0.847979225468702,
         0.847979225468702,
         0.8413438746589987
      ],
      "test_score_dynamic_kdn_full": [
         0.8685870871646335,
         0.8750912480039129,
         0.8527078786413083,
         0.8527489235294923,
         0.8602340171702332,
         0.8237172663402171,
         0.8308099709716339,
         0.8308099709716339,
         0.853097721950181,
         0.8391014761478377,
         0.8413438746589987,
         0.8413438746589987,
         0.8413438746589987,
         0.8413438746589987,
         0.8413438746589987,
         0.8413438746589987,
         0.8413438746589987,
         0.8413438746589987,
         0.8413438746589987
      ],
      "props_kdn": [
         0.41,
         0.58,
         0.75,
         0.84
      ],
      "props_dynamic_kdn": [
         0.03,
         0.19,
         0.27,
         0.44,
         0.57,
         0.63,
         0.71,
         0.76,
         0.81,
         0.85,
         0.87,
         0.89,
         0.91,
         0.92,
         0.94,
         0.96,
         0.97,
         0.97,
         0.98
      ],
      "props_dynamic_kdn_full": [
         0.14,
         0.47,
         0.66,
         0.81,
         0.87,
         0.89,
         0.92,
         0.94,
         0.95,
         0.98,
         0.99,
         0.99,
         1.0,
         1.0,
         1.0,
         1.0,
         1.0,
         1.0,
         1.0
      ]
   },
   "RandomForestClassifier": {
      "cv_score": [
         0.8786076986076987,
         0.022665728921515457
      ],
      "best_params": {
         "max_features": "sqrt",
         "n_estimators": 100,
         "random_state": 1234
      },
      "test_score": 0.8260920481344427,
      "test_score_kdn": [
         0.805600521234883,
         0.8400806495281385,
         0.8364778057333556,
         0.8384542466693761
      ],
      "test_score_dynamic_kdn": [
         0.8098082030909353,
         0.8238492791770766,
         0.8333742579764023,
         0.8333742579764023,
         0.8187692904841029,
         0.8384542466693761,
         0.8301314635298218,
         0.8187692904841029,
         0.8413438746589987,
         0.8301314635298218,
         0.8384074941451991,
         0.8347858997334393,
         0.8559411646196253,
         0.8510704949826338,
         0.8238492791770766,
         0.8364778057333556,
         0.8322432256523733,
         0.8283010245180412,
         0.8322432256523733
      ],
      "test_score_dynamic_kdn_full": [
         0.8187692904841029,
         0.8238492791770766,
         0.8364778057333556,
         0.8400806495281385,
         0.8201932104841612,
         0.8218851164840775,
         0.8347858997334393,
         0.8301314635298218,
         0.8510704949826338,
         0.8260920481344427,
         0.8384542466693761,
         0.8238492791770766,
         0.8267465846983721,
         0.8260920481344427,
         0.8301314635298218,
         0.8301314635298218,
         0.8346438041609177,
         0.8322432256523733,
         0.8384542466693761
      ],
      "props_kdn": [
         0.41,
         0.58,
         0.75,
         0.84
      ],
      "props_dynamic_kdn": [
         0.03,
         0.19,
         0.27,
         0.44,
         0.57,
         0.63,
         0.71,
         0.76,
         0.81,
         0.85,
         0.87,
         0.89,
         0.91,
         0.92,
         0.94,
         0.96,
         0.97,
         0.97,
         0.98
      ],
      "props_dynamic_kdn_full": [
         0.14,
         0.47,
         0.66,
         0.81,
         0.87,
         0.89,
         0.92,
         0.94,
         0.95,
         0.98,
         0.99,
         0.99,
         1.0,
         1.0,
         1.0,
         1.0,
         1.0,
         1.0,
         1.0
      ]
   },
   "GradientBoostingClassifier": {
      "cv_score": [
         0.8786732186732188,
         0.01735080634734481
      ],
      "best_params": {
         "learning_rate": 0.2,
         "max_depth": 7,
         "max_features": "sqrt",
         "n_estimators": 300,
         "random_state": 1234
      },
      "test_score": 0.8447287534904484,