{
   "backache": {
      "info": {
         "complexity": {
            "global": [
               0.21666666666666667,
               0.21458333333333332,
               0.014166666666666673
            ],
            "class 0": [
               0.12741935483870967,
               0.12064516129032256,
               0.007661290322580652
            ],
            "class 1": [
               0.77,
               0.7969999999999999,
               0.054500000000000014
            ]
         },
         "data": {
            "n": 144,
            "n0": 124,
            "n1": 20
         }
      }
   },
   "SVC": {
      "cv_score": [
         0.8610837438423644,
         0.0019704433497536923
      ],
      "best_params": {
         "C": 1,
         "gamma": 0.0001,
         "kernel": "rbf",
         "random_state": 1234
      },
      "test_score": 0.5,
      "test_score_kdn": [
         null,
         null,
         0.5,
         0.5,
         0.5
      ],
      "test_score_dynamic_kdn": [
         null,
         null,
         null,
         null,
         null,
         null,
         null,
         null,
         null,
         null,
         null,
         null,
         null,
         null,
         null,
         null,
         0.5,
         0.5,
         0.5,
         0.5,
         0.5,
         0.5,
         0.5,
         0.5,
         0.5,
         0.5,
         0.5
      ],
      "test_score_dynamic_kdn_full": [
         0.5,
         0.5,
         0.5,
         0.5,
         0.5,
         0.5,
         0.5,
         0.5,
         0.5,
         0.5,
         0.5,
         0.5,
         0.5,
         0.5,
         0.5,
         0.5,
         0.5,
         0.5,
         0.5
      ],
      "props_kdn": [
         0.74,
         0.83,
         0.96
      ],
      "props_dynamic_kdn": [
         0.81,
         0.82,
         0.85,
         0.85,
         0.87,
         0.9,
         0.91,
         0.92,
         0.94,
         0.96,
         0.97
      ],
      "props_dynamic_kdn_full": [
         0.72,
         0.85,
         0.86,
         0.86,
         0.86,
         0.86,
         0.88,
         0.88,
         0.88,
         0.88,
         0.88,
         0.88,
         0.88,
         0.88,
         0.88,
         0.88,
         0.88,
         0.88,
         0.88
      ]
   },
   "KNeighborsClassifier": {
      "cv_score": [
         0.8610837438423644,
         0.0019704433497536923
      ],
      "best_params": {
         "n_jobs": -1,
         "n_neighbors": 11
      },
      "test_score": 0.5,
      "test_score_kdn": [
         0.5,
         0.5,
         0.5,
         0.5
      ],
      "test_score_dynamic_kdn": [
         null,
         null,
         0.5,
         0.5,
         0.5,
         0.5,
         0.5,
         0.5,
         0.5,
         0.5,
         0.5,
         0.5,
         0.5,
         0.5,
         0.5,
         0.5,
         0.5,
         0.5,
         0.5,
         0.5
      ],
      "test_score_dynamic_kdn_full": [
         0.5,
         0.5,
         0.5,
         0.5,
         0.5,
         0.5,
         0.5,
         0.5,
         0.5,
         0.5,
         0.5,
         0.5,
         0.5,
         0.5,
         0.5,
         0.5,
         0.5,
         0.5,
         0.5
      ],
      "props_kdn": [
         0.51,
         0.74,
         0.83,
         0.96
      ],
      "props_dynamic_kdn": [
         0.26,
         0.46,
         0.61,
         0.68,
         0.71,
         0.78,
         0.79,
         0.81,
         0.82,
         0.85,
         0.85,
         0.87,
         0.9,
         0.91,
         0.92,
         0.94,
         0.96,
         0.97
      ],
      "props_dynamic_kdn_full": [
         0.72,
         0.85,
         0.86,
         0.86,
         0.86,
         0.86,
         0.88,
         0.88,
         0.88,
         0.88,
         0.88,
         0.88,
         0.88,
         0.88,
         0.88,
         0.88,
         0.88,
         0.88,
         0.88
      ]
   },
   "RandomForestClassifier": {
      "cv_score": [
         0.8610837438423644,
         0.0019704433497536923
      ],
      "best_params": {
         "max_features": "log2",
         "n_estimators": 100,
         "random_state": 1234
      },
      "test_score": 0.7104417123236605,
      "test_score_kdn": [
         null,
         null,
         0.5,
         0.5,
         0.5
      ],
      "test_score_dynamic_kdn": [
         null,
         null,
         null,
         null,
         null,
         null,
         null,
         null,
         null,
         null,
         null,
         null,
         null,
         null,
         null,
         null,
         0.5,
         0.5,
         0.5,
         0.5,
         0.5,
         0.5,
         0.5,
         0.5,
         0.5,
         0.5,
         0.5
      ],
      "test_score_dynamic_kdn_full": [
         0.5,
         0.7104417123236605,
         0.7104417123236605,
         0.5,
         0.5,
         0.5,
         0.5,
         0.7104417123236605,
         0.5,
         0.5,
         0.7104417123236605,
         0.5,
         0.5,
         0.5,
         0.5,
         0.5,
         0.5,
         0.7104417123236605,
         0.5
      ],
      "props_kdn": [
         0.74,
         0.83,
         0.96
      ],
      "props_dynamic_kdn": [
         0.81,
         0.82,
         0.85,
         0.85,
         0.87,
         0.9,
         0.91,
         0.92,
         0.94,
         0.96,
         0.97
      ],
      "props_dynamic_kdn_full": [
         0.72,
         0.85,
         0.86,
         0.86,
         0.86,
         0.86,
         0.88,
         0.88,
         0.88,
         0.88,
         0.88,
         0.88,
         0.88,
         0.88,
         0.88,
         0.88,
         0.88,
         0.88,
         0.88
      ]
   },
   "GradientBoostingClassifier": {
      "cv_score": [
         0.8475369458128078,
         0.03416816381056125
      ],
      "best_params": {
         "learning_rate": 0.3,
         "max_depth": 3,
         "max_features": "log2",
         "n_estimators": 100,
         "random_state": 1234
      },
      "test_score": 0.7104417123236605,
      "test_score_kdn": [
         null,
         null,
         0.5,
         0.5,
         0.4660577883348935
      ],
      "test_score_dynamic_kdn": [
         null,
         null,
         null,
         null,
         null,
         null,
         null,
         null,
         null,
         null,
         null,
         null,
         null,
         null,
         null,
         null,
         0.5,
         0.5,
         0.5,
         0.5,
         0.5,
         0.5,
         0.5,
         0.5,
         0.5,
         0.5,
         0.5
      ],
      "test_score_dynamic_kdn_full": [
         0.5,
         0.5,
         0.7104417123236605,
         0.7104417123236605,
         0.7104417123236605,
         0.6266260462848104,
         0.5847629089468844,
         0.5,
         0.5847629089468844,
         0.7104417123236605,
         0.8019544180637788,
         0.6845875961302961,
         0.5847629089468844,
         0.5,
         0.6266260462848104,
         0.7104417123236605,
         0.7104417123236605,
         0.4660577883348935,
         0.7104417123236605
      ],
      "props_kdn": [
         0.74,
         0.83,
         0.96
      ],
      "props_dynamic_kdn": [
         0.81,
         0.82,
         0.85,
         0.85,
         0.87,
         0.9,
         0.91,
         0.92,
         0.94,
         0.96,
         0.97
      ],
      "props_dynamic_kdn_full": [
         0.72,
         0.85,
         0.86,
         0.86,
         0.86,
         0.86,
         0.88,
         0.88,
         0.88,
         0.88,
         0.88,
         0.88,
         0.88,
         0.88,
         0.88,
         0.88,
         0.88,
         0.88,
         0.88
      ]
   }
}