{
   "banknote": {
      "info": {
         "complexity": {
            "global": [
               0.0021877848678213308,
               0.004038286235186874,
               0.0036918869644484965
            ],
            "class 0": [
               0.003940886699507389,
               0.006847290640394088,
               0.0062233169129720855
            ],
            "class 1": [
               0.0,
               0.0005327868852459019,
               0.0005327868852459019
            ]
         },
         "data": {
            "n": 1097,
            "n0": 609,
            "n1": 488
         }
      }
   },
   "SVC": {
      "cv_score": [
         1.0,
         0.0
      ],
      "best_params": {
         "C": 10,
         "gamma": 0.1,
         "kernel": "rbf",
         "random_state": 1234
      },
      "test_score": 1.0,
      "test_score_kdn": [
         0.9890968066492664,
         0.6247259541318019,
         0.378493131215482,
         null,
         null
      ],
      "test_score_dynamic_kdn": [
         0.6652344818485998,
         0.9637996693686943,
         0.9393552368127356,
         0.8649758058092722,
         0.9890968066492664,
         0.9963333327444995,
         0.9890968066492664,
         0.9963333327444995,
         0.964142154144338,
         0.9634413295549689,
         0.9708518636651919,
         0.9890429312961119,
         0.9232693098549734,
         0.9537274029546607,
         0.9744349396240973,
         0.9462455395612127,
         0.97803629710228,
         0.9963333327444995,
         0.8554850281223343
      ],
      "test_score_dynamic_kdn_full": [
         0.6652344818485998,
         0.9226201626595911,
         0.9223686930355963,
         0.9571831071273554,
         0.9926750602228883,
         0.9676463175565759,
         0.9100576376964238,
         0.9963333327444995,
         0.963738782032063,
         0.9890968066492664,
         0.9963333327444995,
         0.9266009980437679,
         0.9502870391106626,
         0.9963333327444995,
         0.9744349396240973,
         0.929944936632543,
         0.9266009980437679,
         0.9462455395612127,
         0.8777062123210542
      ],
      "props_kdn": [
         0.1,
         0.0,
         0.0
      ],
      "props_dynamic_kdn": [
         0.01,
         0.02,
         0.02,
         0.02,
         0.02,
         0.03,
         0.03,
         0.03,
         0.03,
         0.03,
         0.03,
         0.03,
         0.03,
         0.03,
         0.03,
         0.03,
         0.04,
         0.04,
         0.04
      ],
      "props_dynamic_kdn_full": [
         0.01,
         0.02,
         0.02,
         0.02,
         0.02,
         0.03,
         0.03,
         0.03,
         0.03,
         0.03,
         0.03,
         0.03,
         0.03,
         0.03,
         0.04,
         0.04,
         0.04,
         0.04,
         0.04
      ]
   },
   "KNeighborsClassifier": {
      "cv_score": [
         0.9981776670817768,
         0.002231902546335626
      ],
      "best_params": {
         "n_jobs": -1,
         "n_neighbors": 1
      },
      "test_score": 1.0,
      "test_score_kdn": [
         0.9819846435775076,
         0.6247259541318019,
         0.378493131215482,
         0.5
      ],
      "test_score_dynamic_kdn": [
         0.7142058447420141,
         0.9153686901888421,
         0.8769112314539165,
         0.7535975457129211,
         0.9006478460878136,
         0.8793041979839571,
         0.8226188841044123,
         0.8830936178362334,
         0.8903359687860768,
         0.8638575148016817,
         0.8636846418261026,
         0.8903359687860768,
         0.8495059904127158,
         0.8983345906950855,
         0.8636194367624189,
         0.8529079200089065,
         0.8722585831924736,
         0.9485696758237276,
         0.7856754276810467
      ],
      "test_score_dynamic_kdn_full": [
         0.7142058447420141,
         0.8968806539066272,
         0.8832958739953121,
         0.8996399622447564,
         0.9262774877248185,
         0.8652501514705322,
         0.7615467812876833,
         0.9338598426670945,
         0.9337029893924783,
         0.9225640355440452,
         0.8300517155709535,
         0.9181789787500243,
         0.8996399622447564,
         0.9449979142464637,
         0.9084399863229007,
         0.8737434317654437,
         0.8572216641193464,
         0.8247468141409319,
         0.8631508462428956
      ],
      "props_kdn": [
         0.1,
         0.0,
         0.0,
         0.0
      ],
      "props_dynamic_kdn": [
         0.01,
         0.02,
         0.02,
         0.02,
         0.02,
         0.03,
         0.03,
         0.03,
         0.03,
         0.03,
         0.03,
         0.03,
         0.03,
         0.03,
         0.03,
         0.03,
         0.04,
         0.04,
         0.04
      ],
      "props_dynamic_kdn_full": [
         0.01,
         0.02,
         0.02,
         0.02,
         0.02,
         0.03,
         0.03,
         0.03,
         0.03,
         0.03,
         0.03,
         0.03,
         0.03,
         0.03,
         0.04,
         0.04,
         0.04,
         0.04,
         0.04
      ]
   },
   "RandomForestClassifier": {
      "cv_score": [
         0.9954420921544209,
         0.002874815854921248
      ],
      "best_params": {
         "max_features": "sqrt",
         "n_estimators": 100,
         "random_state": 1234
      },
      "test_score": 0.9963333327444995,
      "test_score_kdn": [
         0.9360303978005124,
         0.5440215854630533,
         0.33555297680083807,
         null,
         null
      ],
      "test_score_dynamic_kdn": [
         0.7984730328529253,
         0.8896562225443772,
         0.7837257816745067,
         0.8671043861220689,
         0.9417889280416596,
         0.8971048157043732,
         0.7678199717903014,
         0.8859270019867849,
         0.8675393606317956,
         0.8683004145374471,
         0.8046381818131214,
         0.8989371118130085,
         0.8624070561503366,
         0.8198825852309674,
         0.8047600631511125,
         0.8036169597244787,
         0.851330300072847,
         0.926595377517932,
         0.6922657912470018
      ],
      "test_score_dynamic_kdn_full": [
         0.7984730328529253,
         0.824349921599332,
         0.8427180167068076,
         0.8489023960971033,
         0.9278053877389429,
         0.8746047843524793,
         0.8634032747001553,
         0.8835742903759405,
         0.8879339345903146,
         0.8824799850477223,
         0.82387752627529,
         0.8314537698722366,
         0.790872248780152,
         0.8536563637569128,
         0.852204779470884,
         0.7355704041947448,
         0.831493364090827,
         0.7160470300939059,
         0.826998114744601
      ],
      "props_kdn": [
         0.1,
         0.0,
         0.0
      ],
      "props_dynamic_kdn": [
         0.01,
         0.02,
         0.02,
         0.02,
         0.02,
         0.03,
         0.03,
         0.03,
         0.03,
         0.03,
         0.03,
         0.03,
         0.03,
         0.03,
         0.03,
         0.03,
         0.04,
         0.04,
         0.04
      ],
      "props_dynamic_kdn_full": [
         0.01,
         0.02,
         0.02,
         0.02,
         0.02,
         0.03,
         0.03,
         0.03,
         0.03,
         0.03,
         0.03,
         0.03,
         0.03,
         0.03,
         0.04,
         0.04,
         0.04,
         0.04,
         0.04
      ]
   },
   "GradientBoostingClassifier": {
      "cv_score": [
         0.9981776670817768,
         0.002231902546335626
      ],
      "best_params": {
         "learning_rate": 0.1,
         "max_depth": 3,
         "max_features": "sqrt",
         "n_estimators": 500,
         "random_state": 1234
      },
      "test_score": 0.9963333327444995,