{
   "breastcancer": {
      "info": {
         "complexity": {
            "global": [
               0.054505494505494516,
               0.06883516483516484,
               0.033692307692307695
            ],
            "class 0": [
               0.03298245614035088,
               0.04115789473684211,
               0.01891228070175439
            ],
            "class 1": [
               0.09058823529411765,
               0.11523529411764706,
               0.05847058823529413
            ]
         },
         "data": {
            "n": 455,
            "n0": 285,
            "n1": 170
         }
      }
   },
   "SVC": {
      "cv_score": [
         0.9758241758241759,
         0.023466106048420466
      ],
      "best_params": {
         "C": 100,
         "gamma": 0.01,
         "kernel": "rbf",
         "random_state": 1234
      },
      "test_score": 0.9527233095226311,
      "test_score_kdn": [
         0.9149637600983033,
         0.9538027327183415,
         0.9813109511118895,
         0.9720774754816659
      ],
      "test_score_dynamic_kdn": [
         0.9251888441403261,
         0.9538027327183415,
         0.9447495899966607,
         0.9436221311410142,
         0.9538027327183415,
         0.9629100498862757,
         0.9629100498862757,
         0.9538027327183415,
         0.9629100498862757,
         0.9720774754816659,
         0.9629100498862757,
         0.9813109511118895,
         0.9906164499672565,
         0.9813109511118895,
         0.9720774754816659,
         0.9720774754816659,
         0.9720774754816659,
         0.9720774754816659,
         0.9720774754816659
      ],
      "test_score_dynamic_kdn_full": [
         0.9813109511118895,
         0.9529119369471538,
         0.9629100498862757,
         0.9720774754816659,
         0.9720774754816659,
         0.9811507936507937,
         0.9720774754816659,
         0.9720774754816659,
         0.9720774754816659,
         0.9720774754816659,
         0.9720774754816659,
         0.9629100498862757,
         0.9720774754816659,
         0.9720774754816659,
         0.9434523809523809,
         0.9527233095226311,
         0.9527233095226311,
         0.9527233095226311,
         0.9527233095226311
      ],
      "props_kdn": [
         0.18,
         0.23,
         0.26,
         0.29
      ],
      "props_dynamic_kdn": [
         0.16,
         0.33,
         0.42,
         0.48,
         0.51,
         0.55,
         0.58,
         0.61,
         0.62,
         0.63,
         0.64,
         0.65,
         0.65,
         0.67,
         0.67,
         0.68,
         0.69,
         0.69,
         0.7
      ],
      "props_dynamic_kdn_full": [
         0.28,
         0.5,
         0.54,
         0.57,
         0.58,
         0.59,
         0.62,
         0.63,
         0.63,
         0.63,
         0.64,
         0.65,
         0.65,
         0.65,
         0.66,
         0.66,
         0.66,
         0.66,
         0.66
      ]
   },
   "KNeighborsClassifier": {
      "cv_score": [
         0.9692307692307693,
         0.021308482889742113
      ],
      "best_params": {
         "n_jobs": -1,
         "n_neighbors": 3
      },
      "test_score": 0.9343832464083224,
      "test_score_kdn": [
         0.9343832464083224,
         0.9251888441403261,
         0.9447495899966607,
         0.9436221311410142
      ],
      "test_score_dynamic_kdn": [
         0.9178554470186725,
         0.9160324114346872,
         0.9343832464083224,
         0.9436221311410142,
         0.9343832464083224,
         0.9436221311410142,
         0.9447495899966607,
         0.9538027327183415,
         0.9343832464083224,
         0.9436221311410142,
         0.9343832464083224,
         0.9343832464083224,
         0.9436221311410142,
         0.9436221311410142,
         0.9343832464083224,
         0.9436221311410142,
         0.9436221311410142,
         0.9436221311410142,
         0.9436221311410142
      ],
      "test_score_dynamic_kdn_full": [
         0.9529119369471538,
         0.9343832464083224,
         0.9343832464083224,
         0.9447495899966607,
         0.9357446703305952,
         0.9343832464083224,
         0.9343832464083224,
         0.9436221311410142,
         0.9529119369471538,
         0.9436221311410142,
         0.9343832464083224,
         0.9343832464083224,
         0.9529119369471538,
         0.9343832464083224,
         0.9436221311410142,
         0.9343832464083224,
         0.9436221311410142,
         0.9343832464083224,
         0.9529119369471538
      ],
      "props_kdn": [
         0.18,
         0.23,
         0.26,
         0.29
      ],
      "props_dynamic_kdn": [
         0.16,
         0.33,
         0.42,
         0.48,
         0.51,
         0.55,
         0.58,
         0.61,
         0.62,
         0.63,
         0.64,
         0.65,
         0.65,
         0.67,
         0.67,
         0.68,
         0.69,
         0.69,
         0.7
      ],
      "props_dynamic_kdn_full": [
         0.28,
         0.5,
         0.54,
         0.57,
         0.58,
         0.59,
         0.62,
         0.63,
         0.63,
         0.63,
         0.64,
         0.65,
         0.65,
         0.65,
         0.66,
         0.66,
         0.66,
         0.66,
         0.66
      ]
   },
   "RandomForestClassifier": {
      "cv_score": [
         0.9582417582417584,
         0.038945154168504054
      ],
      "best_params": {
         "max_features": "sqrt",
         "n_estimators": 100,
         "random_state": 1234
      },
      "test_score": 0.9538027327183415,
      "test_score_kdn": [
         0.9538027327183415,
         0.9538027327183415,
         0.9622590592970439,
         0.9622590592970439
      ],
      "test_score_dynamic_kdn": [
         0.8823852604310971,
         0.9357446703305952,
         0.9357446703305952,
         0.9447495899966607,
         0.9447495899966607,
         0.9447495899966607,
         0.9447495899966607,
         0.9447495899966607,
         0.9538027327183415,
         0.9538027327183415,
         0.9538027327183415,
         0.9538027327183415,
         0.9436221311410142,
         0.9538027327183415,
         0.9538027327183415,
         0.9538027327183415,
         0.9622590592970439,
         0.9629100498862757,
         0.9629100498862757
      ],
      "test_score_dynamic_kdn_full": [
         0.9357446703305952,
         0.9447495899966607,
         0.9447495899966607,
         0.9357446703305952,
         0.9538027327183415,
         0.9538027327183415,
         0.9538027327183415,
         0.9538027327183415,
         0.9436221311410142,
         0.9538027327183415,
         0.9720774754816659,
         0.9538027327183415,
         0.9720774754816659,
         0.9622590592970439,
         0.9720774754816659,
         0.9622590592970439,
         0.9720774754816659,
         0.9720774754816659,
         0.9720774754816659
      ],
      "props_kdn": [
         0.18,
         0.23,
         0.26,
         0.29
      ],
      "props_dynamic_kdn": [
         0.16,
         0.33,
         0.42,
         0.48,
         0.51,
         0.55,
         0.58,
         0.61,
         0.62,
         0.63,
         0.64,
         0.65,
         0.65,
         0.67,
         0.67,
         0.68,
         0.69,
         0.69,
         0.7
      ],
      "props_dynamic_kdn_full": [
         0.28,
         0.5,
         0.54,
         0.57,
         0.58,
         0.59,
         0.62,
         0.63,
         0.63,
         0.63,
         0.64,
         0.65,
         0.65,
         0.65,
         0.66,
         0.66,
         0.66,
         0.66,
         0.66
      ]
   },
   "GradientBoostingClassifier": {
      "cv_score": [
         0.9714285714285715,
         0.03516483516483515
      ],
      "best_params": {
         "learning_rate": 0.3,
         "max_depth": 7,
         "max_features": "sqrt",
         "n_estimators": 100,
         "random_state": 1234
      },