{
   "bupa": {
      "info": {
         "complexity": {
            "global": [
               0.45434782608695656,
               0.46090579710144924,
               0.35206521739130436
            ],
            "class 0": [
               0.4666666666666667,
               0.45422222222222225,
               0.338962962962963
            ],
            "class 1": [
               0.4425531914893616,
               0.4673049645390071,
               0.36460992907801415
            ]
         },
         "data": {
            "n": 276,
            "n0": 135,
            "n1": 141
         }
      }
   },
   "SVC": {
      "cv_score": [
         0.6194155844155844,
         0.08960860152554444
      ],
      "best_params": {
         "C": 10,
         "gamma": 0.1,
         "kernel": "rbf",
         "random_state": 1234
      },
      "test_score": 0.6164363472854919,
      "test_score_kdn": [
         0.5541858181151055,
         0.5883471055512213,
         0.614006961314182,
         0.5699230178027249
      ],
      "test_score_dynamic_kdn": [
         null,
         null,
         0.663306855918965,
         null,
         null,
         0.5883471055512213,
         0.6607364826032878,
         0.6302316206575751,
         0.6054576859665134,
         0.6024900077113484,
         0.5883471055512213,
         0.571743005397944,
         0.6194488927095595,
         0.6302316206575751,
         0.6439175329137202,
         0.6164363472854919,
         0.5825625102007618,
         0.5699230178027249,
         0.5699230178027249,
         0.5699230178027249,
         0.5699230178027249
      ],
      "test_score_dynamic_kdn_full": [
         null,
         null,
         0.6024900077113484,
         0.526143531234545,
         0.7101944371213827,
         0.6090994863474333,
         0.6054576859665134,
         0.6024900077113484,
         0.571743005397944,
         0.6194488927095595,
         0.5739573382102822,
         0.6054576859665134,
         0.5739573382102822,
         0.6024900077113484,
         0.6164363472854919,
         0.6164363472854919,
         0.6164363472854919,
         0.6164363472854919,
         0.6164363472854919,
         0.6164363472854919
      ],
      "props_kdn": [
         0.27,
         0.58,
         0.83,
         0.97
      ],
      "props_dynamic_kdn": [
         0.01,
         0.12,
         0.17,
         0.22,
         0.3,
         0.41,
         0.48,
         0.58,
         0.67,
         0.75,
         0.83,
         0.88,
         0.9,
         0.94,
         0.95,
         0.96,
         0.96
      ],
      "props_dynamic_kdn_full": [
         0.07,
         0.14,
         0.21,
         0.29,
         0.34,
         0.49,
         0.58,
         0.68,
         0.79,
         0.88,
         0.95,
         0.97,
         0.98,
         0.99,
         1.0,
         1.0,
         1.0,
         1.0
      ]
   },
   "KNeighborsClassifier": {
      "cv_score": [
         0.6195454545454546,
         0.10224343014719561
      ],
      "best_params": {
         "n_jobs": -1,
         "n_neighbors": 11
      },
      "test_score": 0.5954404146634842,
      "test_score_kdn": [
         0.614006961314182,
         0.5541858181151055,
         0.5954404146634842,
         0.5954404146634842
      ],
      "test_score_dynamic_kdn": [
         null,
         null,
         null,
         null,
         null,
         null,
         0.6676500720928062,
         0.6639840123381575,
         0.7336492477123349,
         0.6551058909928393,
         0.6369580337227447,
         0.6415471784076612,
         0.6231587074749112,
         0.5699230178027249,
         0.5672395217777593,
         0.5813588537889475,
         0.6259677116849162,
         0.6105971918693505,
         0.5840963897146437,
         0.5981352071084397,
         0.5672395217777593,
         0.5672395217777593
      ],
      "test_score_dynamic_kdn_full": [
         null,
         null,
         0.6617110915800415,
         0.6537181899889746,
         0.7037386761127966,
         0.6639840123381575,
         0.6505506798678976,
         0.6415471784076612,
         0.6415471784076612,
         0.6231587074749112,
         0.571743005397944,
         0.5981352071084397,
         0.5813588537889475,
         0.5825625102007618,
         0.5825625102007618,
         0.5813588537889475,
         0.5954404146634842,
         0.5954404146634842,
         0.5954404146634842,
         0.5954404146634842
      ],
      "props_kdn": [
         0.27,
         0.58,
         0.83,
         0.97
      ],
      "props_dynamic_kdn": [
         0.12,
         0.17,
         0.22,
         0.3,
         0.41,
         0.48,
         0.58,
         0.67,
         0.75,
         0.83,
         0.88,
         0.9,
         0.94,
         0.95,
         0.96,
         0.96
      ],
      "props_dynamic_kdn_full": [
         0.07,
         0.14,
         0.21,
         0.29,
         0.34,
         0.49,
         0.58,
         0.68,
         0.79,
         0.88,
         0.95,
         0.97,
         0.98,
         0.99,
         1.0,
         1.0,
         1.0,
         1.0
      ]
   },
   "RandomForestClassifier": {
      "cv_score": [
         0.5979870129870128,
         0.07293580955700851
      ],
      "best_params": {
         "max_features": "sqrt",
         "n_estimators": 100,
         "random_state": 1234
      },
      "test_score": 0.5941176470588235,
      "test_score_kdn": [
         0.5981352071084397,
         0.5966036167313378,
         0.4771178223718585,
         0.520852763082976
      ],
      "test_score_dynamic_kdn": [
         null,
         null,
         0.47486033410881423,
         null,
         null,
         0.5648696258851562,
         0.5981352071084397,
         0.566301527000739,
         0.5825625102007618,
         0.5825625102007618,
         0.6024900077113484,
         0.571743005397944,
         0.5371626393379938,
         0.5504625914386928,
         0.5355944985326645,
         0.5502540236502417,
         0.5211151359874965,
         0.5063561604522615,
         0.5502540236502417,
         0.5502168580365544,
         0.5648696258851562
      ],
      "test_score_dynamic_kdn_full": [
         null,
         null,
         0.6750193326844449,
         0.5684363944308856,
         0.5672395217777593,
         0.5684363944308856,
         0.5672395217777593,
         0.6000773192301501,
         0.6302316206575751,
         0.5672395217777593,
         0.5228821776281415,
         0.5355944985326645,
         0.5650233240959368,
         0.5211151359874965,
         0.5648696258851562,
         0.49148866812939757,
         0.5651260504201681,
         0.5211151359874965,
         0.535506157236597,
         0.5358046636379109
      ],
      "props_kdn": [
         0.27,
         0.58,
         0.83,
         0.97
      ],
      "props_dynamic_kdn": [
         0.01,
         0.12,
         0.17,
         0.22,
         0.3,
         0.41,
         0.48,
         0.58,
         0.67,
         0.75,
         0.83,
         0.88,
         0.9,
         0.94,
         0.95,
         0.96,
         0.96
      ],
      "props_dynamic_kdn_full": [
         0.07,
         0.14,
         0.21,
         0.29,
         0.34,
         0.49,
         0.58,
         0.68,
         0.79,
         0.88,
         0.95,
         0.97,
         0.98,
         0.99,
         1.0,
         1.0,
         1.0,
         1.0
      ]
   },
   "GradientBoostingClassifier": {
      "cv_score": [
         0.5725324675324674,
         0.07367986987520488
      ],
      "best_params": {
         "learning_rate": 0.3,
         "max_depth": 7,
         "max_features": null,
         "n_estimators": 100,
         "random_state": 1234
      },
      "test_score": 0.4612624182466685,
      "test_score_kdn": [
         0.5530453433414221,
         0.5954404146634842,
         0.4764718235179176,
         0.5059889903772573
      ],