{
   "cleve": {
      "info": {
         "complexity": {
            "global": [
               0.25785123966942153,
               0.26892561983471075,
               0.10177685950413223
            ],
            "class 0": [
               0.23333333333333336,
               0.23439393939393938,
               0.08984848484848484
            ],
            "class 1": [
               0.2872727272727273,
               0.31036363636363645,
               0.1160909090909091
            ]
         },
         "data": {
            "n": 242,
            "n0": 132,
            "n1": 110
         }
      }
   },
   "SVC": {
      "cv_score": [
         0.80578231292517,
         0.021138094373333263
      ],
      "best_params": {
         "C": 1,
         "gamma": 0.01,
         "kernel": "rbf",
         "random_state": 1234
      },
      "test_score": 0.802487960915747,
      "test_score_kdn": [
         0.7850177986957672,
         0.7851124011492332,
         0.802487960915747,
         0.7851124011492332
      ],
      "test_score_dynamic_kdn": [
         0.5,
         0.748882181096478,
         0.7429994889623452,
         0.7706683110838264,
         0.7851124011492332,
         0.7682739015569732,
         0.7682739015569732,
         0.7682739015569732,
         0.7851124011492332,
         0.7682739015569732,
         0.7851124011492332,
         0.7851124011492332,
         0.7688168557773154,
         0.802487960915747,
         0.802487960915747,
         0.7851124011492332,
         0.7851124011492332,
         0.802487960915747,
         0.802487960915747
      ],
      "test_score_dynamic_kdn_full": [
         0.7548242277209947,
         0.8049230143537711,
         0.7851124011492332,
         0.7851124011492332,
         0.802487960915747,
         0.802487960915747,
         0.7851124011492332,
         0.802487960915747,
         0.802487960915747,
         0.802487960915747,
         0.802487960915747,
         0.802487960915747,
         0.802487960915747,
         0.802487960915747,
         0.802487960915747,
         0.802487960915747,
         0.802487960915747,
         0.802487960915747,
         0.802487960915747
      ],
      "props_kdn": [
         0.53,
         0.8,
         0.9,
         0.96
      ],
      "props_dynamic_kdn": [
         0.02,
         0.17,
         0.3,
         0.48,
         0.55,
         0.61,
         0.69,
         0.72,
         0.77,
         0.83,
         0.85,
         0.88,
         0.9,
         0.92,
         0.93,
         0.94,
         0.95,
         0.98,
         0.98
      ],
      "props_dynamic_kdn_full": [
         0.3,
         0.63,
         0.72,
         0.84,
         0.9,
         0.92,
         0.96,
         0.98,
         0.99,
         1.0,
         1.0,
         1.0,
         1.0,
         1.0,
         1.0,
         1.0,
         1.0,
         1.0,
         1.0
      ]
   },
   "KNeighborsClassifier": {
      "cv_score": [
         0.8098639455782314,
         0.04774445949012573
      ],
      "best_params": {
         "n_jobs": -1,
         "n_neighbors": 3
      },
      "test_score": 0.8349567099567099,
      "test_score_kdn": [
         0.8185582789763548,
         0.8204798921751519,
         0.8361590660541787,
         0.8512505062022122
      ],
      "test_score_dynamic_kdn": [
         0.7448438613557924,
         0.7739967879092848,
         0.7548242277209947,
         0.802487960915747,
         0.7865401813718806,
         0.7865401813718806,
         0.8204798921751519,
         0.8361590660541787,
         0.8204798921751519,
         0.8204798921751519,
         0.8204798921751519,
         0.8361590660541787,
         0.8185582789763548,
         0.8347971047885803,
         0.8347971047885803,
         0.8349567099567099,
         0.8349567099567099,
         0.8512505062022122,
         0.8349567099567099
      ],
      "test_score_dynamic_kdn_full": [
         0.8181341524489897,
         0.8204798921751519,
         0.8204798921751519,
         0.8204798921751519,
         0.8520041568034764,
         0.8520041568034764,
         0.8512505062022122,
         0.8512505062022122,
         0.8349567099567099,
         0.8349567099567099,
         0.8349567099567099,
         0.8349567099567099,
         0.8349567099567099,
         0.8349567099567099,
         0.8349567099567099,
         0.8349567099567099,
         0.8349567099567099,
         0.8349567099567099,
         0.8349567099567099
      ],
      "props_kdn": [
         0.53,
         0.8,
         0.9,
         0.96
      ],
      "props_dynamic_kdn": [
         0.02,
         0.17,
         0.3,
         0.48,
         0.55,
         0.61,
         0.69,
         0.72,
         0.77,
         0.83,
         0.85,
         0.88,
         0.9,
         0.92,
         0.93,
         0.94,
         0.95,
         0.98,
         0.98
      ],
      "props_dynamic_kdn_full": [
         0.3,
         0.63,
         0.72,
         0.84,
         0.9,
         0.92,
         0.96,
         0.98,
         0.99,
         1.0,
         1.0,
         1.0,
         1.0,
         1.0,
         1.0,
         1.0,
         1.0,
         1.0,
         1.0
      ]
   },
   "RandomForestClassifier": {
      "cv_score": [
         0.7975340136054421,
         0.007720788750215092
      ],
      "best_params": {
         "max_features": "sqrt",
         "n_estimators": 300,
         "random_state": 1234
      },
      "test_score": 0.8204798921751519,
      "test_score_kdn": [
         0.7851124011492332,
         0.7865401813718806,
         0.8361590660541787,
         0.8204798921751519
      ],
      "test_score_dynamic_kdn": [
         0.8725710633801946,
         0.7739967879092848,
         0.7739967879092848,
         0.7894440003066976,
         0.7940518737648593,
         0.7585327365378169,
         0.7790651065455643,
         0.8049230143537711,
         0.802487960915747,
         0.7706683110838264,
         0.7894440003066976,
         0.8049230143537711,
         0.8391777176237161,
         0.8791150524530986,
         0.8049230143537711,
         0.8361590660541787,
         0.8361590660541787,
         0.8734324208936608,
         0.8049230143537711
      ],
      "test_score_dynamic_kdn_full": [
         0.7389573663946802,
         0.7739967879092848,
         0.7739967879092848,
         0.7585327365378169,
         0.7739967879092848,
         0.7894440003066976,
         0.8049230143537711,
         0.8544196029784232,
         0.8391777176237161,
         0.8698301711926104,
         0.8204798921751519,
         0.8544196029784232,
         0.8049230143537711,
         0.8586835454781038,
         0.8520041568034764,
         0.8734324208936608,
         0.8586835454781038,
         0.8391777176237161,
         0.8544196029784232
      ],
      "props_kdn": [
         0.53,
         0.8,
         0.9,
         0.96
      ],
      "props_dynamic_kdn": [
         0.02,
         0.17,
         0.3,
         0.48,
         0.55,
         0.61,
         0.69,
         0.72,
         0.77,
         0.83,
         0.85,
         0.88,
         0.9,
         0.92,
         0.93,
         0.94,
         0.95,
         0.98,
         0.98
      ],
      "props_dynamic_kdn_full": [
         0.3,
         0.63,
         0.72,
         0.84,
         0.9,
         0.92,
         0.96,
         0.98,
         0.99,
         1.0,
         1.0,
         1.0,
         1.0,
         1.0,
         1.0,
         1.0,
         1.0,
         1.0,
         1.0
      ]
   },
   "GradientBoostingClassifier": {
      "cv_score": [
         0.8017006802721088,
         0.020502898034259236
      ],
      "best_params": {
         "learning_rate": 0.1,
         "max_depth": 5,
         "max_features": "sqrt",
         "n_estimators": 500,
         "random_state": 1234
      },
      "test_score": 0.8520041568034764,