{
   "cod-rna": {
      "info": {
         "complexity": {
            "global": [
               0.09754346182917611,
               0.1056034265558075,
               0.08795897371294198
            ],
            "class 0": [
               0.06681783824640967,
               0.06923721340388007,
               0.05708522297808012
            ],
            "class 1": [
               0.158994708994709,
               0.17833585285966239,
               0.14970647518266564
            ]
         },
         "data": {
            "n": 47628,
            "n0": 31752,
            "n1": 15876
         }
      }
   },
   "SVC": {
      "cv_score": [
         0.9561602532204994,
         0.0025075260399128533
      ],
      "best_params": {
         "C": 1000,
         "gamma": 0.1,
         "kernel": "rbf",
         "random_state": 1234
      },
      "test_score": 0.955231926990275,
      "test_score_kdn": [
         0.9429875966748755,
         0.9501416675094039,
         0.9504867976336845,
         0.9524874768024633
      ],
      "test_score_dynamic_kdn": [
         0.9260511720112272,
         0.9343808461462851,
         0.9365770621899758,
         0.9391303502388526,
         0.9416786533600907,
         0.9422533636739678,
         0.9449102219580204,
         0.9458688951349594,
         0.9471217969203778,
         0.9492427692659371,
         0.9503802557105527,
         0.9519553577687025,
         0.9530252356847049,
         0.9525086816879683,
         0.9515242583886969,
         0.952678677998088,
         0.9537251648863359,
         0.9541852743577313,
         0.9544714291842602
      ],
      "test_score_dynamic_kdn_full": [
         0.9297166073478011,
         0.9301769002090242,
         0.9370030773075684,
         0.9461539956077332,
         0.945106599668744,
         0.9449257230256625,
         0.9484963449922987,
         0.9495956318390153,
         0.9496266914232512,
         0.9509377328055627,
         0.9523677445966644,
         0.9526624568832138,
         0.9548336997742213,
         0.9546821506522088,
         0.9543922530334017,
         0.9549254837631673,
         0.9548676080961587,
         0.9552421902603884,
         0.9547381174189485
      ],
      "props_kdn": [
         0.21,
         0.35,
         0.43,
         0.47
      ],
      "props_dynamic_kdn": [
         0.06,
         0.16,
         0.23,
         0.32,
         0.39,
         0.43,
         0.5,
         0.54,
         0.57,
         0.6,
         0.62,
         0.64,
         0.66,
         0.68,
         0.7,
         0.71,
         0.71,
         0.72,
         0.72
      ],
      "props_dynamic_kdn_full": [
         0.06,
         0.19,
         0.27,
         0.38,
         0.45,
         0.49,
         0.55,
         0.59,
         0.62,
         0.66,
         0.68,
         0.69,
         0.7,
         0.71,
         0.72,
         0.72,
         0.72,
         0.73,
         0.73
      ]
   },
   "KNeighborsClassifier": {
      "cv_score": [
         0.934765323030821,
         0.002832378185789049
      ],
      "best_params": {
         "n_jobs": -1,
         "n_neighbors": 11
      },
      "test_score": 0.9267294932125991,
      "test_score_kdn": [
         0.8912526330545372,
         0.914236091586313,
         0.9212933922667379,
         0.9263521837636673
      ],
      "test_score_dynamic_kdn": [
         0.8500735255462839,
         0.8788286320366456,
         0.8867370422098804,
         0.893419878342947,
         0.8997481604610248,
         0.9034261284275235,
         0.9077293637269094,
         0.91280605403556,
         0.9136619180200267,
         0.9168413525351711,
         0.9218418762543455,
         0.9217949017610065,
         0.9247862052837056,
         0.9237587603584121,
         0.9265701663338459,
         0.9275584058064725,
         0.926732783356461,
         0.9273619683660166,
         0.9256987063334521
      ],
      "test_score_dynamic_kdn_full": [
         0.8518639508365691,
         0.8801649665398994,
         0.8916215672678037,
         0.8989729032190308,
         0.9032283693504819,
         0.9090727260411187,
         0.9131968713005008,
         0.9166502285771081,
         0.9186647575330209,
         0.9218709785527957,
         0.9235222320043026,
         0.9267024918283009,
         0.9260056906918823,
         0.9275128685026963,
         0.9274353030722489,
         0.927761279523186,
         0.9296372704082061,
         0.9269817530916695,
         0.9275584058064725
      ],
      "props_kdn": [
         0.21,
         0.35,
         0.43,
         0.47
      ],
      "props_dynamic_kdn": [
         0.06,
         0.16,
         0.23,
         0.32,
         0.39,
         0.43,
         0.5,
         0.54,
         0.57,
         0.6,
         0.62,
         0.64,
         0.66,
         0.68,
         0.7,
         0.71,
         0.71,
         0.72,
         0.72
      ],
      "props_dynamic_kdn_full": [
         0.06,
         0.19,
         0.27,
         0.38,
         0.45,
         0.49,
         0.55,
         0.59,
         0.62,
         0.66,
         0.68,
         0.69,
         0.7,
         0.71,
         0.72,
         0.72,
         0.72,
         0.73,
         0.73
      ]
   },
   "RandomForestClassifier": {
      "cv_score": [
         0.9602964716540392,
         0.0018354999892270486
      ],
      "best_params": {
         "max_features": null,
         "n_estimators": 500,
         "random_state": 1234
      },
      "test_score": 0.9587602801790832,
      "test_score_kdn": [
         0.9359827393048268,
         0.9449298321450781,
         0.9519748516873039,
         0.9560326132082763
      ],
      "test_score_dynamic_kdn": [
         0.879353701202036,
         0.9144186654924171,
         0.9172352055241652,
         0.9260247454102202,
         0.9290687998565208,
         0.9309466023770998,
         0.9345056364848794,
         0.9381788940164653,
         0.9396060139711557,
         0.9425752202418958,
         0.9469588692265787,
         0.9484445562673485,
         0.9508802066755588,
         0.9523471349508192,
         0.9558278152736145,
         0.9565137299378353,
         0.9566117346541103,
         0.9573718717912683,
         0.9579281605777423
      ],
      "test_score_dynamic_kdn_full": [
         0.8811033479802943,
         0.9129087266265744,
         0.9206333469166401,
         0.9307754190239692,
         0.9333825537680224,
         0.9351013779229158,
         0.9403897868807465,
         0.9423702988973996,
         0.9449298321450781,
         0.9463056410500413,
         0.9520898111467071,
         0.9532148914460392,
         0.9545933796901607,
         0.9576658358346035,
         0.9581834697415628,
         0.9595690988513244,
         0.960378262507761,
         0.9591574532958895,
         0.9584349714277813
      ],
      "props_kdn": [
         0.21,
         0.35,
         0.43,
         0.47
      ],
      "props_dynamic_kdn": [
         0.06,
         0.16,
         0.23,
         0.32,
         0.39,
         0.43,
         0.5,
         0.54,
         0.57,
         0.6,
         0.62,
         0.64,
         0.66,
         0.68,
         0.7,
         0.71,
         0.71,
         0.72,
         0.72
      ],
      "props_dynamic_kdn_full": [
         0.06,
         0.19,
         0.27,
         0.38,
         0.45,
         0.49,
         0.55,
         0.59,
         0.62,
         0.66,
         0.68,
         0.69,
         0.7,
         0.71,
         0.72,
         0.72,
         0.72,
         0.73,
         0.73
      ]
   },
   "GradientBoostingClassifier": {
      "cv_score": [
         0.9656295052138008,
         0.001695284125393105
      ],
      "best_params": {
         "learning_rate": 0.1,
         "max_depth": 7,
         "max_features": null,
         "n_estimators": 500,
         "random_state": 1234
      },
      "test_score": 0.9645226850084304,