{
   "colon-cancer": {
      "info": {
         "complexity": {
            "global": [
               0.32653061224489793,
               0.2571428571428572,
               0.0
            ],
            "class 0": [
               0.23125,
               0.22749999999999998,
               0.0
            ],
            "class 1": [
               0.5058823529411766,
               0.3129411764705883,
               0.0
            ]
         },
         "data": {
            "n": 49,
            "n0": 32,
            "n1": 17
         }
      }
   },
   "SVC": {
      "cv_score": [
         0.8800000000000001,
         0.14696938456699069
      ],
      "best_params": {
         "C": 10,
         "gamma": 0.0001,
         "kernel": "rbf",
         "random_state": 1234
      },
      "test_score": 0.8375,
      "test_score_kdn": [
         0.5,
         0.9216370213557838,
         0.9216370213557838,
         0.9216370213557838
      ],
      "test_score_dynamic_kdn": [
         0.9216370213557838,
         0.9216370213557838,
         0.9216370213557838,
         0.9216370213557838,
         0.8375,
         0.9216370213557838,
         0.8375,
         0.9216370213557838,
         0.8375,
         0.8375,
         0.9216370213557838,
         0.9216370213557838,
         0.8375,
         0.7683725200608467,
         0.9216370213557838,
         0.9216370213557838,
         0.9216370213557838,
         0.9216370213557838,
         0.9216370213557838
      ],
      "test_score_dynamic_kdn_full": [
         0.5,
         0.7683725200608467,
         0.7073787655015633,
         0.4875,
         null,
         null,
         0.6685499656158105,
         0.6825741858350554,
         0.7073787655015633,
         0.763523138347365,
         0.5922330984215778,
         0.675,
         null,
         null,
         0.3314500343841895,
         0.7503469814299967,
         null,
         null,
         0.5505649896847431,
         null,
         null,
         0.6825741858350554,
         0.31742581416494464
      ],
      "props_kdn": [
         0.33,
         0.73,
         0.88,
         0.98
      ],
      "props_dynamic_kdn": [
         0.24,
         0.33,
         0.33,
         0.33,
         0.33,
         0.37,
         0.41,
         0.41,
         0.41,
         0.41,
         0.41,
         0.41,
         0.49,
         0.49,
         0.53,
         0.53,
         0.53,
         0.53,
         0.65
      ],
      "props_dynamic_kdn_full": [
         0.08,
         0.08,
         0.08,
         0.08,
         0.08,
         0.08,
         0.08,
         0.08,
         0.08,
         0.08,
         0.08,
         0.08,
         0.08,
         0.08,
         0.08
      ]
   },
   "KNeighborsClassifier": {
      "cv_score": [
         0.6933333333333332,
         0.12719189352225943
      ],
      "best_params": {
         "n_jobs": -1,
         "n_neighbors": 3
      },
      "test_score": 0.5505649896847431,
      "test_score_kdn": [
         0.5,
         0.6825741858350554,
         0.6587713240271471,
         0.5505649896847431
      ],
      "test_score_dynamic_kdn": [
         0.8375,
         0.675,
         0.8464101615137753,
         0.8464101615137753,
         0.45120499635257333,
         0.9216370213557838,
         0.60978875820671,
         0.8375,
         0.8464101615137753,
         0.9216370213557838,
         0.8464101615137753,
         0.8464101615137753,
         0.7683725200608467,
         0.9216370213557838,
         0.8464101615137753,
         0.7696799449852969,
         0.7503469814299967,
         0.9216370213557838,
         0.7696799449852969
      ],
      "test_score_dynamic_kdn_full": [
         0.5,
         0.5790569415042095,
         0.60978875820671,
         0.5487950036474266,
         0.5,
         0.5,
         0.5,
         0.7073787655015633,
         0.5,
         0.6685499656158105,
         0.8464101615137753,
         0.5,
         0.44943501031525684,
         0.5487950036474266,
         0.5,
         0.5,
         0.5,
         0.5,
         0.5
      ],
      "props_kdn": [
         0.33,
         0.73,
         0.88,
         0.98
      ],
      "props_dynamic_kdn": [
         0.24,
         0.33,
         0.33,
         0.33,
         0.33,
         0.37,
         0.41,
         0.41,
         0.41,
         0.41,
         0.41,
         0.41,
         0.49,
         0.49,
         0.53,
         0.53,
         0.53,
         0.53,
         0.65
      ],
      "props_dynamic_kdn_full": [
         0.08,
         0.08,
         0.08,
         0.08,
         0.08,
         0.08,
         0.08,
         0.08,
         0.08,
         0.08,
         0.08,
         0.08,
         0.08,
         0.08,
         0.08,
         0.08,
         0.08,
         0.08,
         0.08
      ]
   },
   "RandomForestClassifier": {
      "cv_score": [
         0.7977777777777778,
         0.1776944249040338
      ],
      "best_params": {
         "max_features": "sqrt",
         "n_estimators": 300,
         "random_state": 1234
      },
      "test_score": 0.7696799449852969,
      "test_score_kdn": [
         0.5,
         0.8464101615137753,
         0.9216370213557838,
         0.8464101615137753
      ],
      "test_score_dynamic_kdn": [
         0.9216370213557838,
         0.9216370213557838,
         0.9216370213557838,
         0.9216370213557838,
         0.8375,
         0.9216370213557838,
         0.7683725200608467,
         0.9216370213557838,
         0.8375,
         0.8375,
         0.9216370213557838,
         0.8464101615137753,
         0.9216370213557838,
         0.8375,
         0.9216370213557838,
         0.9216370213557838,
         0.9216370213557838,
         0.9216370213557838,
         0.9216370213557838
      ],
      "test_score_dynamic_kdn_full": [
         0.5,
         0.5,
         0.5,
         0.6685499656158105,
         null,
         null,
         0.6141088661469096,
         0.6825741858350554,
         0.6587713240271471,
         0.6685499656158105,
         0.7503469814299967,
         0.60978875820671,
         null,
         null,
         0.5,
         0.4875,
         null,
         null,
         0.5505649896847431,
         null,
         null,
         0.5,
         0.6141088661469096
      ],
      "props_kdn": [
         0.33,
         0.73,
         0.88,
         0.98
      ],
      "props_dynamic_kdn": [
         0.24,
         0.33,
         0.33,
         0.33,
         0.33,
         0.37,
         0.41,
         0.41,
         0.41,
         0.41,
         0.41,
         0.41,
         0.49,
         0.49,
         0.53,
         0.53,
         0.53,
         0.53,
         0.65
      ],
      "props_dynamic_kdn_full": [
         0.08,
         0.08,
         0.08,
         0.08,
         0.08,
         0.08,
         0.08,
         0.08,
         0.08,
         0.08,
         0.08,
         0.08,
         0.08,
         0.08,
         0.08
      ]
   },
   "GradientBoostingClassifier": {
      "cv_score": [
         0.8177777777777777,
         0.11517029795422166
      ],
      "best_params": {
         "learning_rate": 0.1,
         "max_depth": 5,
         "max_features": "log2",
         "n_estimators": 300,
         "random_state": 1234
      },
      "test_score": 0.7696799449852969,
      "test_score_kdn": [
         0.5,
         0.9216370213557838,
         0.8464101615137753,
         0.7696799449852969
      ],