{
   "diabetes": {
      "info": {
         "complexity": {
            "global": [
               0.3182410423452769,
               0.32501628664495114,
               0.22156351791530943
            ],
            "class 0": [
               0.494392523364486,
               0.4960280373831776,
               0.3396261682242991
            ],
            "class 1": [
               0.22400000000000003,
               0.23352499999999998,
               0.15839999999999999
            ]
         },
         "data": {
            "n": 614,
            "n0": 214,
            "n1": 400
         }
      }
   },
   "SVC": {
      "cv_score": [
         0.7769159003065441,
         0.019202575489579096
      ],
      "best_params": {
         "C": 100,
         "gamma": 0.001,
         "kernel": "rbf",
         "random_state": 1234
      },
      "test_score": 0.7251180719300134,
      "test_score_kdn": [
         0.7158294471851149,
         0.7084823324484447,
         0.7241286673397997,
         0.7333333333333334
      ],
      "test_score_dynamic_kdn": [
         null,
         null,
         0.5964659740860921,
         0.6796200837478836,
         0.7228797461942573,
         0.7311311536108699,
         0.7074484815064138,
         0.7405124693888154,
         0.7333333333333334,
         0.7168367903106591,
         0.7084823324484447,
         0.7084823324484447,
         0.7074484815064138,
         0.7074484815064138,
         0.7158294471851149,
         0.7323539212157899,
         0.7251180719300134,
         0.7251180719300134,
         0.7251180719300134,
         0.7251180719300134
      ],
      "test_score_dynamic_kdn_full": [
         0.5672927696282558,
         0.7180555555555556,
         0.6888645896446174,
         0.723374237314982,
         0.7414892891345063,
         0.7084823324484447,
         0.7084823324484447,
         0.7084823324484447,
         0.7168367903106591,
         0.7251180719300134,
         0.7251180719300134,
         0.7251180719300134,
         0.7168367903106591,
         0.7168367903106591,
         0.7168367903106591,
         0.7251180719300134,
         0.7168367903106591,
         0.7251180719300134,
         0.7251180719300134
      ],
      "props_kdn": [
         0.5,
         0.74,
         0.86,
         0.96
      ],
      "props_dynamic_kdn": [
         0.13,
         0.24,
         0.38,
         0.46,
         0.51,
         0.59,
         0.66,
         0.72,
         0.76,
         0.8,
         0.82,
         0.86,
         0.89,
         0.92,
         0.94,
         0.95,
         0.97,
         0.97
      ],
      "props_dynamic_kdn_full": [
         0.05,
         0.29,
         0.42,
         0.54,
         0.63,
         0.69,
         0.78,
         0.82,
         0.87,
         0.91,
         0.93,
         0.96,
         0.97,
         0.98,
         0.99,
         0.99,
         1.0,
         1.0,
         1.0
      ]
   },
   "KNeighborsClassifier": {
      "cv_score": [
         0.7557110489137678,
         0.028529471947441296
      ],
      "best_params": {
         "n_jobs": -1,
         "n_neighbors": 7
      },
      "test_score": 0.6741709274895521,
      "test_score_kdn": [
         0.7059052839328528,
         0.6895117478716537,
         0.6888645896446174,
         0.6817280931907796
      ],
      "test_score_dynamic_kdn": [
         0.5,
         0.5,
         0.6240789109062747,
         0.6712337223046938,
         0.6795130881216744,
         0.6896553024666957,
         0.7058337534749972,
         0.6895117478716537,
         0.6705750225820031,
         0.6519243960243999,
         0.6800549995623102,
         0.6807699791650553,
         0.6975402061478376,
         0.7060940258104235,
         0.7150542802341427,
         0.7074484815064138,
         0.6904072003911205,
         0.6829005334806884,
         0.6829005334806884
      ],
      "test_score_dynamic_kdn_full": [
         0.5,
         0.6712337223046938,
         0.6888271672984655,
         0.6888645896446174,
         0.6975402061478376,
         0.6807699791650553,
         0.6718954258142376,
         0.6628750305830067,
         0.6710980240803178,
         0.6800549995623102,
         0.6639997521822731,
         0.6653235642626554,
         0.6653235642626554,
         0.6741709274895521,
         0.6741709274895521,
         0.6741709274895521,
         0.6741709274895521,
         0.6741709274895521,
         0.6741709274895521
      ],
      "props_kdn": [
         0.5,
         0.74,
         0.86,
         0.96
      ],
      "props_dynamic_kdn": [
         0.03,
         0.13,
         0.24,
         0.38,
         0.46,
         0.51,
         0.59,
         0.66,
         0.72,
         0.76,
         0.8,
         0.82,
         0.86,
         0.89,
         0.92,
         0.94,
         0.95,
         0.97,
         0.97
      ],
      "props_dynamic_kdn_full": [
         0.05,
         0.29,
         0.42,
         0.54,
         0.63,
         0.69,
         0.78,
         0.82,
         0.87,
         0.91,
         0.93,
         0.96,
         0.97,
         0.98,
         0.99,
         0.99,
         1.0,
         1.0,
         1.0
      ]
   },
   "RandomForestClassifier": {
      "cv_score": [
         0.7687191789950687,
         0.021053755234627578
      ],
      "best_params": {
         "max_features": "log2",
         "n_estimators": 100,
         "random_state": 1234
      },
      "test_score": 0.7277252701303578,
      "test_score_kdn": [
         0.6718954258142376,
         0.7013196594055282,
         0.7158294471851149,
         0.7333333333333334
      ],
      "test_score_dynamic_kdn": [
         null,
         null,
         0.6441610467754983,
         0.6547682666901358,
         0.6888645896446174,
         0.698132622118904,
         0.6829005334806884,
         0.6829005334806884,
         0.6989774068574155,
         0.6807699791650553,
         0.672929469932884,
         0.6817280931907796,
         0.6885016540065854,
         0.6829005334806884,
         0.7397750022311547,
         0.7495922600889224,
         0.7180555555555556,
         0.7414892891345063,
         0.7414892891345063,
         0.7414892891345063
      ],
      "test_score_dynamic_kdn_full": [
         0.509472804723594,
         0.6849862021327249,
         0.698132622118904,
         0.7263223435689622,
         0.6975402061478376,
         0.6829005334806884,
         0.672929469932884,
         0.672929469932884,
         0.672929469932884,
         0.6915227256978457,
         0.723374237314982,
         0.7251180719300134,
         0.7168367903106591,
         0.7345306581870047,
         0.7277252701303578,
         0.735930198127542,
         0.7310775311379828,
         0.735930198127542,
         0.7456858808076254
      ],
      "props_kdn": [
         0.5,
         0.74,
         0.86,
         0.96
      ],
      "props_dynamic_kdn": [
         0.13,
         0.24,
         0.38,
         0.46,
         0.51,
         0.59,
         0.66,
         0.72,
         0.76,
         0.8,
         0.82,
         0.86,
         0.89,
         0.92,
         0.94,
         0.95,
         0.97,
         0.97
      ],
      "props_dynamic_kdn_full": [
         0.05,
         0.29,
         0.42,
         0.54,
         0.63,
         0.69,
         0.78,
         0.82,
         0.87,
         0.91,
         0.93,
         0.96,
         0.97,
         0.98,
         0.99,
         0.99,
         1.0,
         1.0,
         1.0
      ]
   },
   "GradientBoostingClassifier": {
      "cv_score": [
         0.7671064907370386,
         0.024381225805396558
      ],
      "best_params": {
         "learning_rate": 0.1,
         "max_depth": 7,
         "max_features": "sqrt",
         "n_estimators": 100,
         "random_state": 1234
      },
      "test_score": 0.7333333333333334,