{
   "flare": {
      "info": {
         "complexity": {
            "global": [
               0.21619718309859154,
               0.24771126760563378,
               0.20097417840375587
            ],
            "class 0": [
               0.1272984441301273,
               0.151018387553041,
               0.12263083451202264
            ],
            "class 1": [
               0.649655172413793,
               0.7191724137931035,
               0.5829655172413793
            ]
         },
         "data": {
            "n": 852,
            "n0": 707,
            "n1": 145
         }
      }
   },
   "SVC": {
      "cv_score": [
         0.8333470932232542,
         0.006691842046517119
      ],
      "best_params": {
         "C": 100,
         "gamma": 0.001,
         "kernel": "rbf",
         "random_state": 1234
      },
      "test_score": 0.5596899063394902,
      "test_score_kdn": [
         0.5,
         0.5596899063394902,
         0.5596899063394902,
         0.5596899063394902
      ],
      "test_score_dynamic_kdn": [
         null,
         null,
         0.5,
         0.5,
         0.5,
         0.5596899063394902,
         0.5596899063394902,
         0.5596899063394902,
         0.5596899063394902,
         0.5596899063394902,
         0.5596899063394902,
         0.5596899063394902,
         0.5596899063394902,
         0.5596899063394902,
         0.5596899063394902,
         0.5596899063394902,
         0.5596899063394902,
         0.5596899063394902,
         0.5596899063394902,
         0.5596899063394902
      ],
      "test_score_dynamic_kdn_full": [
         null,
         null,
         0.5596899063394902,
         0.5055427126204297,
         0.5,
         0.5596899063394902,
         0.5596899063394902,
         0.5596899063394902,
         0.5596899063394902,
         0.5596899063394902,
         0.5596899063394902,
         0.5596899063394902,
         0.5596899063394902,
         0.5596899063394902,
         0.5596899063394902,
         0.5596899063394902,
         0.5596899063394902,
         0.5596899063394902,
         0.5596899063394902,
         0.5596899063394902
      ],
      "props_kdn": [
         0.47,
         0.69,
         0.87,
         0.96
      ],
      "props_dynamic_kdn": [
         0.46,
         0.6,
         0.65,
         0.69,
         0.7,
         0.73,
         0.78,
         0.79,
         0.81,
         0.82,
         0.84,
         0.85,
         0.89,
         0.91,
         0.92,
         0.93,
         0.95,
         0.96
      ],
      "props_dynamic_kdn_full": [
         0.52,
         0.63,
         0.69,
         0.73,
         0.75,
         0.8,
         0.82,
         0.84,
         0.89,
         0.9,
         0.91,
         0.92,
         0.94,
         0.95,
         0.96,
         0.97,
         0.98,
         1.0
      ]
   },
   "KNeighborsClassifier": {
      "cv_score": [
         0.8157275541795664,
         0.012622072352353056
      ],
      "best_params": {
         "n_jobs": -1,
         "n_neighbors": 9
      },
      "test_score": 0.6108828740850035,
      "test_score_kdn": [
         0.6062191551652448,
         0.5968997479778373,
         0.5852298908863606,
         0.5596899063394902
      ],
      "test_score_dynamic_kdn": [
         0.5,
         0.5,
         0.5,
         0.5,
         0.5,
         0.5,
         0.5526598968690728,
         0.5752291253862681,
         0.5526598968690728,
         0.5873455057771171,
         0.5873455057771171,
         0.5596899063394902,
         0.5596899063394902,
         0.6108828740850035,
         0.5852298908863606,
         0.6108828740850035,
         0.6108828740850035,
         0.6282469023554608,
         0.5464441091987734
      ],
      "test_score_dynamic_kdn_full": [
         0.5,
         0.5,
         0.5,
         0.5,
         0.5526598968690728,
         0.5526598968690728,
         0.5526598968690728,
         0.5526598968690728,
         0.6108828740850035,
         0.5596899063394902,
         0.6108828740850035,
         0.5596899063394902,
         0.6108828740850035,
         0.536028189371468,
         0.5464441091987734,
         0.6108828740850035,
         0.6108828740850035,
         0.5596899063394902,
         0.5852298908863606
      ],
      "props_kdn": [
         0.47,
         0.69,
         0.87,
         0.96
      ],
      "props_dynamic_kdn": [
         0.01,
         0.46,
         0.6,
         0.65,
         0.69,
         0.7,
         0.73,
         0.78,
         0.79,
         0.81,
         0.82,
         0.84,
         0.85,
         0.89,
         0.91,
         0.92,
         0.93,
         0.95,
         0.96
      ],
      "props_dynamic_kdn_full": [
         0.02,
         0.52,
         0.63,
         0.69,
         0.73,
         0.75,
         0.8,
         0.82,
         0.84,
         0.89,
         0.9,
         0.91,
         0.92,
         0.94,
         0.95,
         0.96,
         0.97,
         0.98,
         1.0
      ]
   },
   "RandomForestClassifier": {
      "cv_score": [
         0.8122325421396628,
         0.016269122094081205
      ],
      "best_params": {
         "max_features": "sqrt",
         "n_estimators": 100,
         "random_state": 1234
      },
      "test_score": 0.6550414409980185,
      "test_score_kdn": [
         0.5752291253862681,
         0.5785580210413696,
         0.6177998849036483,
         0.6229231716029828
      ],
      "test_score_dynamic_kdn": [
         null,
         null,
         0.5,
         0.5055427126204297,
         0.47779599581291493,
         0.525294021234649,
         0.5596899063394902,
         0.5752291253862681,
         0.5957558830010395,
         0.5526598968690728,
         0.5621651649506059,
         0.5526598968690728,
         0.5752291253862681,
         0.6054133189692499,
         0.5852298908863606,
         0.6322686168971301,
         0.5852298908863606,
         0.625029824375643,
         0.5994530531707176,
         0.6156254382871593
      ],
      "test_score_dynamic_kdn_full": [
         null,
         null,
         0.536028189371468,
         0.5711914926982861,
         0.5140697636371656,
         0.5752291253862681,
         0.6060112149324659,
         0.5621651649506059,
         0.5464441091987734,
         0.5852298908863606,
         0.5852298908863606,
         0.5734555317282358,
         0.6367933044786636,
         0.6060112149324659,
         0.6487890110553313,
         0.6229231716029828,
         0.6229231716029828,
         0.6613204406758059,
         0.6229441716900703,
         0.625029824375643
      ],
      "props_kdn": [
         0.47,
         0.69,
         0.87,
         0.96
      ],
      "props_dynamic_kdn": [
         0.46,
         0.6,
         0.65,
         0.69,
         0.7,
         0.73,
         0.78,
         0.79,
         0.81,
         0.82,
         0.84,
         0.85,
         0.89,
         0.91,
         0.92,
         0.93,
         0.95,
         0.96
      ],
      "props_dynamic_kdn_full": [
         0.52,
         0.63,
         0.69,
         0.73,
         0.75,
         0.8,
         0.82,
         0.84,
         0.89,
         0.9,
         0.91,
         0.92,
         0.94,
         0.95,
         0.96,
         0.97,
         0.98,
         1.0
      ]
   },
   "GradientBoostingClassifier": {
      "cv_score": [
         0.8298108015135878,
         0.01783065660655859
      ],
      "best_params": {
         "learning_rate": 0.1,
         "max_depth": 3,
         "max_features": "sqrt",
         "n_estimators": 100,
         "random_state": 1234
      },
      "test_score": 0.536028189371468,
      "test_score_kdn": [
         0.5621651649506059,
         0.5968997479778373,
         0.5968997479778373,
         0.5852298908863606
      ],