{
   "fourclass": {
      "info": {
         "complexity": {
            "global": [
               0.0055152394775036286,
               0.00985486211901306,
               0.00853410740203193
            ],
            "class 0": [
               0.003153153153153153,
               0.006103603603603604,
               0.005427927927927927
            ],
            "class 1": [
               0.00979591836734694,
               0.016653061224489795,
               0.01416326530612245
            ]
         },
         "data": {
            "n": 689,
            "n0": 444,
            "n1": 245
         }
      }
   },
   "SVC": {
      "cv_score": [
         1.0,
         0.0
      ],
      "best_params": {
         "C": 10,
         "gamma": 1,
         "kernel": "rbf",
         "random_state": 1234
      },
      "test_score": 1.0,
      "test_score_kdn": [
         0.7945823627910759,
         0.8097108615103064,
         0.8137541028390916,
         0.8552029016339896
      ],
      "test_score_dynamic_kdn": [
         null,
         null,
         0.5592640382828785,
         0.7871471053064937,
         0.9115178373172754,
         0.8586685306027736,
         0.9700238450890186,
         0.9558647588547332,
         0.9816810480147958,
         1.0,
         0.9937765120125135,
         0.9937765120125135,
         0.9751171701651018,
         0.9757998280637314,
         0.9757998280637314,
         0.9876717761581668,
         0.9937323175390573,
         0.9816810480147958,
         0.9497239174658529,
         0.9937765120125135
      ],
      "test_score_dynamic_kdn_full": [
         null,
         null,
         0.7755446864856261,
         0.8885484418665422,
         0.8935731846480972,
         0.9587715563394525,
         0.9937765120125135,
         0.9937765120125135,
         0.9937765120125135,
         0.9700238450890186,
         0.9937765120125135,
         0.9757998280637314,
         0.9874309793664633,
         0.9937765120125135,
         0.9876717761581668,
         0.9874309793664633,
         0.9937765120125135,
         0.9816810480147958,
         1.0,
         0.9643490409126548
      ],
      "props_kdn": [
         0.03,
         0.04,
         0.04,
         0.04
      ],
      "props_dynamic_kdn": [
         0.02,
         0.03,
         0.05,
         0.06,
         0.06,
         0.08,
         0.09,
         0.09,
         0.09,
         0.09,
         0.09,
         0.09,
         0.09,
         0.09,
         0.09,
         0.09,
         0.09,
         0.09
      ],
      "props_dynamic_kdn_full": [
         0.02,
         0.05,
         0.06,
         0.07,
         0.07,
         0.09,
         0.09,
         0.09,
         0.09,
         0.09,
         0.09,
         0.09,
         0.09,
         0.09,
         0.09,
         0.09,
         0.09,
         0.09
      ]
   },
   "KNeighborsClassifier": {
      "cv_score": [
         1.0,
         0.0
      ],
      "best_params": {
         "n_jobs": -1,
         "n_neighbors": 1
      },
      "test_score": 1.0,
      "test_score_kdn": [
         0.842769557028088,
         0.8834195286413,
         0.8434715209658892,
         0.7847177308733084
      ],
      "test_score_dynamic_kdn": [
         0.5,
         0.6000580064940189,
         0.7879269586965205,
         0.9054278076380384,
         0.920532594206243,
         0.9757998280637314,
         0.9874309793664633,
         0.9811173875531974,
         0.9816810480147958,
         0.9816810480147958,
         0.9643490409126548,
         0.9576510323683247,
         0.9874309793664633,
         0.9532877181986685,
         0.9816810480147958,
         0.9876717761581668,
         0.9876717761581668,
         0.9687256801714095,
         0.9937765120125135
      ],
      "test_score_dynamic_kdn_full": [
         0.5,
         0.7722224896803535,
         0.8861712212100358,
         0.8957869687648552,
         0.9425871477837822,
         0.9643490409126548,
         0.9937765120125135,
         0.9532877181986685,
         0.9532877181986685,
         1.0,
         0.9692361822282726,
         0.9812510960919614,
         0.9937765120125135,
         0.9876717761581668,
         0.9373638960734498,
         0.9816810480147958,
         0.9643490409126548,
         0.975187725066814,
         0.9587715563394525
      ],
      "props_kdn": [
         0.03,
         0.04,
         0.04,
         0.04
      ],
      "props_dynamic_kdn": [
         0.0,
         0.02,
         0.03,
         0.05,
         0.06,
         0.06,
         0.08,
         0.09,
         0.09,
         0.09,
         0.09,
         0.09,
         0.09,
         0.09,
         0.09,
         0.09,
         0.09,
         0.09,
         0.09
      ],
      "props_dynamic_kdn_full": [
         0.0,
         0.02,
         0.05,
         0.06,
         0.07,
         0.07,
         0.09,
         0.09,
         0.09,
         0.09,
         0.09,
         0.09,
         0.09,
         0.09,
         0.09,
         0.09,
         0.09,
         0.09,
         0.09
      ]
   },
   "RandomForestClassifier": {
      "cv_score": [
         0.9956415952607637,
         0.003558674979110167
      ],
      "best_params": {
         "max_features": "sqrt",
         "n_estimators": 100,
         "random_state": 1234
      },
      "test_score": 1.0,
      "test_score_kdn": [
         0.7125073427013895,
         0.7578744622583862,
         0.7838438362636464,
         0.6836531934950274
      ],
      "test_score_dynamic_kdn": [
         null,
         null,
         0.562821545013526,
         0.5793623862723392,
         0.7800009605169425,
         0.8004110097878734,
         0.86873760897673,
         0.937663076520381,
         0.9132521757470349,
         0.9497239174658529,
         0.9502196228841082,
         0.9509842205102115,
         0.9059051404858289,
         0.8796790756434185,
         0.9464627040989555,
         0.9371548968323162,
         0.9304997022705511,
         0.9319015848687029,
         0.9181324762518133,
         0.8532904454132687
      ],
      "test_score_dynamic_kdn_full": [
         null,
         null,
         0.5321609279015862,
         0.799202941188705,
         0.8661459939344704,
         0.8519368512113614,
         0.9054278076380384,
         0.9685024575673377,
         0.9377355717927554,
         0.85415319569901,
         0.9311494324097533,
         0.8726263884616059,
         0.9049751256982608,
         0.8920304623465815,
         0.9002872511939686,
         0.9059051404858289,
         0.9627036739754611,
         0.8978779287913079,
         0.9748339044249672,
         0.9464627040989555
      ],
      "props_kdn": [
         0.03,
         0.04,
         0.04,
         0.04
      ],
      "props_dynamic_kdn": [
         0.02,
         0.03,
         0.05,
         0.06,
         0.06,
         0.08,
         0.09,
         0.09,
         0.09,
         0.09,
         0.09,
         0.09,
         0.09,
         0.09,
         0.09,
         0.09,
         0.09,
         0.09
      ],
      "props_dynamic_kdn_full": [
         0.02,
         0.05,
         0.06,
         0.07,
         0.07,
         0.09,
         0.09,
         0.09,
         0.09,
         0.09,
         0.09,
         0.09,
         0.09,
         0.09,
         0.09,
         0.09,
         0.09,
         0.09
      ]
   },
   "GradientBoostingClassifier": {
      "cv_score": [
         0.9956415952607637,
         0.003558674979110167
      ],
      "best_params": {
         "learning_rate": 0.3,
         "max_depth": 5,
         "max_features": "sqrt",
         "n_estimators": 100,
         "random_state": 1234
      },
      "test_score": 1.0,
      "test_score_kdn": [
         0.7432681936014729,
         0.7741387727319962,
         0.7342328494157384,
         0.7757784115983923
      ],