{
   "german_numer": {
      "info": {
         "complexity": {
            "global": [
               0.335,
               0.3355499999999999,
               0.08693750000000001
            ],
            "class 0": [
               0.22285714285714286,
               0.22389285714285714,
               0.05908928571428572
            ],
            "class 1": [
               0.5966666666666666,
               0.5960833333333333,
               0.15191666666666667
            ]
         },
         "data": {
            "n": 800,
            "n0": 560,
            "n1": 240
         }
      }
   },
   "SVC": {
      "cv_score": [
         0.775,
         0.03259601202601326
      ],
      "best_params": {
         "C": 1000,
         "gamma": 0.001,
         "kernel": "rbf",
         "random_state": 1234
      },
      "test_score": 0.7155619954591457,
      "test_score_kdn": [
         0.7233895313683446,
         0.7016394605748366,
         0.6928722115873184,
         0.6909406539564933
      ],
      "test_score_dynamic_kdn": [
         0.6124685174218643,
         0.6448396125255869,
         0.6925379959521007,
         0.6845238095238095,
         0.7233895313683446,
         0.7045798410824412,
         0.6874394985625242,
         0.7106718680734161,
         0.6938287215142767,
         0.7121629370464737,
         0.7081864045894082,
         0.7016394605748366,
         0.6858989017555579,
         0.6891254436326645,
         0.6891254436326645,
         0.7005179473793379,
         0.6851358113080693,
         0.6928722115873184,
         0.6986493741772715
      ],
      "test_score_dynamic_kdn_full": [
         0.6817401181067915,
         0.6969024649313628,
         0.6986493741772715,
         0.6928722115873184,
         0.6928722115873184,
         0.6928722115873184,
         0.6909406539564933,
         0.6928722115873184,
         0.6986493741772715,
         0.7229715883681929,
         0.7155619954591457,
         0.7155619954591457,
         0.7155619954591457,
         0.7155619954591457,
         0.7155619954591457,
         0.7155619954591457,
         0.7155619954591457,
         0.7155619954591457,
         0.7155619954591457
      ],
      "props_kdn": [
         0.52,
         0.72,
         0.87,
         0.96
      ],
      "props_dynamic_kdn": [
         0.04,
         0.18,
         0.3,
         0.4,
         0.45,
         0.52,
         0.58,
         0.65,
         0.69,
         0.73,
         0.78,
         0.81,
         0.84,
         0.87,
         0.9,
         0.92,
         0.95,
         0.96,
         0.97
      ],
      "props_dynamic_kdn_full": [
         0.43,
         0.7,
         0.81,
         0.89,
         0.93,
         0.94,
         0.97,
         0.98,
         0.99,
         1.0,
         1.0,
         1.0,
         1.0,
         1.0,
         1.0,
         1.0,
         1.0,
         1.0,
         1.0
      ]
   },
   "KNeighborsClassifier": {
      "cv_score": [
         0.71875,
         0.020539595906443737
      ],
      "best_params": {
         "n_jobs": -1,
         "n_neighbors": 9
      },
      "test_score": 0.6440941174484922,
      "test_score_kdn": [
         0.5885390456299782,
         0.583641546093669,
         0.6385143679532463,
         0.6420840834091359
      ],
      "test_score_dynamic_kdn": [
         0.5,
         0.5,
         0.5,
         0.5701414647187119,
         0.5219317231653257,
         0.5524142418360959,
         0.5781033615761626,
         0.59320546490018,
         0.6258149779897113,
         0.6067521025367247,
         0.6139177904335533,
         0.6172154390219152,
         0.6370297670045215,
         0.6654623661718093,
         0.6556149072067335,
         0.6567093587800412,
         0.64924056556673,
         0.6666567786973502,
         0.6666567786973502
      ],
      "test_score_dynamic_kdn_full": [
         0.5750939261482638,
         0.6447851267197521,
         0.6115883842886314,
         0.6014376197306198,
         0.6309462316541243,
         0.6402136368031948,
         0.6261195796553005,
         0.6261195796553005,
         0.6261195796553005,
         0.6352121034714351,
         0.6440941174484922,
         0.6440941174484922,
         0.6440941174484922,
         0.6440941174484922,
         0.6440941174484922,
         0.6440941174484922,
         0.6440941174484922,
         0.6440941174484922,
         0.6440941174484922
      ],
      "props_kdn": [
         0.52,
         0.72,
         0.87,
         0.96
      ],
      "props_dynamic_kdn": [
         0.04,
         0.18,
         0.3,
         0.4,
         0.45,
         0.52,
         0.58,
         0.65,
         0.69,
         0.73,
         0.78,
         0.81,
         0.84,
         0.87,
         0.9,
         0.92,
         0.95,
         0.96,
         0.97
      ],
      "props_dynamic_kdn_full": [
         0.43,
         0.7,
         0.81,
         0.89,
         0.93,
         0.94,
         0.97,
         0.98,
         0.99,
         1.0,
         1.0,
         1.0,
         1.0,
         1.0,
         1.0,
         1.0,
         1.0,
         1.0,
         1.0
      ]
   },
   "RandomForestClassifier": {
      "cv_score": [
         0.76375,
         0.024811791551599006
      ],
      "best_params": {
         "max_features": "sqrt",
         "n_estimators": 500,
         "random_state": 1234
      },
      "test_score": 0.7374391874292467,
      "test_score_kdn": [
         0.6699896693128244,
         0.6904179879153741,
         0.698098145322906,
         0.7291666666666666
      ],
      "test_score_dynamic_kdn": [
         0.5,
         0.4596067194467865,
         0.5873570697268266,
         0.6023372741937781,
         0.6023372741937781,
         0.62806267841637,
         0.6501878522965276,
         0.6603274610056362,
         0.6760547670336734,
         0.7020664798016576,
         0.7000330660496596,
         0.698098145322906,
         0.6979059673819681,
         0.6981014539232654,
         0.7215917016258351,
         0.7081864045894082,
         0.7149456051548638,
         0.7225440876645398,
         0.730844291492811
      ],
      "test_score_dynamic_kdn_full": [
         0.6760547670336734,
         0.6813311244690261,
         0.6986180076894458,
         0.6986180076894458,
         0.6905760908189736,
         0.6925379959521007,
         0.715839422587149,
         0.7169380088727622,
         0.736630666780826,
         0.7093398753074425,
         0.7300393845994615,
         0.7233895313683446,
         0.7233895313683446,
         0.7294689568545168,
         0.7294689568545168,
         0.7442393466117739,
         0.7374391874292467,
         0.7233895313683446,
         0.7016394605748366
      ],
      "props_kdn": [
         0.52,
         0.72,
         0.87,
         0.96
      ],
      "props_dynamic_kdn": [
         0.04,
         0.18,
         0.3,
         0.4,
         0.45,
         0.52,
         0.58,
         0.65,
         0.69,
         0.73,
         0.78,
         0.81,
         0.84,
         0.87,
         0.9,
         0.92,
         0.95,
         0.96,
         0.97
      ],
      "props_dynamic_kdn_full": [
         0.43,
         0.7,
         0.81,
         0.89,
         0.93,
         0.94,
         0.97,
         0.98,
         0.99,
         1.0,
         1.0,
         1.0,
         1.0,
         1.0,
         1.0,
         1.0,
         1.0,
         1.0,
         1.0
      ]
   },
   "GradientBoostingClassifier": {
      "cv_score": [
         0.765,
         0.03803781013675738
      ],
      "best_params": {
         "learning_rate": 0.3,
         "max_depth": 3,
         "max_features": "sqrt",
         "n_estimators": 100,
         "random_state": 1234
      },
      "test_score": 0.714179868038562,
      "test_score_kdn": [
         0.698098145322906,
         0.7060700819424675,
         0.7291666666666666,
         0.7416907221814664
      ],