{
   "haberman": {
      "info": {
         "complexity": {
            "global": [
               0.3327868852459017,
               0.314672131147541,
               0.23790983606557375
            ],
            "class 0": [
               0.2223463687150838,
               0.2093854748603352,
               0.15754189944134078
            ],
            "class 1": [
               0.6369230769230769,
               0.6046153846153847,
               0.4592307692307692
            ]
         },
         "data": {
            "n": 244,
            "n0": 179,
            "n1": 65
         }
      }
   },
   "SVC": {
      "cv_score": [
         0.7787414965986394,
         0.058083646822741565
      ],
      "best_params": {
         "C": 100,
         "gamma": 0.01,
         "kernel": "rbf",
         "random_state": 1234
      },
      "test_score": 0.41266292273704136,
      "test_score_kdn": [
         0.4831227414607212,
         0.441476113510336,
         0.4964530977885052,
         0.4658146228578363
      ],
      "test_score_dynamic_kdn": [
         null,
         null,
         0.4964530977885052,
         0.4658146228578363,
         0.441476113510336,
         0.453035388215992,
         0.441476113510336,
         0.441476113510336,
         0.453035388215992,
         0.441476113510336,
         0.441476113510336,
         0.394799269603822,
         0.453035388215992,
         0.4831227414607212,
         0.4964530977885052,
         0.4964530977885052,
         0.453035388215992,
         0.453035388215992,
         0.453035388215992,
         0.453035388215992
      ],
      "test_score_dynamic_kdn_full": [
         null,
         null,
         0.41266292273704136,
         0.441476113510336,
         0.40347658218683197,
         0.40347658218683197,
         0.40347658218683197,
         0.40347658218683197,
         0.40347658218683197,
         0.41266292273704136,
         0.41266292273704136,
         0.41266292273704136,
         0.41266292273704136,
         0.41266292273704136,
         0.41266292273704136,
         0.4658146228578363,
         0.41266292273704136,
         0.41266292273704136,
         0.41266292273704136,
         0.41266292273704136
      ],
      "props_kdn": [
         0.55,
         0.74,
         0.86,
         0.93
      ],
      "props_dynamic_kdn": [
         0.05,
         0.1,
         0.28,
         0.43,
         0.48,
         0.66,
         0.7,
         0.72,
         0.74,
         0.78,
         0.81,
         0.83,
         0.87,
         0.88,
         0.91,
         0.94,
         0.95,
         0.95
      ],
      "props_dynamic_kdn_full": [
         0.07,
         0.22,
         0.46,
         0.61,
         0.69,
         0.74,
         0.8,
         0.84,
         0.86,
         0.89,
         0.89,
         0.91,
         0.93,
         0.96,
         0.99,
         1.0,
         1.0,
         1.0
      ]
   },
   "KNeighborsClassifier": {
      "cv_score": [
         0.7665816326530612,
         0.041149785819243286
      ],
      "best_params": {
         "n_jobs": -1,
         "n_neighbors": 9
      },
      "test_score": 0.441476113510336,
      "test_score_kdn": [
         0.4803491576158343,
         0.453035388215992,
         0.453035388215992,
         0.441476113510336
      ],
      "test_score_dynamic_kdn": [
         null,
         null,
         0.5,
         0.5,
         0.44616180979418346,
         0.4803491576158343,
         0.4803491576158343,
         0.4658146228578363,
         0.42255969073376337,
         0.4658146228578363,
         0.4658146228578363,
         0.453035388215992,
         0.441476113510336,
         0.453035388215992,
         0.441476113510336,
         0.441476113510336,
         0.441476113510336,
         0.4831227414607212,
         0.4831227414607212,
         0.4831227414607212
      ],
      "test_score_dynamic_kdn_full": [
         null,
         null,
         0.5,
         0.44616180979418346,
         0.4658146228578363,
         0.4803491576158343,
         0.4658146228578363,
         0.4658146228578363,
         0.4658146228578363,
         0.453035388215992,
         0.453035388215992,
         0.441476113510336,
         0.394799269603822,
         0.394799269603822,
         0.441476113510336,
         0.441476113510336,
         0.441476113510336,
         0.441476113510336,
         0.441476113510336,
         0.441476113510336
      ],
      "props_kdn": [
         0.55,
         0.74,
         0.86,
         0.93
      ],
      "props_dynamic_kdn": [
         0.05,
         0.1,
         0.28,
         0.43,
         0.48,
         0.66,
         0.7,
         0.72,
         0.74,
         0.78,
         0.81,
         0.83,
         0.87,
         0.88,
         0.91,
         0.94,
         0.95,
         0.95
      ],
      "props_dynamic_kdn_full": [
         0.07,
         0.22,
         0.46,
         0.61,
         0.69,
         0.74,
         0.8,
         0.84,
         0.86,
         0.89,
         0.89,
         0.91,
         0.93,
         0.96,
         0.99,
         1.0,
         1.0,
         1.0
      ]
   },
   "RandomForestClassifier": {
      "cv_score": [
         0.7461734693877551,
         0.03645371566917602
      ],
      "best_params": {
         "max_features": "sqrt",
         "n_estimators": 500,
         "random_state": 1234
      },
      "test_score": 0.4207944706078697,
      "test_score_kdn": [
         0.4975799903354301,
         0.41266292273704136,
         0.40347658218683197,
         0.394799269603822
      ],
      "test_score_dynamic_kdn": [
         null,
         null,
         0.5,
         0.5,
         0.4658146228578363,
         0.41266292273704136,
         0.4658146228578363,
         0.41266292273704136,
         0.4658146228578363,
         0.41266292273704136,
         0.41266292273704136,
         0.41266292273704136,
         0.394799269603822,
         0.40347658218683197,
         0.394799269603822,
         0.441476113510336,
         0.394799269603822,
         0.441476113510336,
         0.441476113510336,
         0.441476113510336
      ],
      "test_score_dynamic_kdn_full": [
         null,
         null,
         0.5,
         0.41266292273704136,
         0.41266292273704136,
         0.41266292273704136,
         0.41266292273704136,
         0.41266292273704136,
         0.41266292273704136,
         0.40347658218683197,
         0.40347658218683197,
         0.394799269603822,
         0.394799269603822,
         0.441476113510336,
         0.430803239988957,
         0.441476113510336,
         0.441476113510336,
         0.430803239988957,
         0.430803239988957,
         0.430803239988957
      ],
      "props_kdn": [
         0.55,
         0.74,
         0.86,
         0.93
      ],
      "props_dynamic_kdn": [
         0.05,
         0.1,
         0.28,
         0.43,
         0.48,
         0.66,
         0.7,
         0.72,
         0.74,
         0.78,
         0.81,
         0.83,
         0.87,
         0.88,
         0.91,
         0.94,
         0.95,
         0.95
      ],
      "props_dynamic_kdn_full": [
         0.07,
         0.22,
         0.46,
         0.61,
         0.69,
         0.74,
         0.8,
         0.84,
         0.86,
         0.89,
         0.89,
         0.91,
         0.93,
         0.96,
         0.99,
         1.0,
         1.0,
         1.0
      ]
   },
   "GradientBoostingClassifier": {
      "cv_score": [
         0.7337585034013606,
         0.027570434916492824
      ],
      "best_params": {
         "learning_rate": 0.1,
         "max_depth": 5,
         "max_features": "sqrt",
         "n_estimators": 100,
         "random_state": 1234
      },
      "test_score": 0.4595374722578699,
      "test_score_kdn": [
         0.4975799903354301,
         0.41266292273704136,
         0.41266292273704136,
         0.3706848499720321
      ],