{
   "heart": {
      "info": {
         "complexity": {
            "global": [
               0.2222222222222222,
               0.24203703703703705,
               0.08726851851851852
            ],
            "class 0": [
               0.19499999999999998,
               0.22124999999999997,
               0.07775000000000001
            ],
            "class 1": [
               0.25625000000000003,
               0.2680208333333333,
               0.09916666666666667
            ]
         },
         "data": {
            "n": 216,
            "n0": 120,
            "n1": 96
         }
      }
   },
   "SVC": {
      "cv_score": [
         0.8471458773784354,
         0.06849894291754757
      ],
      "best_params": {
         "C": 1,
         "gamma": 0.01,
         "kernel": "rbf",
         "random_state": 1234
      },
      "test_score": 0.8522153203200166,
      "test_score_kdn": [
         0.8307785452577072,
         0.8321819194149599,
         0.8321819194149599,
         0.8321819194149599
      ],
      "test_score_dynamic_kdn": [
         0.6785714285714286,
         0.814921933462603,
         0.8321819194149599,
         0.8125,
         0.8321819194149599,
         0.8522153203200166,
         0.8522153203200166,
         0.8522153203200166,
         0.8321819194149599,
         0.8321819194149599,
         0.8321819194149599,
         0.8354101966249685,
         0.8354101966249685,
         0.8354101966249685,
         0.814921933462603,
         0.814921933462603,
         0.8321819194149599,
         0.814921933462603,
         0.8354101966249685
      ],
      "test_score_dynamic_kdn_full": [
         0.8321819194149599,
         0.8354101966249685,
         0.8522153203200166,
         0.8522153203200166,
         0.8321819194149599,
         0.8522153203200166,
         0.8321819194149599,
         0.8522153203200166,
         0.8522153203200166,
         0.8321819194149599,
         0.8522153203200166,
         0.8522153203200166,
         0.8522153203200166,
         0.8522153203200166,
         0.8522153203200166,
         0.8522153203200166,
         0.8522153203200166,
         0.8522153203200166,
         0.8522153203200166
      ],
      "props_kdn": [
         0.44,
         0.72,
         0.85,
         0.97
      ],
      "props_dynamic_kdn": [
         0.06,
         0.16,
         0.27,
         0.46,
         0.59,
         0.67,
         0.74,
         0.76,
         0.8,
         0.82,
         0.85,
         0.88,
         0.91,
         0.92,
         0.94,
         0.96,
         0.97,
         0.98,
         0.99
      ],
      "props_dynamic_kdn_full": [
         0.27,
         0.7,
         0.8,
         0.89,
         0.92,
         0.93,
         0.96,
         0.98,
         0.99,
         0.99,
         1.0,
         1.0,
         1.0,
         1.0,
         1.0,
         1.0,
         1.0,
         1.0,
         1.0
      ]
   },
   "KNeighborsClassifier": {
      "cv_score": [
         0.8380549682875265,
         0.046117879761305616
      ],
      "best_params": {
         "n_jobs": -1,
         "n_neighbors": 11
      },
      "test_score": 0.8354101966249685,
      "test_score_kdn": [
         0.8118174363892494,
         0.8354101966249685,
         0.85,
         0.8695523853491429
      ],
      "test_score_dynamic_kdn": [
         0.5,
         0.7930471350766347,
         0.7930471350766347,
         0.8307785452577072,
         0.85,
         0.8321819194149599,
         0.7981423969999719,
         0.7981423969999719,
         0.814921933462603,
         0.814921933462603,
         0.814921933462603,
         0.8321819194149599,
         0.8522153203200166,
         0.8695523853491429,
         0.8354101966249685,
         0.8522153203200166,
         0.8522153203200166,
         0.8190656431134268,
         0.8190656431134268
      ],
      "test_score_dynamic_kdn_full": [
         0.8307785452577072,
         0.8321819194149599,
         0.8321819194149599,
         0.8354101966249685,
         0.8354101966249685,
         0.8354101966249685,
         0.814921933462603,
         0.814921933462603,
         0.814921933462603,
         0.8354101966249685,
         0.8354101966249685,
         0.8354101966249685,
         0.8354101966249685,
         0.8354101966249685,
         0.8354101966249685,
         0.8354101966249685,
         0.8354101966249685,
         0.8354101966249685,
         0.8354101966249685
      ],
      "props_kdn": [
         0.44,
         0.72,
         0.85,
         0.97
      ],
      "props_dynamic_kdn": [
         0.06,
         0.16,
         0.27,
         0.46,
         0.59,
         0.67,
         0.74,
         0.76,
         0.8,
         0.82,
         0.85,
         0.88,
         0.91,
         0.92,
         0.94,
         0.96,
         0.97,
         0.98,
         0.99
      ],
      "props_dynamic_kdn_full": [
         0.27,
         0.7,
         0.8,
         0.89,
         0.92,
         0.93,
         0.96,
         0.98,
         0.99,
         0.99,
         1.0,
         1.0,
         1.0,
         1.0,
         1.0,
         1.0,
         1.0,
         1.0,
         1.0
      ]
   },
   "RandomForestClassifier": {
      "cv_score": [
         0.8332980972515855,
         0.045195189080375425
      ],
      "best_params": {
         "max_features": "sqrt",
         "n_estimators": 500,
         "random_state": 1234
      },
      "test_score": 0.814921933462603,
      "test_score_kdn": [
         0.7930949135194874,
         0.8321819194149599,
         0.85,
         0.814921933462603
      ],
      "test_score_dynamic_kdn": [
         0.7218800784900916,
         0.8125,
         0.814921933462603,
         0.7981423969999719,
         0.8321819194149599,
         0.85,
         0.8321819194149599,
         0.85,
         0.8321819194149599,
         0.85,
         0.8321819194149599,
         0.8321819194149599,
         0.8321819194149599,
         0.8321819194149599,
         0.8321819194149599,
         0.8321819194149599,
         0.8321819194149599,
         0.8321819194149599,
         0.8321819194149599
      ],
      "test_score_dynamic_kdn_full": [
         0.8321819194149599,
         0.85,
         0.85,
         0.7948114534807769,
         0.8321819194149599,
         0.814921933462603,
         0.8321819194149599,
         0.8321819194149599,
         0.8321819194149599,
         0.8321819194149599,
         0.814921933462603,
         0.8321819194149599,
         0.8321819194149599,
         0.8321819194149599,
         0.8321819194149599,
         0.8321819194149599,
         0.8321819194149599,
         0.814921933462603,
         0.8321819194149599
      ],
      "props_kdn": [
         0.44,
         0.72,
         0.85,
         0.97
      ],
      "props_dynamic_kdn": [
         0.06,
         0.16,
         0.27,
         0.46,
         0.59,
         0.67,
         0.74,
         0.76,
         0.8,
         0.82,
         0.85,
         0.88,
         0.91,
         0.92,
         0.94,
         0.96,
         0.97,
         0.98,
         0.99
      ],
      "props_dynamic_kdn_full": [
         0.27,
         0.7,
         0.8,
         0.89,
         0.92,
         0.93,
         0.96,
         0.98,
         0.99,
         0.99,
         1.0,
         1.0,
         1.0,
         1.0,
         1.0,
         1.0,
         1.0,
         1.0,
         1.0
      ]
   },
   "GradientBoostingClassifier": {
      "cv_score": [
         0.8286469344608879,
         0.05634199889512075
      ],
      "best_params": {
         "learning_rate": 0.1,
         "max_depth": 5,
         "max_features": "sqrt",
         "n_estimators": 300,
         "random_state": 1234
      },
      "test_score": 0.85,
      "test_score_kdn": [
         0.8118174363892494,
         0.8125,
         0.8321819194149599,
         0.814921933462603
      ],