{
   "housevotes84": {
      "info": {
         "complexity": {
            "global": [
               0.09837837837837836,
               0.10805405405405406,
               0.031513513513513516
            ],
            "class 0": [
               0.11717171717171719,
               0.12333333333333332,
               0.03939393939393939
            ],
            "class 1": [
               0.07674418604651162,
               0.09046511627906977,
               0.022441860465116283
            ]
         },
         "data": {
            "n": 185,
            "n0": 99,
            "n1": 86
         }
      }
   },
   "SVC": {
      "cv_score": [
         0.9621621621621621,
         0.02756226764104207
      ],
      "best_params": {
         "C": 10,
         "gamma": 0.01,
         "kernel": "rbf",
         "random_state": 1234
      },
      "test_score": 1.0,
      "test_score_kdn": [
         0.94,
         0.9036867138796656,
         1.0,
         1.0
      ],
      "test_score_dynamic_kdn": [
         0.8863750953228149,
         0.8863750953228149,
         0.8863750953228149,
         0.94,
         0.9215356541175463,
         0.8863750953228149,
         0.9791296457028144,
         1.0,
         1.0,
         1.0,
         1.0,
         1.0,
         1.0,
         1.0,
         1.0,
         1.0,
         1.0,
         1.0,
         1.0
      ],
      "test_score_dynamic_kdn_full": [
         0.94,
         1.0,
         1.0,
         1.0,
         1.0,
         1.0,
         1.0,
         1.0,
         1.0,
         1.0,
         1.0,
         1.0,
         1.0,
         1.0,
         1.0,
         1.0,
         1.0,
         1.0,
         1.0
      ],
      "props_kdn": [
         0.15,
         0.22,
         0.24,
         0.3
      ],
      "props_dynamic_kdn": [
         0.06,
         0.18,
         0.22,
         0.28,
         0.32,
         0.36,
         0.39,
         0.42,
         0.43,
         0.48,
         0.48,
         0.48,
         0.48,
         0.48,
         0.5,
         0.51,
         0.53,
         0.55,
         0.56
      ],
      "props_dynamic_kdn_full": [
         0.3,
         0.45,
         0.48,
         0.52,
         0.53,
         0.54,
         0.56,
         0.58,
         0.61,
         0.62,
         0.62,
         0.62,
         0.62,
         0.62,
         0.62,
         0.62,
         0.62,
         0.62,
         0.62
      ]
   },
   "KNeighborsClassifier": {
      "cv_score": [
         0.918918918918919,
         0.024173707864862594
      ],
      "best_params": {
         "n_jobs": -1,
         "n_neighbors": 9
      },
      "test_score": 0.9036867138796656,
      "test_score_kdn": [
         0.8863750953228149,
         0.8695290572308638,
         0.8695290572308638,
         0.9036867138796656
      ],
      "test_score_dynamic_kdn": [
         0.8530816713830762,
         0.8695290572308638,
         0.8695290572308638,
         0.8695290572308638,
         0.8695290572308638,
         0.8695290572308638,
         0.8863750953228149,
         0.8863750953228149,
         0.8863750953228149,
         0.8695290572308638,
         0.8863750953228149,
         0.8695290572308638,
         0.8695290572308638,
         0.8695290572308638,
         0.8695290572308638,
         0.8695290572308638,
         0.8863750953228149,
         0.9036867138796656,
         0.9036867138796656
      ],
      "test_score_dynamic_kdn_full": [
         0.8695290572308638,
         0.8863750953228149,
         0.8863750953228149,
         0.8863750953228149,
         0.8863750953228149,
         0.9036867138796656,
         0.9036867138796656,
         0.9036867138796656,
         0.9036867138796656,
         0.9036867138796656,
         0.9036867138796656,
         0.9036867138796656,
         0.9036867138796656,
         0.9036867138796656,
         0.9036867138796656,
         0.9036867138796656,
         0.9036867138796656,
         0.9036867138796656,
         0.9036867138796656
      ],
      "props_kdn": [
         0.15,
         0.22,
         0.24,
         0.3
      ],
      "props_dynamic_kdn": [
         0.06,
         0.18,
         0.22,
         0.28,
         0.32,
         0.36,
         0.39,
         0.42,
         0.43,
         0.48,
         0.48,
         0.48,
         0.48,
         0.48,
         0.5,
         0.51,
         0.53,
         0.55,
         0.56
      ],
      "props_dynamic_kdn_full": [
         0.3,
         0.45,
         0.48,
         0.52,
         0.53,
         0.54,
         0.56,
         0.58,
         0.61,
         0.62,
         0.62,
         0.62,
         0.62,
         0.62,
         0.62,
         0.62,
         0.62,
         0.62,
         0.62
      ]
   },
   "RandomForestClassifier": {
      "cv_score": [
         0.9567567567567569,
         0.02162162162162163
      ],
      "best_params": {
         "max_features": "sqrt",
         "n_estimators": 100,
         "random_state": 1234
      },
      "test_score": 1.0,
      "test_score_kdn": [
         0.94,
         0.9791296457028144,
         1.0,
         1.0
      ],
      "test_score_dynamic_kdn": [
         0.8369694156696927,
         1.0,
         0.8863750953228149,
         0.9791296457028144,
         1.0,
         0.9215356541175463,
         1.0,
         1.0,
         1.0,
         1.0,
         1.0,
         1.0,
         1.0,
         1.0,
         1.0,
         1.0,
         1.0,
         1.0,
         1.0
      ],
      "test_score_dynamic_kdn_full": [
         0.94,
         1.0,
         1.0,
         1.0,
         1.0,
         1.0,
         1.0,
         1.0,
         1.0,
         1.0,
         1.0,
         1.0,
         1.0,
         1.0,
         1.0,
         1.0,
         1.0,
         1.0,
         1.0
      ],
      "props_kdn": [
         0.15,
         0.22,
         0.24,
         0.3
      ],
      "props_dynamic_kdn": [
         0.06,
         0.18,
         0.22,
         0.28,
         0.32,
         0.36,
         0.39,
         0.42,
         0.43,
         0.48,
         0.48,
         0.48,
         0.48,
         0.48,
         0.5,
         0.51,
         0.53,
         0.55,
         0.56
      ],
      "props_dynamic_kdn_full": [
         0.3,
         0.45,
         0.48,
         0.52,
         0.53,
         0.54,
         0.56,
         0.58,
         0.61,
         0.62,
         0.62,
         0.62,
         0.62,
         0.62,
         0.62,
         0.62,
         0.62,
         0.62,
         0.62
      ]
   },
   "GradientBoostingClassifier": {
      "cv_score": [
         0.9567567567567569,
         0.013240485096125316
      ],
      "best_params": {
         "learning_rate": 0.1,
         "max_depth": 5,
         "max_features": null,
         "n_estimators": 100,
         "random_state": 1234
      },
      "test_score": 1.0,
      "test_score_kdn": [
         0.9790177887699391,
         1.0,
         1.0,
         1.0
      ],
      "test_score_dynamic_kdn": [
         0.8369694156696927,
         1.0,
         1.0,
         1.0,
         1.0,
         1.0,
         1.0,
         1.0,
         1.0,
         1.0,
         1.0,
         1.0,
         1.0,
         1.0,
         1.0,
         1.0,
         0.9790177887699391,
         1.0,
         1.0
      ],
      "test_score_dynamic_kdn_full": [
         1.0,
         1.0,
         1.0,
         1.0,
         1.0,
         0.9790177887699391,
         0.9790177887699391,
         0.9790177887699391,
         1.0,
         1.0,
         1.0,
         1.0,
         1.0,
         0.9791296457028144,
         1.0,
         1.0,
         1.0,
         1.0,
         0.9791296457028144
      ],
      "props_kdn": [
         0.15,
         0.22,
         0.24,
         0.3
      ],