{
   "ilpd": {
      "info": {
         "complexity": {
            "global": [
               0.3568034557235422,
               0.3529805615550756,
               0.25892008639308856
            ],
            "class 0": [
               0.2646525679758308,
               0.2702114803625378,
               0.19897280966767372
            ],
            "class 1": [
               0.5878787878787879,
               0.560530303030303,
               0.4092424242424242
            ]
         },
         "data": {
            "n": 463,
            "n0": 331,
            "n1": 132
         }
      }
   },
   "SVC": {
      "cv_score": [
         0.721435250116877,
         0.011289040006055392
      ],
      "best_params": {
         "C": 1,
         "gamma": 1,
         "kernel": "rbf",
         "random_state": 1234
      },
      "test_score": 0.5232019704624422,
      "test_score_kdn": [
         0.5126438966552347,
         0.4788520283965785,
         0.5232019704624422,
         0.5669850392515916
      ],
      "test_score_dynamic_kdn": [
         null,
         null,
         0.5,
         0.5,
         0.5,
         0.49277804190937785,
         0.5052819411813426,
         0.4518962612321288,
         0.5091380124212316,
         0.5091380124212316,
         0.5091380124212316,
         0.5208634726808519,
         0.5401257606821059,
         0.5584329978411547,
         0.5502655455498879,
         0.5349104382299208,
         0.5424375291995046,
         0.5349104382299208,
         0.5180674629265217,
         0.5180674629265217
      ],
      "test_score_dynamic_kdn_full": [
         0.5,
         0.5,
         0.5,
         0.5052819411813426,
         0.5183897408110671,
         0.5298326540418503,
         0.5314387810185164,
         0.5401257606821059,
         0.5124198783063661,
         0.5044247173285319,
         0.5411702068489849,
         0.5331411032531922,
         0.5411702068489849,
         0.5314387810185164,
         0.5232019704624422,
         0.5232019704624422,
         0.5232019704624422,
         0.5232019704624422,
         0.5232019704624422
      ],
      "props_kdn": [
         0.38,
         0.69,
         0.87,
         0.97
      ],
      "props_dynamic_kdn": [
         0.1,
         0.16,
         0.29,
         0.38,
         0.42,
         0.51,
         0.58,
         0.65,
         0.72,
         0.77,
         0.81,
         0.87,
         0.9,
         0.93,
         0.95,
         0.96,
         0.97,
         0.97
      ],
      "props_dynamic_kdn_full": [
         0.06,
         0.16,
         0.28,
         0.41,
         0.5,
         0.57,
         0.69,
         0.77,
         0.83,
         0.88,
         0.92,
         0.95,
         0.97,
         0.99,
         1.0,
         1.0,
         1.0,
         1.0,
         1.0
      ]
   },
   "KNeighborsClassifier": {
      "cv_score": [
         0.7082982702197288,
         0.029487909455984625
      ],
      "best_params": {
         "n_jobs": -1,
         "n_neighbors": 11
      },
      "test_score": 0.4680050766517458,
      "test_score_kdn": [
         0.4695058963020811,
         0.396368462568594,
         0.4379108772385579,
         0.49739608597950097
      ],
      "test_score_dynamic_kdn": [
         null,
         null,
         0.5,
         0.5,
         0.5,
         0.5,
         0.5088211063984853,
         0.4518962612321288,
         0.4418516065285969,
         0.45039658994856296,
         0.4354459609992466,
         0.4570081135548866,
         0.4354459609992466,
         0.45039658994856296,
         0.46302385536594187,
         0.46302385536594187,
         0.4680050766517458,
         0.47844382706224825,
         0.47844382706224825,
         0.47844382706224825
      ],
      "test_score_dynamic_kdn_full": [
         0.5,
         0.5,
         0.5,
         0.47998875075288205,
         0.5208634726808519,
         0.471178622366348,
         0.4379108772385579,
         0.44404230653175714,
         0.4293022311791468,
         0.4176557518881954,
         0.451017830081173,
         0.4693273303805561,
         0.49091502176531054,
         0.47416116087350973,
         0.4680050766517458,
         0.4680050766517458,
         0.4680050766517458,
         0.4680050766517458,
         0.4680050766517458
      ],
      "props_kdn": [
         0.38,
         0.69,
         0.87,
         0.97
      ],
      "props_dynamic_kdn": [
         0.1,
         0.16,
         0.29,
         0.38,
         0.42,
         0.51,
         0.58,
         0.65,
         0.72,
         0.77,
         0.81,
         0.87,
         0.9,
         0.93,
         0.95,
         0.96,
         0.97,
         0.97
      ],
      "props_dynamic_kdn_full": [
         0.06,
         0.16,
         0.28,
         0.41,
         0.5,
         0.57,
         0.69,
         0.77,
         0.83,
         0.88,
         0.92,
         0.95,
         0.97,
         0.99,
         1.0,
         1.0,
         1.0,
         1.0,
         1.0
      ]
   },
   "RandomForestClassifier": {
      "cv_score": [
         0.6976624590930341,
         0.014404715331803234
      ],
      "best_params": {
         "max_features": null,
         "n_estimators": 300,
         "random_state": 1234
      },
      "test_score": 0.590335786403466,
      "test_score_kdn": [
         0.5394239964458847,
         0.5298326540418503,
         0.5314387810185164,
         0.5588726325179137
      ],
      "test_score_dynamic_kdn": [
         null,
         null,
         0.6027079827746439,
         0.5690121853528555,
         0.5394239964458847,
         0.5733602941853136,
         0.5778084804685887,
         0.56100181121936,
         0.5778084804685887,
         0.5678316430578456,
         0.5584329978411547,
         0.5591596698796014,
         0.5401257606821059,
         0.5232019704624422,
         0.5078492086652298,
         0.558452844708501,
         0.5927998716541983,
         0.5748207870612401,
         0.5512359737484579,
         0.5671008612974747
      ],
      "test_score_dynamic_kdn_full": [
         0.5739440375223858,
         0.5,
         0.6073994706872993,
         0.5697099804705377,
         0.5884866857173525,
         0.5884866857173525,
         0.5495885251060039,
         0.5697099804705377,
         0.5394239964458847,
         0.5401257606821059,
         0.5678316430578456,
         0.5411702068489849,
         0.5828348268059068,
         0.5911776617454704,
         0.5984056003740222,
         0.6307592153818927,
         0.5748207870612401,
         0.590335786403466,
         0.5911776617454704
      ],
      "props_kdn": [
         0.38,
         0.69,
         0.87,
         0.97
      ],
      "props_dynamic_kdn": [
         0.1,
         0.16,
         0.29,
         0.38,
         0.42,
         0.51,
         0.58,
         0.65,
         0.72,
         0.77,
         0.81,
         0.87,
         0.9,
         0.93,
         0.95,
         0.96,
         0.97,
         0.97
      ],
      "props_dynamic_kdn_full": [
         0.06,
         0.16,
         0.28,
         0.41,
         0.5,
         0.57,
         0.69,
         0.77,
         0.83,
         0.88,
         0.92,
         0.95,
         0.97,
         0.99,
         1.0,
         1.0,
         1.0,
         1.0,
         1.0
      ]
   },
   "GradientBoostingClassifier": {
      "cv_score": [
         0.6954885460495558,
         0.006937260631419206
      ],
      "best_params": {
         "learning_rate": 0.1,
         "max_depth": 3,
         "max_features": null,
         "n_estimators": 100,
         "random_state": 1234
      },
      "test_score": 0.5854669083984855,
      "test_score_kdn": [
         0.4788520283965785,
         0.5298326540418503,
         0.5078492086652298,
         0.5759750797495655
      ],