{
   "ionosphere": {
      "info": {
         "complexity": {
            "global": [
               0.18000000000000002,
               0.21800000000000003,
               0.045750000000000006
            ],
            "class 0": [
               0.4574257425742574,
               0.5567326732673267,
               0.09742574257425743
            ],
            "class 1": [
               0.023463687150837985,
               0.026871508379888272,
               0.016592178770949723
            ]
         },
         "data": {
            "n": 280,
            "n0": 101,
            "n1": 179
         }
      }
   },
   "SVC": {
      "cv_score": [
         0.9607142857142856,
         0.01336306209562122
      ],
      "best_params": {
         "C": 100,
         "gamma": 0.1,
         "kernel": "rbf",
         "random_state": 1234
      },
      "test_score": 0.9098060568675774,
      "test_score_kdn": [
         0.9401779045059886,
         0.9135996207061903,
         0.9135996207061903,
         0.9266203360901584
      ],
      "test_score_dynamic_kdn": [
         null,
         null,
         0.5810643483377778,
         0.5810643483377778,
         0.5810643483377778,
         0.6657186970959046,
         0.642457423980145,
         0.9544563920167677,
         0.9694855340334425,
         0.9544563920167677,
         0.9534891031059411,
         0.9401779045059886,
         0.9401779045059886,
         0.9401779045059886,
         0.9543272270982607,
         0.9401779045059886,
         0.9237226415916415,
         0.9382608695652174,
         0.9543272270982607,
         0.9098060568675774
      ],
      "test_score_dynamic_kdn_full": [
         0.9401779045059886,
         0.9543272270982607,
         0.9401779045059886,
         0.9543272270982607,
         0.9401779045059886,
         0.9266203360901584,
         0.9401779045059886,
         0.9401779045059886,
         0.9266203360901584,
         0.9266203360901584,
         0.9135996207061903,
         0.9237226415916415,
         0.9098060568675774,
         0.9098060568675774,
         0.9266203360901584,
         0.9543272270982607,
         0.9098060568675774,
         0.9266203360901584,
         0.8964509696933443
      ],
      "props_kdn": [
         0.13,
         0.26,
         0.36,
         0.49
      ],
      "props_dynamic_kdn": [
         0.17,
         0.19,
         0.22,
         0.24,
         0.26,
         0.29,
         0.33,
         0.36,
         0.39,
         0.45,
         0.51,
         0.58,
         0.61,
         0.65,
         0.69,
         0.71,
         0.75,
         0.81
      ],
      "props_dynamic_kdn_full": [
         0.34,
         0.46,
         0.52,
         0.59,
         0.62,
         0.63,
         0.64,
         0.66,
         0.67,
         0.68,
         0.71,
         0.72,
         0.72,
         0.72,
         0.73,
         0.73,
         0.73,
         0.73,
         0.73
      ]
   },
   "KNeighborsClassifier": {
      "cv_score": [
         0.875,
         0.05297284633639761
      ],
      "best_params": {
         "n_jobs": -1,
         "n_neighbors": 1
      },
      "test_score": 0.8459946187657168,
      "test_score_kdn": [
         0.8058746835452361,
         0.9099718564449554,
         0.8361286303490836,
         0.821097256724286
      ],
      "test_score_dynamic_kdn": [
         0.5,
         0.8510189250087319,
         0.8058746835452361,
         0.7904020201949934,
         0.8361286303490836,
         0.821097256724286,
         0.821097256724286,
         0.8658116753442704,
         0.821097256724286,
         0.821097256724286,
         0.821097256724286,
         0.7904020201949934,
         0.7416871912466576,
         0.8058746835452361,
         0.821097256724286,
         0.821097256724286,
         0.821097256724286,
         0.821097256724286,
         0.8361286303490836
      ],
      "test_score_dynamic_kdn_full": [
         0.8510189250087319,
         0.8510189250087319,
         0.8510189250087319,
         0.8658116753442704,
         0.8658116753442704,
         0.8658116753442704,
         0.8510189250087319,
         0.8805454175454157,
         0.8658116753442704,
         0.8361286303490836,
         0.8658116753442704,
         0.8658116753442704,
         0.8510189250087319,
         0.8805454175454157,
         0.8459946187657168,
         0.8613622455379475,
         0.8305227773151356,
         0.8613622455379475,
         0.8305227773151356
      ],
      "props_kdn": [
         0.13,
         0.26,
         0.36,
         0.49
      ],
      "props_dynamic_kdn": [
         0.1,
         0.17,
         0.19,
         0.22,
         0.24,
         0.26,
         0.29,
         0.33,
         0.36,
         0.39,
         0.45,
         0.51,
         0.58,
         0.61,
         0.65,
         0.69,
         0.71,
         0.75,
         0.81
      ],
      "props_dynamic_kdn_full": [
         0.34,
         0.46,
         0.52,
         0.59,
         0.62,
         0.63,
         0.64,
         0.66,
         0.67,
         0.68,
         0.71,
         0.72,
         0.72,
         0.72,
         0.73,
         0.73,
         0.73,
         0.73,
         0.73
      ]
   },
   "RandomForestClassifier": {
      "cv_score": [
         0.9214285714285715,
         0.02422260708259021
      ],
      "best_params": {
         "max_features": "sqrt",
         "n_estimators": 100,
         "random_state": 1234
      },
      "test_score": 0.9543272270982607,
      "test_score_kdn": [
         0.8805454175454157,
         0.9534891031059411,
         0.9098060568675774,
         0.9401779045059886
      ],
      "test_score_dynamic_kdn": [
         null,
         null,
         0.8058746835452361,
         0.8361286303490836,
         0.8805454175454157,
         0.8952548735870813,
         0.9099718564449554,
         0.8919482128222131,
         0.9099718564449554,
         0.9395452195167182,
         0.9099718564449554,
         0.9225725937626268,
         0.9247259785588176,
         0.9534891031059411,
         0.9694855340334425,
         0.9846582476563012,
         0.9846582476563012,
         0.9543272270982607,
         0.9691304347826086,
         0.9401779045059886
      ],
      "test_score_dynamic_kdn_full": [
         0.9543272270982607,
         0.9237226415916415,
         0.9401779045059886,
         0.8911508140052213,
         0.9534891031059411,
         0.9266203360901584,
         0.9691304347826086,
         0.9382608695652174,
         0.9401779045059886,
         0.9543272270982607,
         0.9401779045059886,
         0.9543272270982607,
         0.9401779045059886,
         0.9401779045059886,
         0.9401779045059886,
         0.9401779045059886,
         0.9401779045059886,
         0.9543272270982607,
         0.9401779045059886
      ],
      "props_kdn": [
         0.13,
         0.26,
         0.36,
         0.49
      ],
      "props_dynamic_kdn": [
         0.17,
         0.19,
         0.22,
         0.24,
         0.26,
         0.29,
         0.33,
         0.36,
         0.39,
         0.45,
         0.51,
         0.58,
         0.61,
         0.65,
         0.69,
         0.71,
         0.75,
         0.81
      ],
      "props_dynamic_kdn_full": [
         0.34,
         0.46,
         0.52,
         0.59,
         0.62,
         0.63,
         0.64,
         0.66,
         0.67,
         0.68,
         0.71,
         0.72,
         0.72,
         0.72,
         0.73,
         0.73,
         0.73,
         0.73,
         0.73
      ]
   },
   "GradientBoostingClassifier": {
      "cv_score": [
         0.9321428571428572,
         0.032732683535398835
      ],
      "best_params": {
         "learning_rate": 0.1,
         "max_depth": 3,
         "max_features": "sqrt",
         "n_estimators": 100,
         "random_state": 1234
      },
      "test_score": 0.9691304347826086,