{
   "kr_vs_kp": {
      "info": {
         "complexity": {
            "global": [
               0.13708920187793427,
               0.11623630672926448,
               0.026447574334898277
            ],
            "class 0": [
               0.1446355446355446,
               0.12247338247338246,
               0.0284029484029484
            ],
            "class 1": [
               0.130187265917603,
               0.11053183520599251,
               0.024659176029962544
            ]
         },
         "data": {
            "n": 2556,
            "n0": 1221,
            "n1": 1335
         }
      }
   },
   "SVC": {
      "cv_score": [
         0.991390196917808,
         0.004565460368203138
      ],
      "best_params": {
         "C": 1000,
         "gamma": 0.01,
         "kernel": "rbf",
         "random_state": 1234
      },
      "test_score": 0.9953052956471404,
      "test_score_kdn": [
         0.9780830495871002,
         0.9798144327299909,
         0.992173858432736,
         0.992191030602944
      ],
      "test_score_dynamic_kdn": [
         0.8206894806024855,
         0.9454803697224522,
         0.9330130264656173,
         0.9550112851781709,
         0.9659424747063952,
         0.9751512936624313,
         0.9797444714455079,
         0.9766097190132992,
         0.9875074385644115,
         0.9906140716893519,
         0.9890586121985181,
         0.9890586121985181,
         0.9890586121985181,
         0.9906070212516145,
         0.9890424212183314,
         0.9906140716893519,
         0.9906070212516145,
         0.992173858432736,
         0.993738014167743
      ],
      "test_score_dynamic_kdn_full": [
         0.9718426616494606,
         0.992173858432736,
         0.992173858432736,
         0.993738014167743,
         0.9953065809822839,
         0.993738014167743,
         0.9953052956471404,
         0.992191030602944,
         0.9953052956471404,
         0.993745984052514,
         0.993745984052514,
         0.993738014167743,
         0.9953052956471404,
         0.993745984052514,
         0.993738014167743,
         0.9953052956471404,
         0.992173858432736,
         0.9953052956471404,
         0.992173858432736
      ],
      "props_kdn": [
         0.53,
         0.75,
         0.83,
         0.86
      ],
      "props_dynamic_kdn": [
         0.02,
         0.09,
         0.13,
         0.2,
         0.25,
         0.29,
         0.53,
         0.59,
         0.62,
         0.64,
         0.65,
         0.66,
         0.68,
         0.7,
         0.71,
         0.71,
         0.72,
         0.72,
         0.73
      ],
      "props_dynamic_kdn_full": [
         0.23,
         0.62,
         0.66,
         0.7,
         0.71,
         0.71,
         0.71,
         0.71,
         0.71,
         0.71,
         0.71,
         0.71,
         0.71,
         0.71,
         0.71,
         0.71,
         0.71,
         0.71,
         0.71
      ]
   },
   "KNeighborsClassifier": {
      "cv_score": [
         0.9327062438845403,
         0.011590143837486536
      ],
      "best_params": {
         "n_jobs": -1,
         "n_neighbors": 3
      },
      "test_score": 0.9565223589680802,
      "test_score_kdn": [
         0.9076451655047051,
         0.9237150740949257,
         0.9502422818092038,
         0.9565223589680802
      ],
      "test_score_dynamic_kdn": [
         0.68024058402473,
         0.8309208157905499,
         0.8080898999261634,
         0.8544438844870608,
         0.8691150566229883,
         0.8730255017165995,
         0.9188418960148212,
         0.9316373258788069,
         0.9271390453413504,
         0.9423411805764041,
         0.934781079162702,
         0.9361657674021697,
         0.9422523863356291,
         0.9458584061392014,
         0.9472202021048957,
         0.9487294459195039,
         0.950362034479727,
         0.9626039744701571,
         0.9563303148740201
      ],
      "test_score_dynamic_kdn_full": [
         0.8538133440281643,
         0.9349267876503002,
         0.940822166070889,
         0.9501405117840382,
         0.9475099956470541,
         0.9566456992293897,
         0.9486195588685001,
         0.9580371263066441,
         0.9532788830370535,
         0.9565223589680802,
         0.9518703655488374,
         0.953382320388642,
         0.9550112851781709,
         0.9501405117840382,
         0.9579403104712461,
         0.9502422818092038,
         0.9488572892789187,
         0.9578616900409005,
         0.947002140531023
      ],
      "props_kdn": [
         0.53,
         0.75,
         0.83,
         0.86
      ],
      "props_dynamic_kdn": [
         0.02,
         0.09,
         0.13,
         0.2,
         0.25,
         0.29,
         0.53,
         0.59,
         0.62,
         0.64,
         0.65,
         0.66,
         0.68,
         0.7,
         0.71,
         0.71,
         0.72,
         0.72,
         0.73
      ],
      "props_dynamic_kdn_full": [
         0.23,
         0.62,
         0.66,
         0.7,
         0.71,
         0.71,
         0.71,
         0.71,
         0.71,
         0.71,
         0.71,
         0.71,
         0.71,
         0.71,
         0.71,
         0.71,
         0.71,
         0.71,
         0.71
      ]
   },
   "RandomForestClassifier": {
      "cv_score": [
         0.9933471440802348,
         0.005480107456732804
      ],
      "best_params": {
         "max_features": "sqrt",
         "n_estimators": 500,
         "random_state": 1234
      },
      "test_score": 0.9937494046020636,
      "test_score_kdn": [
         0.9782881234604998,
         0.9843744831814213,
         0.9906070212516145,
         0.9921974284893214
      ],
      "test_score_dynamic_kdn": [
         0.7943906739421027,
         0.9487294459195039,
         0.953382320388642,
         0.9626939967960991,
         0.9766097190132992,
         0.9829505388284324,
         0.9828269863825163,
         0.9844177849663334,
         0.9890586121985181,
         0.9874821593261898,
         0.9890424212183314,
         0.9906140716893519,
         0.992173858432736,
         0.9906070212516145,
         0.993738014167743,
         0.9953065809822839,
         0.9953065809822839,
         0.9953065809822839,
         0.9937494046020636
      ],
      "test_score_dynamic_kdn_full": [
         0.96431550459874,
         0.9890586121985181,
         0.9890424212183314,
         0.9921760015532151,
         0.9937494046020636,
         0.9921974284893214,
         0.9937494046020636,
         0.9937494046020636,
         0.9937494046020636,
         0.9937494046020636,
         0.9953065809822839,
         0.9921974284893214,
         0.9921974284893214,
         0.9921974284893214,
         0.9921974284893214,
         0.9937494046020636,
         0.9937494046020636,
         0.9921974284893214,
         0.9937494046020636
      ],
      "props_kdn": [
         0.53,
         0.75,
         0.83,
         0.86
      ],
      "props_dynamic_kdn": [
         0.02,
         0.09,
         0.13,
         0.2,
         0.25,
         0.29,
         0.53,
         0.59,
         0.62,
         0.64,
         0.65,
         0.66,
         0.68,
         0.7,
         0.71,
         0.71,
         0.72,
         0.72,
         0.73
      ],
      "props_dynamic_kdn_full": [
         0.23,
         0.62,
         0.66,
         0.7,
         0.71,
         0.71,
         0.71,
         0.71,
         0.71,
         0.71,
         0.71,
         0.71,
         0.71,
         0.71,
         0.71,
         0.71,
         0.71,
         0.71,
         0.71
      ]
   },
   "GradientBoostingClassifier": {
      "cv_score": [
         0.9945213123776908,
         0.002877049689572801
      ],
      "best_params": {
         "learning_rate": 0.1,
         "max_depth": 7,
         "max_features": null,
         "n_estimators": 100,
         "random_state": 1234
      },
      "test_score": 0.9953065809822839,