{
   "liver-disorders": {
      "info": {
         "complexity": {
            "global": [
               0.37931034482758624,
               0.36534482758620684,
               0.26267241379310347
            ],
            "class 0": [
               0.28611111111111115,
               0.27222222222222225,
               0.19569444444444448
            ],
            "class 1": [
               0.5318181818181817,
               0.5177272727272727,
               0.37227272727272714
            ]
         },
         "data": {
            "n": 116,
            "n0": 72,
            "n1": 44
         }
      }
   },
   "SVC": {
      "cv_score": [
         0.7333333333333332,
         0.07701640727876186
      ],
      "best_params": {
         "C": 10,
         "gamma": 0.01,
         "kernel": "rbf",
         "random_state": 1234
      },
      "test_score": 0.6978684816410538,
      "test_score_kdn": [
         0.73895986117754,
         0.7919371040605712,
         0.73895986117754,
         0.6978684816410538
      ],
      "test_score_dynamic_kdn": [
         null,
         null,
         0.6740776559556978,
         0.6978684816410538,
         0.6527938467215209,
         0.6527938467215209,
         0.6527938467215209,
         0.6527938467215209,
         0.6527938467215209,
         0.7919371040605712,
         0.7919371040605712,
         0.7919371040605712,
         0.73895986117754,
         0.6978684816410538,
         0.73895986117754,
         0.73895986117754,
         0.73895986117754,
         0.73895986117754,
         0.6978684816410538,
         0.6978684816410538
      ],
      "test_score_dynamic_kdn_full": [
         null,
         null,
         0.73895986117754,
         0.6527938467215209,
         0.73895986117754,
         0.73895986117754,
         0.73895986117754,
         0.73895986117754,
         0.73895986117754,
         0.6978684816410538,
         0.6978684816410538,
         0.73895986117754,
         0.6978684816410538,
         0.6978684816410538,
         0.6978684816410538,
         0.6978684816410538,
         0.6978684816410538,
         0.6978684816410538,
         0.6978684816410538,
         0.6978684816410538
      ],
      "props_kdn": [
         0.43,
         0.65,
         0.82,
         0.97
      ],
      "props_dynamic_kdn": [
         0.1,
         0.22,
         0.31,
         0.37,
         0.44,
         0.53,
         0.6,
         0.63,
         0.71,
         0.74,
         0.79,
         0.85,
         0.87,
         0.93,
         0.94,
         0.95,
         0.97,
         0.97
      ],
      "props_dynamic_kdn_full": [
         0.26,
         0.3,
         0.45,
         0.52,
         0.57,
         0.73,
         0.78,
         0.8,
         0.85,
         0.9,
         0.94,
         0.96,
         0.97,
         0.99,
         1.0,
         1.0,
         1.0,
         1.0
      ]
   },
   "KNeighborsClassifier": {
      "cv_score": [
         0.7072463768115942,
         0.06176021957293484
      ],
      "best_params": {
         "n_jobs": -1,
         "n_neighbors": 3
      },
      "test_score": 0.5902253661297546,
      "test_score_kdn": [
         0.6527938467215209,
         0.6562635275529451,
         0.5635209757560549,
         0.5902253661297546
      ],
      "test_score_dynamic_kdn": [
         null,
         null,
         0.5,
         0.6005842811635974,
         0.6005842811635974,
         0.6005842811635974,
         0.6562635275529451,
         0.6116713215709081,
         0.6116713215709081,
         0.6116713215709081,
         0.6562635275529451,
         0.6562635275529451,
         0.6562635275529451,
         0.6562635275529451,
         0.6562635275529451,
         0.6218313308480479,
         0.6218313308480479,
         0.6218313308480479,
         0.5902253661297546,
         0.5902253661297546
      ],
      "test_score_dynamic_kdn_full": [
         null,
         null,
         0.6005842811635974,
         0.6005842811635974,
         0.7397416871447766,
         0.6562635275529451,
         0.6986380394261651,
         0.6116713215709081,
         0.6562635275529451,
         0.6562635275529451,
         0.6562635275529451,
         0.6562635275529451,
         0.6218313308480479,
         0.5902253661297546,
         0.5902253661297546,
         0.5902253661297546,
         0.5902253661297546,
         0.5902253661297546,
         0.5902253661297546,
         0.5902253661297546
      ],
      "props_kdn": [
         0.43,
         0.65,
         0.82,
         0.97
      ],
      "props_dynamic_kdn": [
         0.1,
         0.22,
         0.31,
         0.37,
         0.44,
         0.53,
         0.6,
         0.63,
         0.71,
         0.74,
         0.79,
         0.85,
         0.87,
         0.93,
         0.94,
         0.95,
         0.97,
         0.97
      ],
      "props_dynamic_kdn_full": [
         0.26,
         0.3,
         0.45,
         0.52,
         0.57,
         0.73,
         0.78,
         0.8,
         0.85,
         0.9,
         0.94,
         0.96,
         0.97,
         0.99,
         1.0,
         1.0,
         1.0,
         1.0
      ]
   },
   "RandomForestClassifier": {
      "cv_score": [
         0.7231884057971014,
         0.10653899101153105
      ],
      "best_params": {
         "max_features": "sqrt",
         "n_estimators": 500,
         "random_state": 1234
      },
      "test_score": 0.7397416871447766,
      "test_score_kdn": [
         0.6740776559556978,
         0.8266793038882825,
         0.8266793038882825,
         0.7754447480042823
      ],
      "test_score_dynamic_kdn": [
         null,
         null,
         0.5,
         0.6527938467215209,
         0.7172620473133704,
         0.7172620473133704,
         0.6978684816410538,
         0.7172620473133704,
         0.7172620473133704,
         0.7172620473133704,
         0.7558408596267325,
         0.7558408596267325,
         0.7777466203173866,
         0.8266793038882825,
         0.8266793038882825,
         0.8522514565823994,
         0.8522514565823994,
         0.815268520501556,
         0.7357660240272506,
         0.7357660240272506
      ],
      "test_score_dynamic_kdn_full": [
         null,
         null,
         0.6527938467215209,
         0.7172620473133704,
         0.7777466203173866,
         0.7357660240272506,
         0.7357660240272506,
         0.7919371040605712,
         0.73895986117754,
         0.7919371040605712,
         0.7919371040605712,
         0.8266793038882825,
         0.7357660240272506,
         0.7357660240272506,
         0.8522514565823994,
         0.6986380394261651,
         0.6986380394261651,
         0.6986380394261651,
         0.7397416871447766,
         0.6986380394261651
      ],
      "props_kdn": [
         0.43,
         0.65,
         0.82,
         0.97
      ],
      "props_dynamic_kdn": [
         0.1,
         0.22,
         0.31,
         0.37,
         0.44,
         0.53,
         0.6,
         0.63,
         0.71,
         0.74,
         0.79,
         0.85,
         0.87,
         0.93,
         0.94,
         0.95,
         0.97,
         0.97
      ],
      "props_dynamic_kdn_full": [
         0.26,
         0.3,
         0.45,
         0.52,
         0.57,
         0.73,
         0.78,
         0.8,
         0.85,
         0.9,
         0.94,
         0.96,
         0.97,
         0.99,
         1.0,
         1.0,
         1.0,
         1.0
      ]
   },
   "GradientBoostingClassifier": {
      "cv_score": [
         0.6978260869565217,
         0.11093348541020064
      ],
      "best_params": {
         "learning_rate": 0.1,
         "max_depth": 7,
         "max_features": "sqrt",
         "n_estimators": 300,
         "random_state": 1234
      },
      "test_score": 0.8535353535353536,
      "test_score_kdn": [
         0.7172620473133704,
         0.815268520501556,
         0.8266793038882825,
         0.8535353535353536
      ],