{
   "mammographic": {
      "info": {
         "complexity": {
            "global": [
               0.2644578313253012,
               0.28149096385542166,
               0.22243975903614457
            ],
            "class 0": [
               0.252046783625731,
               0.27470760233918123,
               0.21798245614035086
            ],
            "class 1": [
               0.277639751552795,
               0.2886956521739131,
               0.22717391304347828
            ]
         },
         "data": {
            "n": 664,
            "n0": 342,
            "n1": 322
         }
      }
   },
   "SVC": {
      "cv_score": [
         0.8193210298473457,
         0.04420211728385801
      ],
      "best_params": {
         "C": 100,
         "gamma": 0.01,
         "kernel": "rbf",
         "random_state": 1234
      },
      "test_score": 0.7536869037684817,
      "test_score_kdn": [
         0.7528186816924545,
         0.7594771241830065,
         0.7727478646836323,
         0.753249116586301
      ],
      "test_score_dynamic_kdn": [
         0.7691082481059853,
         0.7468409586056645,
         0.7470596880712473,
         0.7536869037684817,
         0.7528151274668717,
         0.7529586932874635,
         0.7528151274668717,
         0.7653016834880573,
         0.7591113801722837,
         0.765746475940752,
         0.765746475940752,
         0.765746475940752,
         0.765746475940752,
         0.7599942840989411,
         0.7727478646836323,
         0.7663469540730059,
         0.7792000434812293,
         0.7727478646836323,
         0.7663469540730059
      ],
      "test_score_dynamic_kdn_full": [
         0.7282596756319937,
         0.7912948261581301,
         0.7474219317356572,
         0.7467656121095625,
         0.7467656121095625,
         0.7467656121095625,
         0.7591113801722837,
         0.765746475940752,
         0.765746475940752,
         0.7599942840989411,
         0.7727478646836323,
         0.7792000434812293,
         0.7663469540730059,
         0.7663469540730059,
         0.7599942840989411,
         0.753249116586301,
         0.7599942840989411,
         0.7536869037684817,
         0.7536869037684817
      ],
      "props_kdn": [
         0.63,
         0.81,
         0.9,
         0.97
      ],
      "props_dynamic_kdn": [
         0.03,
         0.05,
         0.17,
         0.32,
         0.48,
         0.53,
         0.72,
         0.75,
         0.77,
         0.8,
         0.81,
         0.82,
         0.83,
         0.86,
         0.89,
         0.91,
         0.92,
         0.94,
         0.94
      ],
      "props_dynamic_kdn_full": [
         0.01,
         0.09,
         0.2,
         0.52,
         0.68,
         0.73,
         0.76,
         0.81,
         0.82,
         0.85,
         0.87,
         0.89,
         0.9,
         0.93,
         0.97,
         0.98,
         0.99,
         1.0,
         1.0
      ]
   },
   "KNeighborsClassifier": {
      "cv_score": [
         0.8148097516518569,
         0.037113383039296406
      ],
      "best_params": {
         "n_jobs": -1,
         "n_neighbors": 11
      },
      "test_score": 0.765746475940752,
      "test_score_kdn": [
         0.7346999002950744,
         0.7474219317356572,
         0.7474219317356572,
         0.7536869037684817
      ],
      "test_score_dynamic_kdn": [
         0.7349402513271273,
         0.7650112601892198,
         0.7663469540730059,
         0.7599942840989411,
         0.7286959831223311,
         0.7529586932874635,
         0.7468409586056645,
         0.7409061263857072,
         0.7470596880712473,
         0.7470596880712473,
         0.7470596880712473,
         0.7409061263857072,
         0.7409061263857072,
         0.7411965496845447,
         0.7536869037684817,
         0.7599942840989411,
         0.7599942840989411,
         0.7599942840989411,
         0.7599942840989411
      ],
      "test_score_dynamic_kdn_full": [
         null,
         null,
         0.7599942840989411,
         0.7663469540730059,
         0.7286714428196424,
         0.7529586932874635,
         0.7468409586056645,
         0.7470596880712473,
         0.7470596880712473,
         0.7470596880712473,
         0.7474219317356572,
         0.7411965496845447,
         0.7474219317356572,
         0.753249116586301,
         0.7599942840989411,
         0.765746475940752,
         0.765746475940752,
         0.765746475940752,
         0.765746475940752,
         0.765746475940752
      ],
      "props_kdn": [
         0.63,
         0.81,
         0.9,
         0.97
      ],
      "props_dynamic_kdn": [
         0.03,
         0.05,
         0.17,
         0.32,
         0.48,
         0.53,
         0.72,
         0.75,
         0.77,
         0.8,
         0.81,
         0.82,
         0.83,
         0.86,
         0.89,
         0.91,
         0.92,
         0.94,
         0.94
      ],
      "props_dynamic_kdn_full": [
         0.09,
         0.2,
         0.52,
         0.68,
         0.73,
         0.76,
         0.81,
         0.82,
         0.85,
         0.87,
         0.89,
         0.9,
         0.93,
         0.97,
         0.98,
         0.99,
         1.0,
         1.0
      ]
   },
   "RandomForestClassifier": {
      "cv_score": [
         0.7982456140350876,
         0.02453069534484646
      ],
      "best_params": {
         "max_features": "sqrt",
         "n_estimators": 300,
         "random_state": 1234
      },
      "test_score": 0.7474219317356572,
      "test_score_kdn": [
         0.7588961510530138,
         0.7650112601892198,
         0.7606645592292733,
         0.7536869037684817
      ],
      "test_score_dynamic_kdn": [
         0.7470596880712473,
         0.7650112601892198,
         0.7589175753081612,
         0.7470596880712473,
         0.7528151274668717,
         0.7653016834880573,
         0.7653016834880573,
         0.7653016834880573,
         0.7591113801722837,
         0.7599942840989411,
         0.7591113801722837,
         0.765746475940752,
         0.7529586932874635,
         0.7594771241830065,
         0.7727478646836323,
         0.765746475940752,
         0.7599942840989411,
         0.7715323166303558,
         0.7715323166303558
      ],
      "test_score_dynamic_kdn_full": [
         0.7560453253706771,
         0.7536869037684817,
         0.7529586932874635,
         0.7588961510530138,
         0.7594771241830065,
         0.7594771241830065,
         0.7594771241830065,
         0.7599942840989411,
         0.7715323166303558,
         0.7663469540730059,
         0.7663469540730059,
         0.7606645592292733,
         0.7663469540730059,
         0.747928572284453,
         0.7542733346365998,
         0.7550104781274276,
         0.7353667392883079,
         0.753249116586301,
         0.753249116586301
      ],
      "props_kdn": [
         0.63,
         0.81,
         0.9,
         0.97
      ],
      "props_dynamic_kdn": [
         0.03,
         0.05,
         0.17,
         0.32,
         0.48,
         0.53,
         0.72,
         0.75,
         0.77,
         0.8,
         0.81,
         0.82,
         0.83,
         0.86,
         0.89,
         0.91,
         0.92,
         0.94,
         0.94
      ],
      "props_dynamic_kdn_full": [
         0.01,
         0.09,
         0.2,
         0.52,
         0.68,
         0.73,
         0.76,
         0.81,
         0.82,
         0.85,
         0.87,
         0.89,
         0.9,
         0.93,
         0.97,
         0.98,
         0.99,
         1.0,
         1.0
      ]
   },
   "GradientBoostingClassifier": {
      "cv_score": [
         0.8117680565048987,
         0.034509118913063755
      ],
      "best_params": {
         "learning_rate": 0.1,
         "max_depth": 3,
         "max_features": "sqrt",
         "n_estimators": 100,
         "random_state": 1234
      },
      "test_score": 0.7653016834880573,