{
   "mushroom": {
      "info": {
         "complexity": {
            "global": [
               0.0002461917218033544,
               0.00035543929835359295,
               0.00022311124788428993
            ],
            "class 0": [
               0.0,
               0.00010101010101010104,
               8.615567439096852e-05
            ],
            "class 1": [
               0.0005106926268751995,
               0.0006287902968400895,
               0.0003702521544845197
            ]
         },
         "data": {
            "n": 6499,
            "n0": 3366,
            "n1": 3133
         }
      }
   },
   "SVC": {
      "cv_score": [
         1.0,
         0.0
      ],
      "best_params": {
         "C": 1,
         "gamma": 0.1,
         "kernel": "rbf",
         "random_state": 1234
      },
      "test_score": 1.0,
      "test_score_kdn": [
         0.8390688662874338,
         0.597630019280069,
         0.5626741329030845,
         0.590245666797976
      ],
      "test_score_dynamic_kdn": [
         0.9872111927952962,
         0.5952228954046623,
         0.5590343511860671,
         0.807299847421824,
         0.791507877939524,
         0.7767578766212213,
         0.803461871068796,
         0.8007680155175039,
         0.7827648856782913,
         0.8929226009197226,
         0.8251622418795033,
         0.8169122931026317,
         0.8738892726348376,
         0.7494008257381201,
         0.7817889393908038,
         0.754921905243951,
         0.8068522654014192,
         0.7623530723534921,
         0.7657705108669436
      ],
      "test_score_dynamic_kdn_full": [
         0.5551699137506312,
         0.589393023609871,
         0.7736347351728359,
         0.6604464763716437,
         0.5510297162892913,
         0.8465352597437003,
         0.5944089774674368,
         0.7515533351887355,
         0.8321951389135533,
         0.7640076525849308,
         0.6153716867017749,
         0.7988907180023359,
         0.7915049887460883,
         0.7650504129639787,
         0.7484041156710335,
         0.8168249968088764,
         0.6942916705874489,
         0.6023007135508054,
         0.7696659487120378
      ],
      "props_kdn": [
         0.0,
         0.0,
         0.0,
         0.0
      ],
      "props_dynamic_kdn": [
         0.1,
         0.0,
         0.0,
         0.0,
         0.0,
         0.0,
         0.0,
         0.0,
         0.0,
         0.0,
         0.0,
         0.0,
         0.0,
         0.0,
         0.0,
         0.0,
         0.0,
         0.0,
         0.0
      ],
      "props_dynamic_kdn_full": [
         0.0,
         0.0,
         0.0,
         0.0,
         0.0,
         0.0,
         0.0,
         0.0,
         0.0,
         0.0,
         0.0,
         0.0,
         0.0,
         0.0,
         0.0,
         0.0,
         0.0,
         0.0,
         0.0
      ]
   },
   "KNeighborsClassifier": {
      "cv_score": [
         1.0,
         0.0
      ],
      "best_params": {
         "n_jobs": -1,
         "n_neighbors": 1
      },
      "test_score": 1.0,
      "test_score_kdn": [
         0.8465852424852269,
         0.7140965053664043,
         0.8107255191685799,
         0.6768342350163088
      ],
      "test_score_dynamic_kdn": [
         0.9975408186050199,
         0.5550216255858104,
         0.6435227921106773,
         0.9160008175983689,
         0.8693499042310733,
         0.9064718652275201,
         0.897820511582784,
         0.824127318882176,
         0.7178660773783376,
         0.8970809646111604,
         0.9081738664938055,
         0.87941581456682,
         0.8091693378993641,
         0.8284045682181214,
         0.8683416996998923,
         0.847556879692156,
         0.8937544121129908,
         0.7914502545661033,
         0.8478556319641843
      ],
      "test_score_dynamic_kdn_full": [
         0.593427815429336,
         0.7059326617911917,
         0.6612478826156717,
         0.8794986256551423,
         0.73809947267962,
         0.8863705847837005,
         0.8694527123247425,
         0.8181996806511651,
         0.7702862738630736,
         0.8354436027332987,
         0.731041647780823,
         0.8269085713212418,
         0.8869902419578211,
         0.8401571677786592,
         0.8538855454835885,
         0.7322011734080804,
         0.8831996995344884,
         0.871820700139364,
         0.8099287641200886
      ],
      "props_kdn": [
         0.0,
         0.0,
         0.0,
         0.0
      ],
      "props_dynamic_kdn": [
         0.1,
         0.0,
         0.0,
         0.0,
         0.0,
         0.0,
         0.0,
         0.0,
         0.0,
         0.0,
         0.0,
         0.0,
         0.0,
         0.0,
         0.0,
         0.0,
         0.0,
         0.0,
         0.0
      ],
      "props_dynamic_kdn_full": [
         0.0,
         0.0,
         0.0,
         0.0,
         0.0,
         0.0,
         0.0,
         0.0,
         0.0,
         0.0,
         0.0,
         0.0,
         0.0,
         0.0,
         0.0,
         0.0,
         0.0,
         0.0,
         0.0
      ]
   },
   "RandomForestClassifier": {
      "cv_score": [
         1.0,
         0.0
      ],
      "best_params": {
         "max_features": null,
         "n_estimators": 100,
         "random_state": 1234
      },
      "test_score": 1.0,
      "test_score_kdn": [
         0.9013008187012098,
         0.6873377579869747,
         0.6610186925557971,
         0.6349785418887584
      ],
      "test_score_dynamic_kdn": [
         0.9919969923116556,
         0.588719311295357,
         0.5663306474124199,
         0.9086612931620619,
         0.8902966554305265,
         0.901132789813996,
         0.6506843825649358,
         0.8756902107226054,
         0.7260709544990394,
         0.9124887673444944,
         0.883557034824523,
         0.7095106090973967,
         0.8602277654885422,
         0.87629170769378,
         0.8185839471566667,
         0.7300327510289889,
         0.876764898408662,
         0.6886835738646697,
         0.7908162637542618
      ],
      "test_score_dynamic_kdn_full": [
         0.5,
         0.685453299917676,
         0.7057448972160411,
         0.7290508716363988,
         0.7216819304604785,
         0.8635915872206146,
         0.7520071398102359,
         0.906553504291334,
         0.8469073924495019,
         0.8920202856710953,
         0.685238050043469,
         0.8397115296316382,
         0.8964931977144583,
         0.8158065828989214,
         0.7135674127305449,
         0.8756902107226054,
         0.7300466389824973,
         0.8193105177739433,
         0.875089307754843
      ],
      "props_kdn": [
         0.0,
         0.0,
         0.0,
         0.0
      ],
      "props_dynamic_kdn": [
         0.1,
         0.0,
         0.0,
         0.0,
         0.0,
         0.0,
         0.0,
         0.0,
         0.0,
         0.0,
         0.0,
         0.0,
         0.0,
         0.0,
         0.0,
         0.0,
         0.0,
         0.0,
         0.0
      ],
      "props_dynamic_kdn_full": [
         0.0,
         0.0,
         0.0,
         0.0,
         0.0,
         0.0,
         0.0,
         0.0,
         0.0,
         0.0,
         0.0,
         0.0,
         0.0,
         0.0,
         0.0,
         0.0,
         0.0,
         0.0,
         0.0
      ]
   },
   "GradientBoostingClassifier": {
      "cv_score": [
         1.0,
         0.0
      ],
      "best_params": {
         "learning_rate": 0.1,
         "max_depth": 3,
         "max_features": null,
         "n_estimators": 300,
         "random_state": 1234
      },
      "test_score": 1.0,
      "test_score_kdn": [
         0.8743291591987941,
         0.735789146494466,
         0.886954994780216,
         0.6772371470901191
      ],