{
   "r2": {
      "info": {
         "complexity": {
            "global": [
               0.341304347826087,
               0.3769565217391304,
               0.1988043478260869
            ],
            "class 0": [
               0.3756097560975609,
               0.4139024390243902,
               0.22341463414634147
            ],
            "class 1": [
               0.3137254901960784,
               0.34725490196078423,
               0.17901960784313722
            ]
         },
         "data": {
            "n": 92,
            "n0": 41,
            "n1": 51
         }
      }
   },
   "SVC": {
      "cv_score": [
         0.8058479532163743,
         0.08463586539822325
      ],
      "best_params": {
         "C": 100,
         "gamma": 0.01,
         "kernel": "rbf",
         "random_state": 1234
      },
      "test_score": 0.7926847035024818,
      "test_score_kdn": [
         0.719093582749468,
         0.7552447552447552,
         0.7926847035024818,
         0.7926847035024818
      ],
      "test_score_dynamic_kdn": [
         null,
         null,
         0.5126068226414825,
         0.5755708654903178,
         0.719093582749468,
         0.719093582749468,
         0.719093582749468,
         0.8039040018782944,
         0.7049585128946637,
         0.7482517482517482,
         0.7482517482517482,
         0.7552447552447552,
         0.7552447552447552,
         0.7926847035024818,
         0.7926847035024818,
         0.7926847035024818,
         0.7926847035024818,
         0.7926847035024818,
         0.7926847035024818,
         0.7926847035024818
      ],
      "test_score_dynamic_kdn_full": [
         0.3888456399098242,
         0.6713286713286714,
         0.719093582749468,
         0.74830427232533,
         0.7926847035024818,
         0.7926847035024818,
         0.7926847035024818,
         0.7926847035024818,
         0.7926847035024818,
         0.7926847035024818,
         0.7926847035024818,
         0.7926847035024818,
         0.7926847035024818,
         0.7926847035024818,
         0.7926847035024818,
         0.7926847035024818,
         0.7926847035024818,
         0.7926847035024818,
         0.7926847035024818
      ],
      "props_kdn": [
         0.46,
         0.73,
         0.92,
         1.0
      ],
      "props_dynamic_kdn": [
         0.04,
         0.13,
         0.24,
         0.32,
         0.4,
         0.46,
         0.55,
         0.6,
         0.66,
         0.78,
         0.82,
         0.86,
         0.9,
         0.92,
         0.98,
         1.0,
         1.0,
         1.0
      ],
      "props_dynamic_kdn_full": [
         0.04,
         0.32,
         0.39,
         0.55,
         0.65,
         0.74,
         0.83,
         0.89,
         0.97,
         0.99,
         0.99,
         0.99,
         1.0,
         1.0,
         1.0,
         1.0,
         1.0,
         1.0,
         1.0
      ]
   },
   "KNeighborsClassifier": {
      "cv_score": [
         0.7502923976608187,
         0.07396216025151989
      ],
      "best_params": {
         "n_jobs": -1,
         "n_neighbors": 7
      },
      "test_score": 0.7552447552447552,
      "test_score_kdn": [
         0.6201480937658373,
         0.7049585128946637,
         0.7552447552447552,
         0.7552447552447552
      ],
      "test_score_dynamic_kdn": [
         null,
         null,
         null,
         null,
         0.5,
         0.6638886943392722,
         0.5790174426551268,
         0.6648150856509504,
         0.7069593385961789,
         0.74830427232533,
         0.74830427232533,
         0.7049585128946637,
         0.7049585128946637,
         0.6643356643356644,
         0.7090605025017727,
         0.7090605025017727,
         0.6713286713286714,
         0.719093582749468,
         0.7552447552447552,
         0.7552447552447552,
         0.7552447552447552
      ],
      "test_score_dynamic_kdn_full": [
         null,
         null,
         0.6207011373963169,
         0.5729271269465734,
         0.6207011373963169,
         0.6648150856509504,
         0.74830427232533,
         0.7090605025017727,
         0.6643356643356644,
         0.6713286713286714,
         0.7090605025017727,
         0.7090605025017727,
         0.7090605025017727,
         0.7552447552447552,
         0.7552447552447552,
         0.7552447552447552,
         0.7552447552447552,
         0.7552447552447552,
         0.7552447552447552,
         0.7552447552447552
      ],
      "props_kdn": [
         0.46,
         0.73,
         0.92,
         1.0
      ],
      "props_dynamic_kdn": [
         0.13,
         0.24,
         0.32,
         0.4,
         0.46,
         0.55,
         0.6,
         0.66,
         0.78,
         0.82,
         0.86,
         0.9,
         0.92,
         0.98,
         1.0,
         1.0,
         1.0
      ],
      "props_dynamic_kdn_full": [
         0.32,
         0.39,
         0.55,
         0.65,
         0.74,
         0.83,
         0.89,
         0.97,
         0.99,
         0.99,
         0.99,
         1.0,
         1.0,
         1.0,
         1.0,
         1.0,
         1.0,
         1.0
      ]
   },
   "RandomForestClassifier": {
      "cv_score": [
         0.7713450292397661,
         0.05567546308964636
      ],
      "best_params": {
         "max_features": "sqrt",
         "n_estimators": 500,
         "random_state": 1234
      },
      "test_score": 0.7552447552447552,
      "test_score_kdn": [
         0.6478280989972707,
         0.7926847035024818,
         0.8321678321678322,
         0.7552447552447552
      ],
      "test_score_dynamic_kdn": [
         null,
         null,
         0.5,
         0.7956561979945413,
         0.5971625413446944,
         0.7552447552447552,
         0.78976893202349,
         0.7090605025017727,
         0.7482517482517482,
         0.78976893202349,
         0.719093582749468,
         0.7552447552447552,
         0.7552447552447552,
         0.719093582749468,
         0.6835292447622004,
         0.7926847035024818,
         0.6835292447622004,
         0.719093582749468,
         0.719093582749468,
         0.719093582749468
      ],
      "test_score_dynamic_kdn_full": [
         0.5,
         0.5971625413446944,
         0.7552447552447552,
         0.7482517482517482,
         0.8321678321678322,
         0.719093582749468,
         0.7926847035024818,
         0.8321678321678322,
         0.7552447552447552,
         0.8321678321678322,
         0.8321678321678322,
         0.7926847035024818,
         0.719093582749468,
         0.6835292447622004,
         0.6835292447622004,
         0.719093582749468,
         0.719093582749468,
         0.6835292447622004,
         0.719093582749468
      ],
      "props_kdn": [
         0.46,
         0.73,
         0.92,
         1.0
      ],
      "props_dynamic_kdn": [
         0.04,
         0.13,
         0.24,
         0.32,
         0.4,
         0.46,
         0.55,
         0.6,
         0.66,
         0.78,
         0.82,
         0.86,
         0.9,
         0.92,
         0.98,
         1.0,
         1.0,
         1.0
      ],
      "props_dynamic_kdn_full": [
         0.04,
         0.32,
         0.39,
         0.55,
         0.65,
         0.74,
         0.83,
         0.89,
         0.97,
         0.99,
         0.99,
         0.99,
         1.0,
         1.0,
         1.0,
         1.0,
         1.0,
         1.0,
         1.0
      ]
   },
   "GradientBoostingClassifier": {
      "cv_score": [
         0.7497076023391813,
         0.028445348554421792
      ],
      "best_params": {
         "learning_rate": 0.3,
         "max_depth": 7,
         "max_features": "sqrt",
         "n_estimators": 100,
         "random_state": 1234
      },
      "test_score": 0.7552447552447552,
      "test_score_kdn": [
         0.6478280989972707,
         0.7552447552447552,
         0.7926847035024818,
         0.7552447552447552
      ],