{
   "sonar": {
      "info": {
         "complexity": {
            "global": [
               0.21927710843373494,
               0.20777108433734945,
               0.007048192771084342
            ],
            "class 0": [
               0.1550561797752809,
               0.140561797752809,
               0.005280898876404498
            ],
            "class 1": [
               0.29350649350649355,
               0.2854545454545454,
               0.009090909090909097
            ]
         },
         "data": {
            "n": 166,
            "n0": 89,
            "n1": 77
         }
      }
   },
   "SVC": {
      "cv_score": [
         0.8675579322638146,
         0.04074789892970995
      ],
      "best_params": {
         "C": 100,
         "gamma": 0.01,
         "kernel": "rbf",
         "random_state": 1234
      },
      "test_score": 0.8838727507521906,
      "test_score_kdn": [
         0.82024493467004,
         0.7913743123526675,
         0.8622919586282771,
         0.8838727507521906
      ],
      "test_score_dynamic_kdn": [
         0.8329551977662695,
         0.6497353926651352,
         0.7543735095345842,
         0.7581644701123021,
         0.7788979937344314,
         0.7788979937344314,
         0.7696799449852969,
         0.7913743123526675,
         0.7913743123526675,
         0.7913743123526675,
         0.8132072416528331,
         0.8838727507521906,
         0.8838727507521906,
         0.8838727507521906,
         0.8838727507521906,
         0.8838727507521906,
         0.8838727507521906,
         0.8838727507521906,
         0.8838727507521906
      ],
      "test_score_dynamic_kdn_full": [
         0.8090909090909091,
         0.8411211461689767,
         0.7614788942175106,
         0.8411211461689767,
         0.8622919586282771,
         0.8411211461689767,
         0.8622919586282771,
         0.7614788942175106,
         0.7913743123526675,
         0.7614788942175106,
         0.7381861043823833,
         0.7371735655321372,
         0.7371735655321372,
         0.7867483198389857,
         0.8132072416528331,
         0.7995455121771062,
         0.7913743123526675,
         0.7913743123526675,
         0.8411211461689767
      ],
      "props_kdn": [
         0.58,
         0.8,
         0.93,
         0.99
      ],
      "props_dynamic_kdn": [
         0.11,
         0.28,
         0.35,
         0.47,
         0.54,
         0.67,
         0.74,
         0.79,
         0.83,
         0.86,
         0.89,
         0.93,
         0.94,
         0.98,
         0.99,
         0.99,
         0.99,
         0.99,
         0.99
      ],
      "props_dynamic_kdn_full": [
         0.51,
         0.59,
         0.6,
         0.6,
         0.6,
         0.6,
         0.6,
         0.6,
         0.6,
         0.6,
         0.6,
         0.6,
         0.6,
         0.6,
         0.6,
         0.6,
         0.6,
         0.6,
         0.6
      ]
   },
   "KNeighborsClassifier": {
      "cv_score": [
         0.8795008912655972,
         0.079033501357898
      ],
      "best_params": {
         "n_jobs": -1,
         "n_neighbors": 1
      },
      "test_score": 0.8090909090909091,
      "test_score_kdn": [
         0.6659530907265011,
         0.7416274785363585,
         0.8090909090909091,
         0.8090909090909091
      ],
      "test_score_dynamic_kdn": [
         0.7913743123526675,
         0.5923869770874312,
         0.6964232866735123,
         0.6685499656158105,
         0.6685499656158105,
         0.6964232866735123,
         0.6918806447200494,
         0.6918806447200494,
         0.7150378077019451,
         0.7614788942175106,
         0.8096460589417889,
         0.8096460589417889,
         0.8329551977662695,
         0.8090909090909091,
         0.8090909090909091,
         0.8090909090909091,
         0.8090909090909091,
         0.8090909090909091,
         0.8090909090909091
      ],
      "test_score_dynamic_kdn_full": [
         0.7850643816492033,
         0.8337119062359573,
         0.7860387767736776,
         0.7850643816492033,
         0.7383656473113981,
         0.7613636363636364,
         0.8113636363636363,
         0.7371735655321372,
         0.7850643816492033,
         0.7614788942175106,
         0.7860387767736776,
         0.7614788942175106,
         0.7614788942175106,
         0.7371735655321372,
         0.7850643816492033,
         0.7614788942175106,
         0.7860387767736776,
         0.7371735655321372,
         0.7613636363636364
      ],
      "props_kdn": [
         0.58,
         0.8,
         0.93,
         0.99
      ],
      "props_dynamic_kdn": [
         0.11,
         0.28,
         0.35,
         0.47,
         0.54,
         0.67,
         0.74,
         0.79,
         0.83,
         0.86,
         0.89,
         0.93,
         0.94,
         0.98,
         0.99,
         0.99,
         0.99,
         0.99,
         0.99
      ],
      "props_dynamic_kdn_full": [
         0.51,
         0.59,
         0.6,
         0.6,
         0.6,
         0.6,
         0.6,
         0.6,
         0.6,
         0.6,
         0.6,
         0.6,
         0.6,
         0.6,
         0.6,
         0.6,
         0.6,
         0.6,
         0.6
      ]
   },
   "RandomForestClassifier": {
      "cv_score": [
         0.8431372549019608,
         0.049037429915292405
      ],
      "best_params": {
         "max_features": "sqrt",
         "n_estimators": 500,
         "random_state": 1234
      },
      "test_score": 0.8511066249289032,
      "test_score_kdn": [
         0.7931509849889643,
         0.83166247903554,
         0.8511066249289032,
         0.8708099243547831
      ],
      "test_score_dynamic_kdn": [
         0.7867483198389857,
         0.7738612787525831,
         0.7345207879911715,
         0.7345207879911715,
         0.7738612787525831,
         0.7738612787525831,
         0.8123790088358857,
         0.83166247903554,
         0.7931509849889643,
         0.83166247903554,
         0.83166247903554,
         0.8511066249289032,
         0.8511066249289032,
         0.8708099243547831,
         0.8708099243547831,
         0.8511066249289032,
         0.8708099243547831,
         0.8511066249289032,
         0.8708099243547831
      ],
      "test_score_dynamic_kdn_full": [
         0.9059803883903454,
         0.8908679799852858,
         0.8622919586282771,
         0.8708099243547831,
         0.8708099243547831,
         0.8622919586282771,
         0.8353105352955882,
         0.8353105352955882,
         0.8908679799852858,
         0.8411211461689767,
         0.8096460589417889,
         0.8578132236660672,
         0.8353105352955882,
         0.9113766756037212,
         0.8511066249289032,
         0.8123790088358857,
         0.8708099243547831,
         0.8511066249289032,
         0.8511066249289032
      ],
      "props_kdn": [
         0.58,
         0.8,
         0.93,
         0.99
      ],
      "props_dynamic_kdn": [
         0.11,
         0.28,
         0.35,
         0.47,
         0.54,
         0.67,
         0.74,
         0.79,
         0.83,
         0.86,
         0.89,
         0.93,
         0.94,
         0.98,
         0.99,
         0.99,
         0.99,
         0.99,
         0.99
      ],
      "props_dynamic_kdn_full": [
         0.51,
         0.59,
         0.6,
         0.6,
         0.6,
         0.6,
         0.6,
         0.6,
         0.6,
         0.6,
         0.6,
         0.6,
         0.6,
         0.6,
         0.6,
         0.6,
         0.6,
         0.6,
         0.6
      ]
   },
   "GradientBoostingClassifier": {
      "cv_score": [
         0.8796791443850267,
         0.04225764560117539
      ],
      "best_params": {
         "learning_rate": 0.1,
         "max_depth": 5,
         "max_features": "log2",
         "n_estimators": 100,
         "random_state": 1234
      },
      "test_score": 0.9324349662087931,