{
   "splice": {
      "info": {
         "complexity": {
            "global": [
               0.34925000000000006,
               0.3565625,
               0.0008375000000000008
            ],
            "class 0": [
               0.1772020725388601,
               0.19059585492227982,
               0.0004922279792746118
            ],
            "class 1": [
               0.5096618357487923,
               0.511304347826087,
               0.0011594202898550735
            ]
         },
         "data": {
            "n": 800,
            "n0": 386,
            "n1": 414
         }
      }
   },
   "SVC": {
      "cv_score": [
         0.8724999999999999,
         0.025186802099512375
      ],
      "best_params": {
         "C": 10,
         "gamma": 0.01,
         "kernel": "rbf",
         "random_state": 1234
      },
      "test_score": 0.8849665262761108,
      "test_score_kdn": [
         0.8245902554599516,
         0.8674642655068928,
         0.8730310679819342,
         0.8700350471411844
      ],
      "test_score_dynamic_kdn": [
         0.5,
         0.5343962202261915,
         0.577697126172621,
         0.7078139770304998,
         0.7463942821428686,
         0.7801409723715803,
         0.8138728194693274,
         0.8290389042718408,
         0.8534924407388905,
         0.8572084947698877,
         0.8723625835050389,
         0.875302308260695,
         0.8685122271233695,
         0.8767480271470713,
         0.8807927134420979,
         0.865164360951967,
         0.8698828946051447,
         0.8648560924910194,
         0.8648560924910194
      ],
      "test_score_dynamic_kdn_full": [
         0.7547184136380771,
         0.7954671064427155,
         0.7850565249371767,
         0.7871167099580892,
         0.7900026556476493,
         0.7675230427219591,
         0.8037570336069979,
         0.7628263233348742,
         0.7889050616614337,
         0.7613704223329342,
         0.7899566925353044,
         0.751848950361653,
         0.7730590009029052,
         0.7926094521397882,
         0.7777338458792857,
         0.7769460861551105,
         0.7632418921592259,
         0.751848950361653,
         0.7314686994725854
      ],
      "props_kdn": [
         0.51,
         0.69,
         0.87,
         0.97
      ],
      "props_dynamic_kdn": [
         0.03,
         0.09,
         0.18,
         0.28,
         0.37,
         0.43,
         0.52,
         0.58,
         0.64,
         0.71,
         0.79,
         0.85,
         0.9,
         0.94,
         0.96,
         0.98,
         0.99,
         0.99,
         0.99
      ],
      "props_dynamic_kdn_full": [
         0.16,
         0.16,
         0.16,
         0.16,
         0.16,
         0.16,
         0.16,
         0.16,
         0.16,
         0.16,
         0.16,
         0.16,
         0.16,
         0.16,
         0.16,
         0.16,
         0.16,
         0.16,
         0.16
      ]
   },
   "KNeighborsClassifier": {
      "cv_score": [
         0.71625,
         0.024238399287081658
      ],
      "best_params": {
         "n_jobs": -1,
         "n_neighbors": 9
      },
      "test_score": 0.7562471733821419,
      "test_score_kdn": [
         0.6331204585242691,
         0.6875639235601291,
         0.7494643118571425,
         0.7691641346509062
      ],
      "test_score_dynamic_kdn": [
         0.5,
         0.5,
         0.5,
         0.5,
         0.5,
         0.5343962202261915,
         0.5598776535866588,
         0.5990447906260689,
         0.6478891030480636,
         0.6661959326503085,
         0.6957726643404482,
         0.7350019955490209,
         0.7415132389415082,
         0.7419961020067375,
         0.7468823354248377,
         0.7521551585861401,
         0.7562471733821419,
         0.7562471733821419,
         0.7562471733821419
      ],
      "test_score_dynamic_kdn_full": [
         0.7251013183950482,
         0.694906398610412,
         0.7410658643734909,
         0.7095581389385948,
         0.687860699886181,
         0.726092967140217,
         0.7092608552487301,
         0.7083562146402222,
         0.6961197758060298,
         0.6945378879203153,
         0.705010410980055,
         0.7454595563872521,
         0.670732225222596,
         0.7123355940446392,
         0.7004567484546043,
         0.7555304728282696,
         0.733935635412581,
         0.7146683486006437,
         0.7207633239881093
      ],
      "props_kdn": [
         0.51,
         0.69,
         0.87,
         0.97
      ],
      "props_dynamic_kdn": [
         0.03,
         0.09,
         0.18,
         0.28,
         0.37,
         0.43,
         0.52,
         0.58,
         0.64,
         0.71,
         0.79,
         0.85,
         0.9,
         0.94,
         0.96,
         0.98,
         0.99,
         0.99,
         0.99
      ],
      "props_dynamic_kdn_full": [
         0.16,
         0.16,
         0.16,
         0.16,
         0.16,
         0.16,
         0.16,
         0.16,
         0.16,
         0.16,
         0.16,
         0.16,
         0.16,
         0.16,
         0.16,
         0.16,
         0.16,
         0.16,
         0.16
      ]
   },
   "RandomForestClassifier": {
      "cv_score": [
         0.9475,
         0.019605483926697632
      ],
      "best_params": {
         "max_features": "sqrt",
         "n_estimators": 500,
         "random_state": 1234
      },
      "test_score": 0.9700850801657035,
      "test_score_kdn": [
         0.8521487544707889,
         0.9156628199704082,
         0.9415006926984171,
         0.9408467620858774
      ],
      "test_score_dynamic_kdn": [
         0.5,
         0.5,
         0.5343962202261915,
         0.6430830993586483,
         0.7273351473922958,
         0.7539344718092409,
         0.8063420880542471,
         0.8405311364054897,
         0.8718500518865031,
         0.9113343435681636,
         0.9156628199704082,
         0.9323045503205614,
         0.9368833866278488,
         0.9461577245170094,
         0.9461577245170094,
         0.9603802269623252,
         0.9603802269623252,
         0.9652093913497664,
         0.9555961517452747
      ],
      "test_score_dynamic_kdn_full": [
         0.8808314147484717,
         0.8665371873958659,
         0.8870973998426962,
         0.806444271046427,
         0.8768172936192811,
         0.8466141500145847,
         0.8386750591698908,
         0.8252910831916231,
         0.8768172936192811,
         0.892363810832044,
         0.9301984383714297,
         0.8319991955187918,
         0.8486833159873541,
         0.8798418774525527,
         0.9136546070287591,
         0.8768172936192811,
         0.7619700564305177,
         0.8776328214860575,
         0.8534077812719036
      ],
      "props_kdn": [
         0.51,
         0.69,
         0.87,
         0.97
      ],
      "props_dynamic_kdn": [
         0.03,
         0.09,
         0.18,
         0.28,
         0.37,
         0.43,
         0.52,
         0.58,
         0.64,
         0.71,
         0.79,
         0.85,
         0.9,
         0.94,
         0.96,
         0.98,
         0.99,
         0.99,
         0.99
      ],
      "props_dynamic_kdn_full": [
         0.16,
         0.16,
         0.16,
         0.16,
         0.16,
         0.16,
         0.16,
         0.16,
         0.16,
         0.16,
         0.16,
         0.16,
         0.16,
         0.16,
         0.16,
         0.16,
         0.16,
         0.16,
         0.16
      ]
   },
   "GradientBoostingClassifier": {
      "cv_score": [
         0.9574999999999999,
         0.017410485346480167
      ],
      "best_params": {
         "learning_rate": 0.1,
         "max_depth": 7,
         "max_features": "sqrt",
         "n_estimators": 100,
         "random_state": 1234
      },
      "test_score": 0.9799819837854069,
      "test_score_kdn": [
         0.8560529619665704,
         0.9187867465126422,
         0.9368833866278488,
         0.9503752236598733
      ],