{
   "svmguide1": {
      "info": {
         "complexity": {
            "global": [
               0.05746661270740591,
               0.060145690004046945,
               0.05013759611493322
            ],
            "class 0": [
               0.08266360505166476,
               0.08645235361653274,
               0.07182548794489094
            ],
            "class 1": [
               0.04375,
               0.045825,
               0.03833125
            ]
         },
         "data": {
            "n": 2471,
            "n0": 871,
            "n1": 1600
         }
      }
   },
   "SVC": {
      "cv_score": [
         0.9668138878665195,
         0.007958611275749082
      ],
      "best_params": {
         "C": 100,
         "gamma": 0.1,
         "kernel": "rbf",
         "random_state": 1234
      },
      "test_score": 0.9751550569580565,
      "test_score_kdn": [
         0.9769461668235087,
         0.9804843096635938,
         0.9840402860944993,
         0.9822572149709254
      ],
      "test_score_dynamic_kdn": [
         0.9125792940122415,
         0.9612286286736402,
         0.971722218540074,
         0.9733666160390378,
         0.9751474247868168,
         0.9734827857949149,
         0.9787385321100918,
         0.9804929839314408,
         0.9858256880733944,
         0.9840735556528324,
         0.9822572149709254,
         0.9822572149709254,
         0.9822572149709254,
         0.9840402860944993,
         0.9787385321100918,
         0.9840402860944993,
         0.9840313429400291,
         0.9822572149709254,
         0.9822572149709254
      ],
      "test_score_dynamic_kdn_full": [
         0.927796194843792,
         0.9734538376054966,
         0.971603977951622,
         0.9769456817683823,
         0.9751550569580565,
         0.9805981359794129,
         0.9822821100917432,
         0.9823310760229497,
         0.9840402860944993,
         0.9804929839314408,
         0.9840402860944993,
         0.9822821100917432,
         0.9858256880733944,
         0.9840402860944993,
         0.9805336496370538,
         0.9840402860944993,
         0.9822821100917432,
         0.9804929839314408,
         0.9787385321100918
      ],
      "props_kdn": [
         0.12,
         0.19,
         0.23,
         0.25
      ],
      "props_dynamic_kdn": [
         0.02,
         0.07,
         0.1,
         0.15,
         0.18,
         0.2,
         0.24,
         0.26,
         0.28,
         0.29,
         0.3,
         0.31,
         0.32,
         0.33,
         0.34,
         0.35,
         0.35,
         0.35,
         0.36
      ],
      "props_dynamic_kdn_full": [
         0.02,
         0.08,
         0.12,
         0.18,
         0.22,
         0.24,
         0.27,
         0.29,
         0.3,
         0.32,
         0.32,
         0.33,
         0.34,
         0.35,
         0.36,
         0.36,
         0.37,
         0.37,
         0.37
      ]
   },
   "KNeighborsClassifier": {
      "cv_score": [
         0.9579135484398641,
         0.002654413964192098
      ],
      "best_params": {
         "n_jobs": -1,
         "n_neighbors": 9
      },
      "test_score": 0.9715807025475026,
      "test_score_kdn": [
         0.930519267171662,
         0.9574266727973924,
         0.966233389241637,
         0.9662567981050436
      ],
      "test_score_dynamic_kdn": [
         0.8715105000193084,
         0.92366232196803,
         0.9465865054843619,
         0.9519969208124441,
         0.9429946569147825,
         0.9591004697625671,
         0.9663077487290216,
         0.962720230196075,
         0.9608808405108928,
         0.9680716731359806,
         0.9751803288978562,
         0.9733666160390378,
         0.9787141470261309,
         0.9769956239312269,
         0.9788214115414176,
         0.9822566949057253,
         0.9769461668235087,
         0.9804843096635938,
         0.9787141470261309
      ],
      "test_score_dynamic_kdn_full": [
         0.8962180002644748,
         0.9269665433001387,
         0.9376912639022879,
         0.9591004697625671,
         0.9626630892135977,
         0.9626795005962991,
         0.9662338586160755,
         0.966233389241637,
         0.9662567981050436,
         0.9751391098878919,
         0.9733666160390378,
         0.9751803288978562,
         0.9822572149709254,
         0.9787385321100918,
         0.982280869265445,
         0.9804843096635938,
         0.9733588494526153,
         0.9769215795581045,
         0.9733588494526153
      ],
      "props_kdn": [
         0.12,
         0.19,
         0.23,
         0.25
      ],
      "props_dynamic_kdn": [
         0.02,
         0.07,
         0.1,
         0.15,
         0.18,
         0.2,
         0.24,
         0.26,
         0.28,
         0.29,
         0.3,
         0.31,
         0.32,
         0.33,
         0.34,
         0.35,
         0.35,
         0.35,
         0.36
      ],
      "props_dynamic_kdn_full": [
         0.02,
         0.08,
         0.12,
         0.18,
         0.22,
         0.24,
         0.27,
         0.29,
         0.3,
         0.32,
         0.32,
         0.33,
         0.34,
         0.35,
         0.36,
         0.36,
         0.37,
         0.37,
         0.37
      ]
   },
   "RandomForestClassifier": {
      "cv_score": [
         0.9684316852737906,
         0.0047333041077098435
      ],
      "best_params": {
         "max_features": "sqrt",
         "n_estimators": 500,
         "random_state": 1234
      },
      "test_score": 0.9699999850159067,
      "test_score_kdn": [
         0.9541702305229256,
         0.978706135964491,
         0.9701089671069837,
         0.9630575037524021
      ],
      "test_score_dynamic_kdn": [
         0.9594549472415433,
         0.9718162258997123,
         0.9787385321100918,
         0.9769456817683823,
         0.9769456817683823,
         0.978706135964491,
         0.978706135964491,
         0.978706135964491,
         0.9786979023968085,
         0.9751550569580565,
         0.9804929839314408,
         0.9805981359794129,
         0.9840735556528324,
         0.9752585043676993,
         0.9718162258997123,
         0.9682870268243549,
         0.9737595674883267,
         0.9699999850159067,
         0.9752585043676993
      ],
      "test_score_dynamic_kdn_full": [
         0.9617072330680343,
         0.9822821100917432,
         0.9822572149709254,
         0.9769937436212752,
         0.9769456817683823,
         0.9751550569580565,
         0.9786979023968085,
         0.9786979023968085,
         0.9751949541284404,
         0.9805981359794129,
         0.9769937436212752,
         0.9718162258997123,
         0.9754554471014609,
         0.9701089671069837,
         0.971722218540074,
         0.971722218540074,
         0.9699999850159067,
         0.9647578277489977,
         0.9699999850159067
      ],
      "props_kdn": [
         0.12,
         0.19,
         0.23,
         0.25
      ],
      "props_dynamic_kdn": [
         0.02,
         0.07,
         0.1,
         0.15,
         0.18,
         0.2,
         0.24,
         0.26,
         0.28,
         0.29,
         0.3,
         0.31,
         0.32,
         0.33,
         0.34,
         0.35,
         0.35,
         0.35,
         0.36
      ],
      "props_dynamic_kdn_full": [
         0.02,
         0.08,
         0.12,
         0.18,
         0.22,
         0.24,
         0.27,
         0.29,
         0.3,
         0.32,
         0.32,
         0.33,
         0.34,
         0.35,
         0.36,
         0.36,
         0.37,
         0.37,
         0.37
      ]
   },
   "GradientBoostingClassifier": {
      "cv_score": [
         0.969243855559645,
         0.006449147369686374
      ],
      "best_params": {
         "learning_rate": 0.2,
         "max_depth": 3,
         "max_features": "sqrt",
         "n_estimators": 100,
         "random_state": 1234
      },
      "test_score": 0.971651376146789,