{
   "svmguide3": {
      "info": {
         "complexity": {
            "global": [
               0.2551307847082495,
               0.26513078470824947,
               0.15606639839034206
            ],
            "class 0": [
               0.14425363276089828,
               0.15327608982826949,
               0.09034346103038311
            ],
            "class 1": [
               0.6092827004219409,
               0.6224050632911392,
               0.3659915611814346
            ]
         },
         "data": {
            "n": 994,
            "n0": 757,
            "n1": 237
         }
      }
   },
   "SVC": {
      "cv_score": [
         0.8481041571493833,
         0.01852386300070344
      ],
      "best_params": {
         "C": 100,
         "gamma": 0.01,
         "kernel": "rbf",
         "random_state": 1234
      },
      "test_score": 0.6835785474607297,
      "test_score_kdn": [
         0.6867377246752262,
         0.6897608480785465,
         0.6720715747417467,
         0.6583338768969316
      ],
      "test_score_dynamic_kdn": [
         0.5558012656605572,
         0.6689497776805317,
         0.6956646941275753,
         0.7045256716699206,
         0.7045256716699206,
         0.6867377246752262,
         0.6873408455071945,
         0.6794935873198222,
         0.677524202790478,
         0.6650309263766025,
         0.6435386147719052,
         0.6462144337512178,
         0.653353325994414,
         0.6650309263766025,
         0.6673905657041258,
         0.6673905657041258,
         0.691408741576363,
         0.6810116417954392,
         0.6696507417575848
      ],
      "test_score_dynamic_kdn_full": [
         0.7127727408884266,
         0.6867377246752262,
         0.6961331641041244,
         0.6970345873328128,
         0.6883813661809149,
         0.6997907435342239,
         0.6848424577349386,
         0.6698941719356531,
         0.6785516227676427,
         0.6434990166797534,
         0.658006225430569,
         0.6557229360544399,
         0.6667076434434669,
         0.6725134341813845,
         0.6726484819271643,
         0.6726484819271643,
         0.6835785474607297,
         0.6835785474607297,
         0.6835785474607297
      ],
      "props_kdn": [
         0.61,
         0.82,
         0.87,
         0.93
      ],
      "props_dynamic_kdn": [
         0.05,
         0.25,
         0.47,
         0.59,
         0.66,
         0.69,
         0.74,
         0.77,
         0.78,
         0.8,
         0.81,
         0.83,
         0.84,
         0.86,
         0.88,
         0.91,
         0.94,
         0.96,
         0.97
      ],
      "props_dynamic_kdn_full": [
         0.16,
         0.52,
         0.66,
         0.76,
         0.81,
         0.84,
         0.87,
         0.89,
         0.9,
         0.92,
         0.93,
         0.95,
         0.96,
         0.98,
         0.99,
         1.0,
         1.0,
         1.0,
         1.0
      ]
   },
   "KNeighborsClassifier": {
      "cv_score": [
         0.8148875691589259,
         0.006705364424934362
      ],
      "best_params": {
         "n_jobs": -1,
         "n_neighbors": 11
      },
      "test_score": 0.6689497776805317,
      "test_score_kdn": [
         0.6580920888098343,
         0.6580920888098343,
         0.6580920888098343,
         0.6679894134361953
      ],
      "test_score_dynamic_kdn": [
         0.5,
         0.5569763938725558,
         0.6575013276808174,
         0.6575013276808174,
         0.6469010154488215,
         0.6469010154488215,
         0.6676304506266975,
         0.6580920888098343,
         0.6580920888098343,
         0.6580920888098343,
         0.6580920888098343,
         0.6580920888098343,
         0.6676304506266975,
         0.6580920888098343,
         0.6580920888098343,
         0.6580920888098343,
         0.677524202790478,
         0.6689497776805317,
         0.6689497776805317
      ],
      "test_score_dynamic_kdn_full": [
         0.6240326975075786,
         0.6575013276808174,
         0.6580920888098343,
         0.6580920888098343,
         0.6580920888098343,
         0.6580920888098343,
         0.6477826226637646,
         0.6580920888098343,
         0.6580920888098343,
         0.6580920888098343,
         0.6580920888098343,
         0.6679894134361953,
         0.6592884245335353,
         0.6689497776805317,
         0.6689497776805317,
         0.6689497776805317,
         0.6689497776805317,
         0.6689497776805317,
         0.6689497776805317
      ],
      "props_kdn": [
         0.61,
         0.82,
         0.87,
         0.93
      ],
      "props_dynamic_kdn": [
         0.05,
         0.25,
         0.47,
         0.59,
         0.66,
         0.69,
         0.74,
         0.77,
         0.78,
         0.8,
         0.81,
         0.83,
         0.84,
         0.86,
         0.88,
         0.91,
         0.94,
         0.96,
         0.97
      ],
      "props_dynamic_kdn_full": [
         0.16,
         0.52,
         0.66,
         0.76,
         0.81,
         0.84,
         0.87,
         0.89,
         0.9,
         0.92,
         0.93,
         0.95,
         0.96,
         0.98,
         0.99,
         1.0,
         1.0,
         1.0,
         1.0
      ]
   },
   "RandomForestClassifier": {
      "cv_score": [
         0.8531292827775239,
         0.010104095971456757
      ],
      "best_params": {
         "max_features": null,
         "n_estimators": 100,
         "random_state": 1234
      },
      "test_score": 0.7227165440283808,
      "test_score_kdn": [
         0.6956646941275753,
         0.7253619645701646,
         0.7211878192601615,
         0.7079949036081348
      ],
      "test_score_dynamic_kdn": [
         0.5807397350998229,
         0.6676304506266975,
         0.6575013276808174,
         0.6469010154488215,
         0.6469010154488215,
         0.659483339439835,
         0.669916739323183,
         0.64693506192423,
         0.7127727408884266,
         0.7127727408884266,
         0.7127727408884266,
         0.6883813661809149,
         0.7213283650199753,
         0.7294123176727287,
         0.7147390293335093,
         0.6689497776805317,
         0.716035060433831,
         0.6762204762313935,
         0.7369735376112716
      ],
      "test_score_dynamic_kdn_full": [
         0.7139957593043633,
         0.7045256716699206,
         0.635751474929766,
         0.64693506192423,
         0.7213283650199753,
         0.678289334342352,
         0.7054743336693541,
         0.7130400539127986,
         0.7046911576200832,
         0.6689497776805317,
         0.7065970069213325,
         0.7211878192601615,
         0.6740473624877391,
         0.6873408455071945,
         0.7096196384993835,
         0.7450494779354621,
         0.7217852722663021,
         0.7450494779354621,
         0.7211878192601615
      ],
      "props_kdn": [
         0.61,
         0.82,
         0.87,
         0.93
      ],
      "props_dynamic_kdn": [
         0.05,
         0.25,
         0.47,
         0.59,
         0.66,
         0.69,
         0.74,
         0.77,
         0.78,
         0.8,
         0.81,
         0.83,
         0.84,
         0.86,
         0.88,
         0.91,
         0.94,
         0.96,
         0.97
      ],
      "props_dynamic_kdn_full": [
         0.16,
         0.52,
         0.66,
         0.76,
         0.81,
         0.84,
         0.87,
         0.89,
         0.9,
         0.92,
         0.93,
         0.95,
         0.96,
         0.98,
         0.99,
         1.0,
         1.0,
         1.0,
         1.0
      ]
   },
   "GradientBoostingClassifier": {
      "cv_score": [
         0.8621795847926501,
         0.021654282381818095
      ],
      "best_params": {
         "learning_rate": 0.2,
         "max_depth": 3,
         "max_features": null,
         "n_estimators": 500,
         "random_state": 1234
      },
      "test_score": 0.7402207423688575,