{
   "transfusion": {
      "info": {
         "complexity": {
            "global": [
               0.29665551839464877,
               0.3110702341137123,
               0.25456521739130433
            ],
            "class 0": [
               0.193421052631579,
               0.20160087719298247,
               0.16598684210526315
            ],
            "class 1": [
               0.628169014084507,
               0.6626056338028169,
               0.5390140845070422
            ]
         },
         "data": {
            "n": 598,
            "n0": 456,
            "n1": 142
         }
      }
   },
   "SVC": {
      "cv_score": [
         0.7792857142857142,
         0.02806110401353944
      ],
      "best_params": {
         "C": 1,
         "gamma": 1,
         "kernel": "rbf",
         "random_state": 1234
      },
      "test_score": 0.6923790372656707,
      "test_score_kdn": [
         0.6665041442811901,
         0.7144408534658624,
         0.7303696495604325,
         0.705352571770967
      ],
      "test_score_dynamic_kdn": [
         null,
         null,
         0.6005988745375672,
         0.6457568630363655,
         0.6217437333094439,
         0.6069840755165643,
         0.6069840755165643,
         0.6810331962183155,
         0.6844571903642865,
         0.6844571903642865,
         0.6511231531263604,
         0.6653116306333952,
         0.6790466305725551,
         0.6745894812515716,
         0.7270142354598875,
         0.7180050984835434,
         0.7180050984835434,
         0.7196201382237128,
         0.7392946588823269,
         0.7392946588823269
      ],
      "test_score_dynamic_kdn_full": [
         null,
         null,
         0.4769815702054113,
         0.6228509819927147,
         0.6069840755165643,
         0.6665041442811901,
         0.6844571903642865,
         0.694999046494597,
         0.6923790372656707,
         0.7180050984835434,
         0.6653116306333952,
         0.6967155380847598,
         0.6923790372656707,
         0.6923790372656707,
         0.705352571770967,
         0.7015399258706148,
         0.6923790372656707,
         0.6923790372656707,
         0.6923790372656707,
         0.6923790372656707
      ],
      "props_kdn": [
         0.64,
         0.76,
         0.87,
         0.96
      ],
      "props_dynamic_kdn": [
         0.12,
         0.25,
         0.46,
         0.53,
         0.6,
         0.67,
         0.71,
         0.74,
         0.76,
         0.78,
         0.79,
         0.82,
         0.86,
         0.89,
         0.91,
         0.93,
         0.95,
         0.95
      ],
      "props_dynamic_kdn_full": [
         0.2,
         0.32,
         0.53,
         0.64,
         0.69,
         0.72,
         0.76,
         0.79,
         0.83,
         0.84,
         0.87,
         0.89,
         0.91,
         0.96,
         0.98,
         1.0,
         1.0,
         1.0
      ]
   },
   "KNeighborsClassifier": {
      "cv_score": [
         0.7758963585434173,
         0.018073761656683448
      ],
      "best_params": {
         "n_jobs": -1,
         "n_neighbors": 11
      },
      "test_score": 0.6923790372656707,
      "test_score_kdn": [
         0.7049828248883041,
         0.7392946588823269,
         0.6967155380847598,
         0.6923790372656707
      ],
      "test_score_dynamic_kdn": [
         null,
         null,
         0.5,
         0.5,
         0.5,
         0.6034320946234688,
         0.6590640873275456,
         0.6980558093767829,
         0.7270142354598875,
         0.7270142354598875,
         0.7270142354598875,
         0.7392946588823269,
         0.7180050984835434,
         0.7180050984835434,
         0.705352571770967,
         0.705352571770967,
         0.6967155380847598,
         0.705352571770967,
         0.705352571770967,
         0.705352571770967
      ],
      "test_score_dynamic_kdn_full": [
         null,
         null,
         0.5,
         0.5,
         0.6417916688505556,
         0.6844571903642865,
         0.7144408534658624,
         0.7015399258706148,
         0.7015399258706148,
         0.7392946588823269,
         0.6790466305725551,
         0.6836909080820464,
         0.6703172210654792,
         0.6790466305725551,
         0.6790466305725551,
         0.6923790372656707,
         0.6923790372656707,
         0.6923790372656707,
         0.6923790372656707,
         0.6923790372656707
      ],
      "props_kdn": [
         0.64,
         0.76,
         0.87,
         0.96
      ],
      "props_dynamic_kdn": [
         0.12,
         0.25,
         0.46,
         0.53,
         0.6,
         0.67,
         0.71,
         0.74,
         0.76,
         0.78,
         0.79,
         0.82,
         0.86,
         0.89,
         0.91,
         0.93,
         0.95,
         0.95
      ],
      "props_dynamic_kdn_full": [
         0.2,
         0.32,
         0.53,
         0.64,
         0.69,
         0.72,
         0.76,
         0.79,
         0.83,
         0.84,
         0.87,
         0.89,
         0.91,
         0.96,
         0.98,
         1.0,
         1.0,
         1.0
      ]
   },
   "RandomForestClassifier": {
      "cv_score": [
         0.7458403361344538,
         0.010794640186756028
      ],
      "best_params": {
         "max_features": "sqrt",
         "n_estimators": 100,
         "random_state": 1234
      },
      "test_score": 0.6521951943820252,
      "test_score_kdn": [
         0.7392946588823269,
         0.6858859787814102,
         0.7012379518061583,
         0.6717073987899772
      ],
      "test_score_dynamic_kdn": [
         null,
         null,
         0.4673372332767993,
         0.6457568630363655,
         0.5782638285560711,
         0.6404878717372541,
         0.6404878717372541,
         0.7303696495604325,
         0.7303696495604325,
         0.705352571770967,
         0.705352571770967,
         0.6923790372656707,
         0.6836909080820464,
         0.6653116306333952,
         0.6703172210654792,
         0.6934016157068728,
         0.6620292443931258,
         0.6527710241718155,
         0.6775650577251842,
         0.6786628813502228
      ],
      "test_score_dynamic_kdn_full": [
         null,
         null,
         0.4769815702054113,
         0.6217437333094439,
         0.6404878717372541,
         0.7270142354598875,
         0.7270142354598875,
         0.7180050984835434,
         0.705352571770967,
         0.6923790372656707,
         0.6703172210654792,
         0.6620292443931258,
         0.6340600399764358,
         0.6754259776859763,
         0.6541364172871929,
         0.6717073987899772,
         0.6649973710013443,
         0.6588992882805079,
         0.6257935287443164,
         0.6658551621023789
      ],
      "props_kdn": [
         0.64,
         0.76,
         0.87,
         0.96
      ],
      "props_dynamic_kdn": [
         0.12,
         0.25,
         0.46,
         0.53,
         0.6,
         0.67,
         0.71,
         0.74,
         0.76,
         0.78,
         0.79,
         0.82,
         0.86,
         0.89,
         0.91,
         0.93,
         0.95,
         0.95
      ],
      "props_dynamic_kdn_full": [
         0.2,
         0.32,
         0.53,
         0.64,
         0.69,
         0.72,
         0.76,
         0.79,
         0.83,
         0.84,
         0.87,
         0.89,
         0.91,
         0.96,
         0.98,
         1.0,
         1.0,
         1.0
      ]
   },
   "GradientBoostingClassifier": {
      "cv_score": [
         0.7725910364145657,
         0.011928268109776295
      ],
      "best_params": {
         "learning_rate": 0.1,
         "max_depth": 3,
         "max_features": "sqrt",
         "n_estimators": 100,
         "random_state": 1234
      },
      "test_score": 0.6967155380847598,
      "test_score_kdn": [
         0.7240332211686744,
         0.7059167954604415,
         0.7218565944092483,
         0.6967155380847598
      ],