{
   "w1a": {
      "info": {
         "complexity": {
            "global": [
               0.0419989904088844,
               0.03941443715295308,
               0.00943462897526502
            ],
            "class 0": [
               0.020384815392615704,
               0.023848153926157058,
               0.005018200728029124
            ],
            "class 1": [
               0.7586206896551723,
               0.5555172413793104,
               0.15586206896551721
            ]
         },
         "data": {
            "n": 1981,
            "n0": 1923,
            "n1": 58
         }
      }
   },
   "SVC": {
      "cv_score": [
         0.9813194921507264,
         0.004691886613168617
      ],
      "best_params": {
         "C": 1,
         "gamma": 0.001,
         "kernel": "rbf",
         "random_state": 1234
      },
      "test_score": 0.8756337346087442,
      "test_score_kdn": [
         0.5,
         0.6866727945233404,
         0.6866727945233404,
         0.8342229451394296
      ],
      "test_score_dynamic_kdn": [
         0.6866727945233404,
         0.6866727945233404,
         0.6866727945233404,
         0.7288583030238105,
         0.7288583030238105,
         0.7288583030238105,
         0.7288583030238105,
         0.7288583030238105,
         0.6866727945233404,
         0.6866727945233404,
         0.6866727945233404,
         0.6866727945233404,
         0.6866727945233404,
         0.6866727945233404,
         0.6866727945233404,
         0.7288583030238105,
         0.7288583030238105,
         0.7288583030238105,
         0.7288583030238105
      ],
      "test_score_dynamic_kdn_full": [
         0.6866727945233404,
         0.5,
         0.7351249155587879,
         0.6866727945233404,
         0.5,
         0.5,
         0.7645312291512731,
         0.8246437832545557,
         0.6318642005555996,
         0.6866727945233404,
         0.5,
         0.6318642005555996,
         0.6318642005555996,
         0.6318642005555996,
         0.6318642005555996,
         0.6318642005555996,
         0.5,
         0.6318642005555996,
         0.7288583030238105
      ],
      "props_kdn": [
         0.14,
         0.17,
         0.18,
         0.2
      ],
      "props_dynamic_kdn": [
         0.94,
         0.96,
         0.97,
         0.97,
         0.97,
         0.97,
         0.97,
         0.97,
         0.97,
         0.98,
         0.98,
         0.98,
         0.98,
         0.98,
         0.98,
         0.98,
         0.98,
         0.98,
         0.99
      ],
      "props_dynamic_kdn_full": [
         0.32,
         0.32,
         0.33,
         0.33,
         0.33,
         0.33,
         0.34,
         0.34,
         0.34,
         0.34,
         0.34,
         0.34,
         0.34,
         0.34,
         0.34,
         0.34,
         0.34,
         0.34,
         0.34
      ]
   },
   "KNeighborsClassifier": {
      "cv_score": [
         0.9737513675800831,
         0.0025671684898957723
      ],
      "best_params": {
         "n_jobs": -1,
         "n_neighbors": 5
      },
      "test_score": 0.6964775519422319,
      "test_score_kdn": [
         0.5,
         0.6318642005555996,
         0.6318642005555996,
         0.7288583030238105
      ],
      "test_score_dynamic_kdn": [
         0.6318642005555996,
         0.6318642005555996,
         0.6318642005555996,
         0.6318642005555996,
         0.6318642005555996,
         0.6318642005555996,
         0.6318642005555996,
         0.6318642005555996,
         0.6318642005555996,
         0.6318642005555996,
         0.6318642005555996,
         0.6318642005555996,
         0.6318642005555996,
         0.6318642005555996,
         0.6318642005555996,
         0.6318642005555996,
         0.6318642005555996,
         0.6318642005555996,
         0.7288583030238105
      ],
      "test_score_dynamic_kdn_full": [
         0.5,
         0.5,
         0.5,
         0.4961699194859369,
         0.4961699194859369,
         0.4961699194859369,
         0.4945779686238034,
         0.4945779686238034,
         0.4945779686238034,
         0.571854543273036,
         0.4945779686238034,
         0.4945779686238034,
         0.571854543273036,
         0.4961699194859369,
         0.6284238747331907,
         0.4945779686238034,
         0.571854543273036,
         0.571854543273036,
         0.4945779686238034
      ],
      "props_kdn": [
         0.14,
         0.17,
         0.18,
         0.2
      ],
      "props_dynamic_kdn": [
         0.94,
         0.96,
         0.97,
         0.97,
         0.97,
         0.97,
         0.97,
         0.97,
         0.97,
         0.98,
         0.98,
         0.98,
         0.98,
         0.98,
         0.98,
         0.98,
         0.98,
         0.98,
         0.99
      ],
      "props_dynamic_kdn_full": [
         0.32,
         0.32,
         0.33,
         0.33,
         0.33,
         0.33,
         0.34,
         0.34,
         0.34,
         0.34,
         0.34,
         0.34,
         0.34,
         0.34,
         0.34,
         0.34,
         0.34,
         0.34,
         0.34
      ]
   },
   "RandomForestClassifier": {
      "cv_score": [
         0.980815713813195,
         0.0034344447123889794
      ],
      "best_params": {
         "max_features": null,
         "n_estimators": 100,
         "random_state": 1234
      },
      "test_score": 0.8978367209177291,
      "test_score_kdn": [
         0.5,
         0.6576071478870664,
         0.6741939029583914,
         0.8289376239990163
      ],
      "test_score_dynamic_kdn": [
         0.7645312291512731,
         0.7645312291512731,
         0.7645312291512731,
         0.7645312291512731,
         0.7645312291512731,
         0.7645312291512731,
         0.7645312291512731,
         0.7645312291512731,
         0.7645312291512731,
         0.7645312291512731,
         0.7645312291512731,
         0.7645312291512731,
         0.7645312291512731,
         0.7645312291512731,
         0.7645312291512731,
         0.7645312291512731,
         0.7645312291512731,
         0.8510137233027083,
         0.8510137233027083
      ],
      "test_score_dynamic_kdn_full": [
         0.6503564231484232,
         0.4945779686238034,
         0.7242674613552182,
         0.7620243136490276,
         0.6938317719170153,
         0.7351647722914089,
         0.8034958522613351,
         0.736691625270269,
         0.7600385270803034,
         0.7541335892028297,
         0.7908156911602473,
         0.8001162855263757,
         0.7438416968472306,
         0.725588978620947,
         0.7337481898464104,
         0.7692905264999419,
         0.6911394301615905,
         0.725588978620947,
         0.7684039553983223
      ],
      "props_kdn": [
         0.14,
         0.17,
         0.18,
         0.2
      ],
      "props_dynamic_kdn": [
         0.94,
         0.96,
         0.97,
         0.97,
         0.97,
         0.97,
         0.97,
         0.97,
         0.97,
         0.98,
         0.98,
         0.98,
         0.98,
         0.98,
         0.98,
         0.98,
         0.98,
         0.98,
         0.99
      ],
      "props_dynamic_kdn_full": [
         0.32,
         0.32,
         0.33,
         0.33,
         0.33,
         0.33,
         0.34,
         0.34,
         0.34,
         0.34,
         0.34,
         0.34,
         0.34,
         0.34,
         0.34,
         0.34,
         0.34,
         0.34,
         0.34
      ]
   },
   "GradientBoostingClassifier": {
      "cv_score": [
         0.9823321374958655,
         0.006961663566435453
      ],
      "best_params": {
         "learning_rate": 0.1,
         "max_depth": 5,
         "max_features": "sqrt",
         "n_estimators": 300,
         "random_state": 1234
      },
      "test_score": 0.920834533848498,
      "test_score_kdn": [
         0.5,
         0.6866727945233404,
         0.7288583030238105,
         0.7960559281591844
      ],