{
   "w2a": {
      "info": {
         "complexity": {
            "global": [
               0.03731988472622478,
               0.03571685878962537,
               0.008382564841498562
            ],
            "class 0": [
               0.018066914498141268,
               0.022646840148698895,
               0.004375464684014873
            ],
            "class 1": [
               0.6395348837209303,
               0.4445348837209302,
               0.13372093023255816
            ]
         },
         "data": {
            "n": 2776,
            "n0": 2690,
            "n1": 86
         }
      }
   },
   "SVC": {
      "cv_score": [
         0.9816306954436451,
         0.005732400098091754
      ],
      "best_params": {
         "C": 10,
         "gamma": 0.001,
         "kernel": "rbf",
         "random_state": 1234
      },
      "test_score": 0.8787745797124019,
      "test_score_kdn": [
         0.5,
         0.652170279981182,
         0.8431974524010282,
         0.8295778243878851
      ],
      "test_score_dynamic_kdn": [
         0.8069545003632428,
         0.8255396725567556,
         0.8431974524010282,
         0.8431974524010282,
         0.8762262451885011,
         0.8762262451885011,
         0.8762262451885011,
         0.8762262451885011,
         0.8762262451885011,
         0.8431974524010282,
         0.8244470711552663,
         0.8255396725567556,
         0.8255396725567556,
         0.8069545003632428,
         0.8069545003632428,
         0.8069545003632428,
         0.8762262451885011,
         0.8762262451885011,
         0.8600585577156559
      ],
      "test_score_dynamic_kdn_full": [
         0.5826118476498305,
         0.715512933966141,
         0.7182503164556231,
         0.652170279981182,
         0.8592145172063888,
         0.8116070802095381,
         0.8762262451885011,
         0.652170279981182,
         0.8244470711552663,
         0.7436280381763829,
         0.8754622901098217,
         0.8669133190969521,
         0.7662677792914252,
         0.850750106543915,
         0.8255396725567556,
         0.8050170070915992,
         0.84631091359354,
         0.7643317280586494,
         0.7857186178364302
      ],
      "props_kdn": [
         0.12,
         0.15,
         0.16,
         0.18
      ],
      "props_dynamic_kdn": [
         0.94,
         0.96,
         0.96,
         0.97,
         0.97,
         0.97,
         0.98,
         0.98,
         0.98,
         0.98,
         0.98,
         0.98,
         0.98,
         0.98,
         0.98,
         0.98,
         0.98,
         0.99,
         0.99
      ],
      "props_dynamic_kdn_full": [
         0.29,
         0.29,
         0.29,
         0.29,
         0.3,
         0.3,
         0.3,
         0.3,
         0.3,
         0.3,
         0.3,
         0.3,
         0.3,
         0.3,
         0.3,
         0.3,
         0.3,
         0.3,
         0.3
      ]
   },
   "KNeighborsClassifier": {
      "cv_score": [
         0.9755052174476635,
         0.004909706100383765
      ],
      "best_params": {
         "n_jobs": -1,
         "n_neighbors": 5
      },
      "test_score": 0.6913956661990279,
      "test_score_kdn": [
         0.5,
         0.6075229749059181,
         0.6865045763463711,
         0.67347178785424
      ],
      "test_score_dynamic_kdn": [
         0.6865045763463711,
         0.6865045763463711,
         0.6865045763463711,
         0.6865045763463711,
         0.6865045763463711,
         0.6865045763463711,
         0.6865045763463711,
         0.6865045763463711,
         0.6865045763463711,
         0.6865045763463711,
         0.6865045763463711,
         0.6865045763463711,
         0.6865045763463711,
         0.6865045763463711,
         0.6865045763463711,
         0.6865045763463711,
         0.6865045763463711,
         0.6865045763463711,
         0.6865045763463711
      ],
      "test_score_dynamic_kdn_full": [
         0.5,
         0.6075229749059181,
         0.4932752279148752,
         0.5,
         0.5,
         0.496644899742906,
         0.573711012294005,
         0.496644899742906,
         0.496644899742906,
         0.496644899742906,
         0.573711012294005,
         0.4941803921199498,
         0.573711012294005,
         0.573711012294005,
         0.496644899742906,
         0.573711012294005,
         0.496644899742906,
         0.573711012294005,
         0.573711012294005
      ],
      "props_kdn": [
         0.12,
         0.15,
         0.16,
         0.18
      ],
      "props_dynamic_kdn": [
         0.94,
         0.96,
         0.96,
         0.97,
         0.97,
         0.97,
         0.98,
         0.98,
         0.98,
         0.98,
         0.98,
         0.98,
         0.98,
         0.98,
         0.98,
         0.98,
         0.98,
         0.99,
         0.99
      ],
      "props_dynamic_kdn_full": [
         0.29,
         0.29,
         0.29,
         0.29,
         0.3,
         0.3,
         0.3,
         0.3,
         0.3,
         0.3,
         0.3,
         0.3,
         0.3,
         0.3,
         0.3,
         0.3,
         0.3,
         0.3,
         0.3
      ]
   },
   "RandomForestClassifier": {
      "cv_score": [
         0.9816293991833561,
         0.007924760825614755
      ],
      "best_params": {
         "max_features": "sqrt",
         "n_estimators": 300,
         "random_state": 1234
      },
      "test_score": 0.7864802504036181,
      "test_score_kdn": [
         0.5,
         0.5,
         0.715512933966141,
         0.7864802504036181
      ],
      "test_score_dynamic_kdn": [
         0.7643317280586494,
         0.7411255772219127,
         0.7411255772219127,
         0.7411255772219127,
         0.7411255772219127,
         0.7643317280586494,
         0.7411255772219127,
         0.7643317280586494,
         0.7643317280586494,
         0.7643317280586494,
         0.7643317280586494,
         0.7643317280586494,
         0.7643317280586494,
         0.7643317280586494,
         0.7643317280586494,
         0.7189017579564446,
         0.7411255772219127,
         0.7872725181782554,
         0.7716618523758189
      ],
      "test_score_dynamic_kdn_full": [
         0.652170279981182,
         0.6075229749059181,
         0.622396514937564,
         0.5,
         0.7411255772219127,
         0.7411255772219127,
         0.7857186178364302,
         0.715512933966141,
         0.7436280381763829,
         0.6594468788562884,
         0.7436280381763829,
         0.7015374585163356,
         0.6594468788562884,
         0.6757488592472228,
         0.7268669607779392,
         0.7129234122242337,
         0.7015374585163356,
         0.7010765564009711,
         0.7015374585163356
      ],
      "props_kdn": [
         0.12,
         0.15,
         0.16,
         0.18
      ],
      "props_dynamic_kdn": [
         0.94,
         0.96,
         0.96,
         0.97,
         0.97,
         0.97,
         0.98,
         0.98,
         0.98,
         0.98,
         0.98,
         0.98,
         0.98,
         0.98,
         0.98,
         0.98,
         0.98,
         0.99,
         0.99
      ],
      "props_dynamic_kdn_full": [
         0.29,
         0.29,
         0.29,
         0.29,
         0.3,
         0.3,
         0.3,
         0.3,
         0.3,
         0.3,
         0.3,
         0.3,
         0.3,
         0.3,
         0.3,
         0.3,
         0.3,
         0.3,
         0.3
      ]
   },
   "GradientBoostingClassifier": {
      "cv_score": [
         0.9812683906928511,
         0.0064047184600712105
      ],
      "best_params": {
         "learning_rate": 0.1,
         "max_depth": 5,
         "max_features": "sqrt",
         "n_estimators": 500,
         "random_state": 1234
      },
      "test_score": 0.8109326146922347,
      "test_score_kdn": [
         0.5,
         0.652170279981182,
         0.7129234122242337,
         0.7864802504036181
      ],