{
   "w3a": {
      "info": {
         "complexity": {
            "global": [
               0.030083990837363198,
               0.033672690251972524,
               0.00942733519979639
            ],
            "class 0": [
               0.013577981651376147,
               0.022020969855832254,
               0.005509829619921367
            ],
            "class 1": [
               0.5824561403508771,
               0.4235964912280701,
               0.1405263157894737
            ]
         },
         "data": {
            "n": 3929,
            "n0": 3815,
            "n1": 114
         }
      }
   },
   "SVC": {
      "cv_score": [
         0.9844744817750117,
         0.0012457897154699513
      ],
      "best_params": {
         "C": 10,
         "gamma": 0.001,
         "kernel": "rbf",
         "random_state": 1234
      },
      "test_score": 0.8193345614479539,
      "test_score_kdn": [
         0.5,
         0.5,
         0.6586692548729661,
         0.805680227361302
      ],
      "test_score_dynamic_kdn": [
         0.7308158874207384,
         0.7308158874207384,
         0.7308158874207384,
         0.7308158874207384,
         0.7308158874207384,
         0.7308158874207384,
         0.7308158874207384,
         0.7308158874207384,
         0.7308158874207384,
         0.7308158874207384,
         0.7071174152431594,
         0.7263110969217448,
         0.7263110969217448,
         0.7263110969217448,
         0.7441074732468702,
         0.7441074732468702,
         0.7441074732468702,
         0.7441074732468702,
         0.7441074732468702
      ],
      "test_score_dynamic_kdn_full": [
         0.6861417815942901,
         0.7939643299840131,
         0.6861417815942901,
         0.7247364602079132,
         0.6627937373353042,
         0.7914310444326487,
         0.647547102980667,
         0.760772583662432,
         0.6586692548729661,
         0.6360886954662796,
         0.6586692548729661,
         0.8079423522877046,
         0.6861417815942901,
         0.6360886954662796,
         0.6627937373353042,
         0.6041717435032506,
         0.7263110969217448,
         0.7050504692604703,
         0.7263110969217448
      ],
      "props_kdn": [
         0.08,
         0.1,
         0.12,
         0.13
      ],
      "props_dynamic_kdn": [
         0.9,
         0.93,
         0.94,
         0.95,
         0.95,
         0.95,
         0.96,
         0.96,
         0.96,
         0.96,
         0.97,
         0.97,
         0.97,
         0.97,
         0.97,
         0.97,
         0.97,
         0.97,
         0.98
      ],
      "props_dynamic_kdn_full": [
         0.28,
         0.29,
         0.3,
         0.3,
         0.3,
         0.3,
         0.3,
         0.3,
         0.3,
         0.3,
         0.3,
         0.3,
         0.3,
         0.3,
         0.3,
         0.3,
         0.3,
         0.3,
         0.3
      ]
   },
   "KNeighborsClassifier": {
      "cv_score": [
         0.9786207678967926,
         0.001867043112309306
      ],
      "best_params": {
         "n_jobs": -1,
         "n_neighbors": 7
      },
      "test_score": 0.5915144025649361,
      "test_score_kdn": [
         0.5,
         0.5,
         0.5,
         0.5915144025649361
      ],
      "test_score_dynamic_kdn": [
         0.5915144025649361,
         0.5915144025649361,
         0.5915144025649361,
         0.5915144025649361,
         0.5915144025649361,
         0.5915144025649361,
         0.5915144025649361,
         0.5915144025649361,
         0.5915144025649361,
         0.5915144025649361,
         0.5915144025649361,
         0.5915144025649361,
         0.5915144025649361,
         0.5915144025649361,
         0.5915144025649361,
         0.5915144025649361,
         0.5915144025649361,
         0.5915144025649361,
         0.5915144025649361
      ],
      "test_score_dynamic_kdn_full": [
         0.5,
         0.5,
         0.5,
         0.5,
         0.5915144025649361,
         0.5,
         0.5,
         0.5915144025649361,
         0.5,
         0.5,
         0.5,
         0.5915144025649361,
         0.5915144025649361,
         0.5,
         0.5,
         0.5,
         0.5915144025649361,
         0.5,
         0.5
      ],
      "props_kdn": [
         0.08,
         0.1,
         0.12,
         0.13
      ],
      "props_dynamic_kdn": [
         0.9,
         0.93,
         0.94,
         0.95,
         0.95,
         0.95,
         0.96,
         0.96,
         0.96,
         0.96,
         0.97,
         0.97,
         0.97,
         0.97,
         0.97,
         0.97,
         0.97,
         0.97,
         0.98
      ],
      "props_dynamic_kdn_full": [
         0.28,
         0.29,
         0.3,
         0.3,
         0.3,
         0.3,
         0.3,
         0.3,
         0.3,
         0.3,
         0.3,
         0.3,
         0.3,
         0.3,
         0.3,
         0.3,
         0.3,
         0.3,
         0.3
      ]
   },
   "RandomForestClassifier": {
      "cv_score": [
         0.9834569942140321,
         0.002124651927235956
      ],
      "best_params": {
         "max_features": "sqrt",
         "n_estimators": 500,
         "random_state": 1234
      },
      "test_score": 0.760772583662432,
      "test_score_kdn": [
         0.5,
         0.5,
         0.5915144025649361,
         0.7764989743515311
      ],
      "test_score_dynamic_kdn": [
         0.6627937373353042,
         0.6627937373353042,
         0.6861417815942901,
         0.6861417815942901,
         0.6627937373353042,
         0.6627937373353042,
         0.6627937373353042,
         0.6861417815942901,
         0.6861417815942901,
         0.6627937373353042,
         0.6861417815942901,
         0.7071174152431594,
         0.7071174152431594,
         0.7263110969217448,
         0.7071174152431594,
         0.7263110969217448,
         0.7263110969217448,
         0.7071174152431594,
         0.7071174152431594
      ],
      "test_score_dynamic_kdn_full": [
         0.5915144025649361,
         0.6586692548729661,
         0.6294868562242159,
         0.7050504692604703,
         0.7050504692604703,
         0.6627937373353042,
         0.7050504692604703,
         0.6713673855356923,
         0.7479216962748246,
         0.6205370054101381,
         0.6713673855356923,
         0.712546557003062,
         0.6627937373353042,
         0.6861417815942901,
         0.6861417815942901,
         0.6627937373353042,
         0.7071174152431594,
         0.6833090229083384,
         0.760772583662432
      ],
      "props_kdn": [
         0.08,
         0.1,
         0.12,
         0.13
      ],
      "props_dynamic_kdn": [
         0.9,
         0.93,
         0.94,
         0.95,
         0.95,
         0.95,
         0.96,
         0.96,
         0.96,
         0.96,
         0.97,
         0.97,
         0.97,
         0.97,
         0.97,
         0.97,
         0.97,
         0.97,
         0.98
      ],
      "props_dynamic_kdn_full": [
         0.28,
         0.29,
         0.3,
         0.3,
         0.3,
         0.3,
         0.3,
         0.3,
         0.3,
         0.3,
         0.3,
         0.3,
         0.3,
         0.3,
         0.3,
         0.3,
         0.3,
         0.3,
         0.3
      ]
   },
   "GradientBoostingClassifier": {
      "cv_score": [
         0.9854932659114114,
         0.0020628799653916964
      ],
      "best_params": {
         "learning_rate": 0.1,
         "max_depth": 3,
         "max_features": "sqrt",
         "n_estimators": 500,
         "random_state": 1234
      },
      "test_score": 0.7479216962748246,
      "test_score_kdn": [
         0.5,
         0.5915144025649361,
         0.6586692548729661,
         0.7366815524732997
      ],