{
   "w4a": {
      "info": {
         "complexity": {
            "global": [
               0.0308214528173795,
               0.030751866938221326,
               0.00830278343516633
            ],
            "class 0": [
               0.017240776359503412,
               0.020879524392376298,
               0.004705368071341147
            ],
            "class 1": [
               0.4797687861271676,
               0.3571098265895953,
               0.12722543352601154
            ]
         },
         "data": {
            "n": 5892,
            "n0": 5719,
            "n1": 173
         }
      }
   },
   "SVC": {
      "cv_score": [
         0.9848946835610738,
         0.0014613464642993723
      ],
      "best_params": {
         "C": 10,
         "gamma": 0.001,
         "kernel": "rbf",
         "random_state": 1234
      },
      "test_score": 0.8806265985535799,
      "test_score_kdn": [
         0.8217984648703202,
         0.8233083761515493,
         0.8252580637764907,
         0.8489123616319445
      ],
      "test_score_dynamic_kdn": [
         0.8547485703636362,
         0.8547485703636362,
         0.8547485703636362,
         0.8547485703636362,
         0.8547485703636362,
         0.85253157332671,
         0.85253157332671,
         0.860527426058447,
         0.860527426058447,
         0.860527426058447,
         0.860527426058447,
         0.860527426058447,
         0.860527426058447,
         0.860527426058447,
         0.860527426058447,
         0.860527426058447,
         0.860527426058447,
         0.860527426058447,
         0.85253157332671
      ],
      "test_score_dynamic_kdn_full": [
         0.8052031403877218,
         0.7684849834784616,
         0.7980955262051161,
         0.8411239477128114,
         0.8248044646407429,
         0.8143590937968672,
         0.8158269376890948,
         0.8405704363733143,
         0.860527426058447,
         0.7925107513611294,
         0.8138747024111621,
         0.7587244052890271,
         0.8117411916469075,
         0.7438024949396702,
         0.8468720618525094,
         0.8038183834604857,
         0.7436930792318742,
         0.6699269604559075,
         0.7996864571970528
      ],
      "props_kdn": [
         0.11,
         0.14,
         0.15,
         0.16
      ],
      "props_dynamic_kdn": [
         0.82,
         0.85,
         0.86,
         0.88,
         0.88,
         0.88,
         0.89,
         0.89,
         0.89,
         0.89,
         0.9,
         0.9,
         0.9,
         0.9,
         0.9,
         0.9,
         0.91,
         0.91,
         0.91
      ],
      "props_dynamic_kdn_full": [
         0.26,
         0.27,
         0.28,
         0.28,
         0.28,
         0.28,
         0.28,
         0.28,
         0.28,
         0.29,
         0.29,
         0.29,
         0.29,
         0.29,
         0.29,
         0.29,
         0.29,
         0.29,
         0.29
      ]
   },
   "KNeighborsClassifier": {
      "cv_score": [
         0.9801421595522088,
         0.0016674429972862981
      ],
      "best_params": {
         "n_jobs": -1,
         "n_neighbors": 3
      },
      "test_score": 0.8215383103543838,
      "test_score_kdn": [
         0.7032683930826256,
         0.7322141757657883,
         0.7695994396208334,
         0.7489694128712477
      ],
      "test_score_dynamic_kdn": [
         0.7885517460633633,
         0.8252580637764907,
         0.8127453565261344,
         0.8468862289803696,
         0.8468862289803696,
         0.8306226613886184,
         0.8468862289803696,
         0.8384218242737985,
         0.8392350035978224,
         0.8476505795825549,
         0.8070245308577566,
         0.8070245308577566,
         0.7832505556614051,
         0.8038183834604857,
         0.8127817000272921,
         0.7963415228729704,
         0.8301017109674502,
         0.8215383103543838,
         0.8158269376890948
      ],
      "test_score_dynamic_kdn_full": [
         0.6033364263642746,
         0.7138331973100801,
         0.6743286931490708,
         0.761319928168427,
         0.6427330327151342,
         0.6484541091492994,
         0.6401676941544885,
         0.6267337736889507,
         0.7289462395943976,
         0.6922411322241407,
         0.6564275252011607,
         0.616200534070292,
         0.7337530100326409,
         0.6577631613985158,
         0.700514120654609,
         0.7447105772737237,
         0.582276703712702,
         0.6369818477344038,
         0.7389538391125745
      ],
      "props_kdn": [
         0.11,
         0.14,
         0.15,
         0.16
      ],
      "props_dynamic_kdn": [
         0.82,
         0.85,
         0.86,
         0.88,
         0.88,
         0.88,
         0.89,
         0.89,
         0.89,
         0.89,
         0.9,
         0.9,
         0.9,
         0.9,
         0.9,
         0.9,
         0.91,
         0.91,
         0.91
      ],
      "props_dynamic_kdn_full": [
         0.26,
         0.27,
         0.28,
         0.28,
         0.28,
         0.28,
         0.28,
         0.28,
         0.28,
         0.29,
         0.29,
         0.29,
         0.29,
         0.29,
         0.29,
         0.29,
         0.29,
         0.29,
         0.29
      ]
   },
   "RandomForestClassifier": {
      "cv_score": [
         0.9831974667029554,
         0.0024842175745835916
      ],
      "best_params": {
         "max_features": "log2",
         "n_estimators": 100,
         "random_state": 1234
      },
      "test_score": 0.8632608075748992,
      "test_score_kdn": [
         0.7130755419701399,
         0.761319928168427,
         0.782451043383187,
         0.8467627461523397
      ],
      "test_score_dynamic_kdn": [
         0.8467627461523397,
         0.8468862289803696,
         0.8382893986212674,
         0.8467627461523397,
         0.8306226613886184,
         0.8384218242737985,
         0.8468862289803696,
         0.8306226613886184,
         0.8217984648703202,
         0.8392350035978224,
         0.8550451836772769,
         0.8217984648703202,
         0.8233083761515493,
         0.8467627461523397,
         0.8489123616319445,
         0.8392350035978224,
         0.8382893986212674,
         0.8631497965721207,
         0.8551616310440955
      ],
      "test_score_dynamic_kdn_full": [
         0.6682789128745645,
         0.7383883650286106,
         0.7501092609640905,
         0.7723812467132474,
         0.7522977112395178,
         0.7138331973100801,
         0.7322141757657883,
         0.7720834724459105,
         0.7827074291760103,
         0.7616697297190752,
         0.7501092609640905,
         0.6743286931490708,
         0.7723812467132474,
         0.7388889024218476,
         0.7501092609640905,
         0.782451043383187,
         0.6892780295915495,
         0.7130755419701399,
         0.7938719901502114
      ],
      "props_kdn": [
         0.11,
         0.14,
         0.15,
         0.16
      ],
      "props_dynamic_kdn": [
         0.82,
         0.85,
         0.86,
         0.88,
         0.88,
         0.88,
         0.89,
         0.89,
         0.89,
         0.89,
         0.9,
         0.9,
         0.9,
         0.9,
         0.9,
         0.9,
         0.91,
         0.91,
         0.91
      ],
      "props_dynamic_kdn_full": [
         0.26,
         0.27,
         0.28,
         0.28,
         0.28,
         0.28,
         0.28,
         0.28,
         0.28,
         0.29,
         0.29,
         0.29,
         0.29,
         0.29,
         0.29,
         0.29,
         0.29,
         0.29,
         0.29
      ]
   },
   "GradientBoostingClassifier": {
      "cv_score": [
         0.984894539558286,
         0.001967037580112866
      ],
      "best_params": {
         "learning_rate": 0.1,
         "max_depth": 5,
         "max_features": "log2",
         "n_estimators": 300,
         "random_state": 1234
      },
      "test_score": 0.8586512575241609,