{
   "w5a": {
      "info": {
         "complexity": {
            "global": [
               0.027003792667509484,
               0.02704804045512011,
               0.007619469026548676
            ],
            "class 0": [
               0.014964216005204945,
               0.018425504229017575,
               0.004119713728041642
            ],
            "class 1": [
               0.4382222222222222,
               0.32155555555555554,
               0.12715555555555555
            ]
         },
         "data": {
            "n": 7910,
            "n0": 7685,
            "n1": 225
         }
      }
   },
   "SVC": {
      "cv_score": [
         0.9860935524652339,
         0.0026215475794346163
      ],
      "best_params": {
         "C": 10,
         "gamma": 0.001,
         "kernel": "rbf",
         "random_state": 1234
      },
      "test_score": 0.8496540947116047,
      "test_score_kdn": [
         0.829892464561317,
         0.8256849466830832,
         0.8321547097884654,
         0.8450382834318886
      ],
      "test_score_dynamic_kdn": [
         0.853217483945919,
         0.8584629932579347,
         0.8584629932579347,
         0.8584629932579347,
         0.8522090429303222,
         0.838691726676424,
         0.848182845144323,
         0.848182845144323,
         0.8433451496205282,
         0.853217483945919,
         0.8469030643309718,
         0.8469030643309718,
         0.8469030643309718,
         0.8469030643309718,
         0.8418163060209023,
         0.8469030643309718,
         0.8544479600107551,
         0.853217483945919,
         0.8606164627467854
      ],
      "test_score_dynamic_kdn_full": [
         0.5873648293818025,
         0.8144359974524633,
         0.812302355696495,
         0.6508022627626465,
         0.7092238173087951,
         0.7209220933994264,
         0.7806891497606038,
         0.7714519341483084,
         0.8205338780895629,
         0.7971486568931605,
         0.674592948971693,
         0.7646624566122768,
         0.8167669906060624,
         0.7837224201336219,
         0.6658269486646075,
         0.7657853098085339,
         0.812302355696495,
         0.8190139501708686,
         0.7909019661564282
      ],
      "props_kdn": [
         0.1,
         0.12,
         0.13,
         0.14
      ],
      "props_dynamic_kdn": [
         0.73,
         0.75,
         0.76,
         0.77,
         0.78,
         0.78,
         0.79,
         0.79,
         0.79,
         0.8,
         0.8,
         0.8,
         0.8,
         0.8,
         0.8,
         0.8,
         0.8,
         0.81,
         0.81
      ],
      "props_dynamic_kdn_full": [
         0.25,
         0.25,
         0.26,
         0.26,
         0.26,
         0.26,
         0.26,
         0.26,
         0.26,
         0.26,
         0.26,
         0.26,
         0.26,
         0.27,
         0.27,
         0.27,
         0.27,
         0.27,
         0.27
      ]
   },
   "KNeighborsClassifier": {
      "cv_score": [
         0.9840707964601771,
         0.001933888563941609
      ],
      "best_params": {
         "n_jobs": -1,
         "n_neighbors": 5
      },
      "test_score": 0.8339527679676904,
      "test_score_kdn": [
         0.7655801390935535,
         0.7815915973480813,
         0.8113017648971282,
         0.8261017211603052
      ],
      "test_score_dynamic_kdn": [
         0.7550325535039323,
         0.7828737362861375,
         0.7885655416211859,
         0.8035026679968319,
         0.7815915973480813,
         0.8113017648971282,
         0.8113017648971282,
         0.7967943276772402,
         0.8041288858513291,
         0.8113017648971282,
         0.7967943276772402,
         0.7892863120884835,
         0.7655801390935535,
         0.7815915973480813,
         0.812302355696495,
         0.7815915973480813,
         0.8035026679968319,
         0.7961237456353518,
         0.7920544020386482
      ],
      "test_score_dynamic_kdn_full": [
         0.4980805182313616,
         0.6474599702815006,
         0.5,
         0.5564061239078872,
         0.6318587954245559,
         0.6061476013354712,
         0.5979336266745856,
         0.5784337740596578,
         0.5358371691618479,
         0.530083289174645,
         0.5750006612072265,
         0.6489009630282738,
         0.4980805182313616,
         0.7005328925888785,
         0.4972847560550749,
         0.6626526584924535,
         0.6873157919860562,
         0.6628102048531865,
         0.6232364366366805
      ],
      "props_kdn": [
         0.1,
         0.12,
         0.13,
         0.14
      ],
      "props_dynamic_kdn": [
         0.73,
         0.75,
         0.76,
         0.77,
         0.78,
         0.78,
         0.79,
         0.79,
         0.79,
         0.8,
         0.8,
         0.8,
         0.8,
         0.8,
         0.8,
         0.8,
         0.8,
         0.81,
         0.81
      ],
      "props_dynamic_kdn_full": [
         0.25,
         0.25,
         0.26,
         0.26,
         0.26,
         0.26,
         0.26,
         0.26,
         0.26,
         0.26,
         0.26,
         0.26,
         0.26,
         0.27,
         0.27,
         0.27,
         0.27,
         0.27,
         0.27
      ]
   },
   "RandomForestClassifier": {
      "cv_score": [
         0.986346396965866,
         0.0021379942509845502
      ],
      "best_params": {
         "max_features": "sqrt",
         "n_estimators": 100,
         "random_state": 1234
      },
      "test_score": 0.8646186618709357,
      "test_score_kdn": [
         0.7904860560737194,
         0.7885655416211859,
         0.8183234942687627,
         0.8287576851050225
      ],
      "test_score_dynamic_kdn": [
         0.8381047056220481,
         0.8192703623192511,
         0.8381047056220481,
         0.8446304449097048,
         0.8446304449097048,
         0.831950403614478,
         0.8385718368556052,
         0.8510419525509051,
         0.8328043640748766,
         0.8328043640748766,
         0.8404833640176723,
         0.8252035306592715,
         0.8314580403838199,
         0.8183234942687627,
         0.8393855041929434,
         0.8261017211603052,
         0.8385718368556052,
         0.831950403614478,
         0.8328043640748766
      ],
      "test_score_dynamic_kdn_full": [
         0.6318587954245559,
         0.6658269486646075,
         0.7655801390935535,
         0.7288503330366144,
         0.6745654894198672,
         0.7288503330366144,
         0.7384899916363028,
         0.7473124379306336,
         0.7560578898731793,
         0.7560578898731793,
         0.7439545598584691,
         0.6927728212114281,
         0.7165139797731925,
         0.7439545598584691,
         0.7475084586290976,
         0.7967943276772402,
         0.7232016725135038,
         0.7550325535039323,
         0.7885655416211859
      ],
      "props_kdn": [
         0.1,
         0.12,
         0.13,
         0.14
      ],
      "props_dynamic_kdn": [
         0.73,
         0.75,
         0.76,
         0.77,
         0.78,
         0.78,
         0.79,
         0.79,
         0.79,
         0.8,
         0.8,
         0.8,
         0.8,
         0.8,
         0.8,
         0.8,
         0.8,
         0.81,
         0.81
      ],
      "props_dynamic_kdn_full": [
         0.25,
         0.25,
         0.26,
         0.26,
         0.26,
         0.26,
         0.26,
         0.26,
         0.26,
         0.26,
         0.26,
         0.26,
         0.26,
         0.27,
         0.27,
         0.27,
         0.27,
         0.27,
         0.27
      ]
   },
   "GradientBoostingClassifier": {
      "cv_score": [
         0.9859671302149179,
         0.0026638821119728713
      ],
      "best_params": {
         "learning_rate": 0.1,
         "max_depth": 3,
         "max_features": "sqrt",
         "n_estimators": 500,
         "random_state": 1234
      },
      "test_score": 0.8405896333302069,