{
   "w6a": {
      "info": {
         "complexity": {
            "global": [
               0.025250909090909095,
               0.026939636363636374,
               0.00941527272727273
            ],
            "class 0": [
               0.015273818454613656,
               0.018291072768192057,
               0.005313578394598653
            ],
            "class 1": [
               0.34190476190476193,
               0.30142857142857143,
               0.13959523809523808
            ]
         },
         "data": {
            "n": 13750,
            "n0": 13330,
            "n1": 420
         }
      }
   },
   "SVC": {
      "cv_score": [
         0.9863999999999999,
         0.0017605408635505651
      ],
      "best_params": {
         "C": 10,
         "gamma": 0.001,
         "kernel": "rbf",
         "random_state": 1234
      },
      "test_score": 0.8683314636351963,
      "test_score_kdn": [
         0.8269747313647331,
         0.812942821568533,
         0.845528245702337,
         0.8445633146956979
      ],
      "test_score_dynamic_kdn": [
         0.84306673243146,
         0.8497460560993695,
         0.8479242353313949,
         0.8562890369163412,
         0.8454716285585688,
         0.848815277222758,
         0.8497460560993695,
         0.8530457290759121,
         0.8462721605838569,
         0.8572530987901505,
         0.8527452964317832,
         0.8603123668053541,
         0.8610981670204298,
         0.8595682464920467,
         0.8539958066299849,
         0.85868658520029,
         0.8530457290759121,
         0.85868658520029,
         0.8563195904619414
      ],
      "test_score_dynamic_kdn_full": [
         0.8213326034380666,
         0.8496418503404004,
         0.8454131113667882,
         0.8261336073196758,
         0.834221275674278,
         0.845528245702337,
         0.8417963484154558,
         0.8226816435124067,
         0.8134220846040416,
         0.8474048729515344,
         0.84306673243146,
         0.8539958066299849,
         0.837552932313194,
         0.8314915763362922,
         0.8213657787967187,
         0.8588817095921799,
         0.810756341932402,
         0.8407079978065668,
         0.8315696428488639
      ],
      "props_kdn": [
         0.07,
         0.1,
         0.11,
         0.12
      ],
      "props_dynamic_kdn": [
         0.63,
         0.66,
         0.67,
         0.68,
         0.69,
         0.69,
         0.7,
         0.7,
         0.7,
         0.71,
         0.71,
         0.71,
         0.71,
         0.71,
         0.71,
         0.72,
         0.72,
         0.72,
         0.72
      ],
      "props_dynamic_kdn_full": [
         0.25,
         0.26,
         0.26,
         0.26,
         0.26,
         0.26,
         0.26,
         0.26,
         0.26,
         0.27,
         0.27,
         0.27,
         0.27,
         0.27,
         0.27,
         0.27,
         0.27,
         0.27,
         0.27
      ]
   },
   "KNeighborsClassifier": {
      "cv_score": [
         0.9850181818181818,
         0.0015151030295272538
      ],
      "best_params": {
         "n_jobs": -1,
         "n_neighbors": 7
      },
      "test_score": 0.8440700006388393,
      "test_score_kdn": [
         0.644633632189256,
         0.7202420361248865,
         0.7282948366135602,
         0.7119119891381139
      ],
      "test_score_dynamic_kdn": [
         0.7995781044491265,
         0.825507011850013,
         0.7827534379980996,
         0.7816859697137462,
         0.8173486066280398,
         0.8230791237983512,
         0.7907507496407136,
         0.7734193184244886,
         0.8428821181492199,
         0.8145877046907353,
         0.8343074026621239,
         0.8081854474128396,
         0.8029590824376247,
         0.8175638033039904,
         0.8254491848520293,
         0.845528245702337,
         0.8227943614910891,
         0.8066896399267849,
         0.8281658059859335
      ],
      "test_score_dynamic_kdn_full": [
         0.644633632189256,
         0.6864812585681747,
         0.644633632189256,
         0.6177863590303494,
         0.6488046543831013,
         0.638058682234274,
         0.6207615394077003,
         0.6624731347036232,
         0.6825149236827492,
         0.6825149236827492,
         0.6305334503078472,
         0.6931802948588056,
         0.6265770561136756,
         0.6757979185423928,
         0.6385932783875761,
         0.6643395584984921,
         0.6050671955472756,
         0.6458118257030839,
         0.641595369510151
      ],
      "props_kdn": [
         0.07,
         0.1,
         0.11,
         0.12
      ],
      "props_dynamic_kdn": [
         0.63,
         0.66,
         0.67,
         0.68,
         0.69,
         0.69,
         0.7,
         0.7,
         0.7,
         0.71,
         0.71,
         0.71,
         0.71,
         0.71,
         0.71,
         0.72,
         0.72,
         0.72,
         0.72
      ],
      "props_dynamic_kdn_full": [
         0.25,
         0.26,
         0.26,
         0.26,
         0.26,
         0.26,
         0.26,
         0.26,
         0.26,
         0.27,
         0.27,
         0.27,
         0.27,
         0.27,
         0.27,
         0.27,
         0.27,
         0.27,
         0.27
      ]
   },
   "RandomForestClassifier": {
      "cv_score": [
         0.9877818181818181,
         0.0012299297836572904
      ],
      "best_params": {
         "max_features": "sqrt",
         "n_estimators": 300,
         "random_state": 1234
      },
      "test_score": 0.8868908658221788,
      "test_score_kdn": [
         0.7861247532905858,
         0.7903557206634704,
         0.8136701627949843,
         0.8337944765244223
      ],
      "test_score_dynamic_kdn": [
         0.8482323662584232,
         0.8595721910934171,
         0.8549357664382735,
         0.8642299465912371,
         0.8730162388718541,
         0.8734142393877358,
         0.8588817095921799,
         0.84707659350984,
         0.866060911596652,
         0.8578438302225444,
         0.8628292718716524,
         0.8674711421259019,
         0.8699682974490455,
         0.8699682974490455,
         0.8706868256745197,
         0.8756091535734232,
         0.8718094563879499,
         0.8686151529760134,
         0.8674711421259019
      ],
      "test_score_dynamic_kdn_full": [
         0.815562444211779,
         0.8107194716094075,
         0.8234663613451603,
         0.8344674868730106,
         0.815562444211779,
         0.8037279632065806,
         0.8292841095292485,
         0.8165422230367632,
         0.8151778632656568,
         0.8254491848520293,
         0.8055412713922745,
         0.8187705597402141,
         0.8421180655684763,
         0.8209899619686309,
         0.8014760578421851,
         0.7816859697137462,
         0.8157543516090673,
         0.8291083940102184,
         0.7957232880073406
      ],
      "props_kdn": [
         0.07,
         0.1,
         0.11,
         0.12
      ],
      "props_dynamic_kdn": [
         0.63,
         0.66,
         0.67,
         0.68,
         0.69,
         0.69,
         0.7,
         0.7,
         0.7,
         0.71,
         0.71,
         0.71,
         0.71,
         0.71,
         0.71,
         0.72,
         0.72,
         0.72,
         0.72
      ],
      "props_dynamic_kdn_full": [
         0.25,
         0.26,
         0.26,
         0.26,
         0.26,
         0.26,
         0.26,
         0.26,
         0.26,
         0.27,
         0.27,
         0.27,
         0.27,
         0.27,
         0.27,
         0.27,
         0.27,
         0.27,
         0.27
      ]
   },
   "GradientBoostingClassifier": {
      "cv_score": [
         0.986909090909091,
         0.002750206603809314
      ],
      "best_params": {
         "learning_rate": 0.1,
         "max_depth": 5,
         "max_features": "sqrt",
         "n_estimators": 500,
         "random_state": 1234
      },
      "test_score": 0.8718094563879499,