{
   "w7a": {
      "info": {
         "complexity": {
            "global": [
               0.0243709816230446,
               0.025469548929276574,
               0.009304409456791377
            ],
            "class 0": [
               0.015176660925838944,
               0.01724283701268202,
               0.005200146130160226
            ],
            "class 1": [
               0.3219594594594595,
               0.2917398648648648,
               0.14214527027027027
            ]
         },
         "data": {
            "n": 19753,
            "n0": 19161,
            "n1": 592
         }
      }
   },
   "SVC": {
      "cv_score": [
         0.9877486423882434,
         0.0009822768511875304
      ],
      "best_params": {
         "C": 10,
         "gamma": 0.001,
         "kernel": "rbf",
         "random_state": 1234
      },
      "test_score": 0.8774730668301624,
      "test_score_kdn": [
         0.820476281492774,
         0.8102790099185924,
         0.8362674595441486,
         0.8353627616455841
      ],
      "test_score_dynamic_kdn": [
         0.8588310770297449,
         0.8594848144780596,
         0.8541476446098577,
         0.8602586293064839,
         0.8662313521718414,
         0.8662313521718414,
         0.8772053160072288,
         0.8721368706744437,
         0.8672529548347658,
         0.8655281061291134,
         0.8690008859956275,
         0.8721368706744437,
         0.8774730668301624,
         0.8819291855827522,
         0.8794428684395403,
         0.877773876541682,
         0.8794428684395403,
         0.8729686443320426,
         0.8732776852368058
      ],
      "test_score_dynamic_kdn_full": [
         0.8281198639960723,
         0.8313238693032408,
         0.8320995474147248,
         0.8226722788882677,
         0.8355192508965972,
         0.8354109601498096,
         0.8416150220635528,
         0.8448578772069882,
         0.8142839546426355,
         0.8032837463270937,
         0.846515337212452,
         0.8403760951720514,
         0.8226919951448746,
         0.8489135763681992,
         0.8415000326950164,
         0.8247387032164555,
         0.8432164554905557,
         0.8427387634412263,
         0.8494088272592641
      ],
      "props_kdn": [
         0.07,
         0.09,
         0.1,
         0.11
      ],
      "props_dynamic_kdn": [
         0.6,
         0.63,
         0.64,
         0.65,
         0.66,
         0.67,
         0.67,
         0.67,
         0.67,
         0.68,
         0.68,
         0.68,
         0.68,
         0.68,
         0.68,
         0.68,
         0.68,
         0.68,
         0.69
      ],
      "props_dynamic_kdn_full": [
         0.25,
         0.26,
         0.26,
         0.26,
         0.26,
         0.26,
         0.26,
         0.26,
         0.26,
         0.26,
         0.26,
         0.26,
         0.26,
         0.26,
         0.26,
         0.27,
         0.27,
         0.27,
         0.27
      ]
   },
   "KNeighborsClassifier": {
      "cv_score": [
         0.9852173171989786,
         0.0011176780178807717
      ],
      "best_params": {
         "n_jobs": -1,
         "n_neighbors": 9
      },
      "test_score": 0.8522677145481031,
      "test_score_kdn": [
         0.6875635559488338,
         0.7034219685763753,
         0.7051950241412436,
         0.7221535592934074
      ],
      "test_score_dynamic_kdn": [
         0.7275548444685632,
         0.7808191409561748,
         0.7964385456530951,
         0.7909031006313887,
         0.8292951754230234,
         0.7977491157519891,
         0.8323556557252809,
         0.8235249974026055,
         0.8198315507645599,
         0.8146943390799302,
         0.8125343474960138,
         0.8136827339297421,
         0.8313238693032408,
         0.8188063826921939,
         0.837955092702636,
         0.8228762295388656,
         0.8196870117194848,
         0.836635449301349,
         0.8320654770899112
      ],
      "test_score_dynamic_kdn_full": [
         0.5998198650941391,
         0.6229645448579202,
         0.662199058816703,
         0.6585181766321989,
         0.6861762669257644,
         0.6905390451339373,
         0.6953147675232088,
         0.6731742622407564,
         0.6659416075207484,
         0.640920487164324,
         0.7264948134147269,
         0.7071065253626212,
         0.6424915310120389,
         0.6506731373662027,
         0.6533464603194511,
         0.6920639767432791,
         0.7018830170915689,
         0.6918224933157935,
         0.689904143833572
      ],
      "props_kdn": [
         0.07,
         0.09,
         0.1,
         0.11
      ],
      "props_dynamic_kdn": [
         0.6,
         0.63,
         0.64,
         0.65,
         0.66,
         0.67,
         0.67,
         0.67,
         0.67,
         0.68,
         0.68,
         0.68,
         0.68,
         0.68,
         0.68,
         0.68,
         0.68,
         0.68,
         0.69
      ],
      "props_dynamic_kdn_full": [
         0.25,
         0.26,
         0.26,
         0.26,
         0.26,
         0.26,
         0.26,
         0.26,
         0.26,
         0.26,
         0.26,
         0.26,
         0.26,
         0.26,
         0.26,
         0.27,
         0.27,
         0.27,
         0.27
      ]
   },
   "RandomForestClassifier": {
      "cv_score": [
         0.9875967308388518,
         0.0015776078503063565
      ],
      "best_params": {
         "max_features": "sqrt",
         "n_estimators": 500,
         "random_state": 1234
      },
      "test_score": 0.8923727187023989,
      "test_score_kdn": [
         0.8086440422396782,
         0.8007174803348777,
         0.8267695699362847,
         0.8378451244261802
      ],
      "test_score_dynamic_kdn": [
         0.8638079735665953,
         0.8591480116689721,
         0.8732776852368058,
         0.861188976847166,
         0.8687319726568564,
         0.875531864491432,
         0.8800039272299934,
         0.8698730297718283,
         0.8748142583838991,
         0.8745328614213757,
         0.8850962251880536,
         0.8779626261564684,
         0.8792712045068709,
         0.8832772877309059,
         0.8891200599861602,
         0.8885262968546048,
         0.8822222168415919,
         0.8819291855827522,
         0.8797110116892137
      ],
      "test_score_dynamic_kdn_full": [
         0.7893925450670308,
         0.8076819383376739,
         0.8109594312224362,
         0.8320654770899112,
         0.8136827339297421,
         0.810607955366137,
         0.8482076336145004,
         0.838734873580161,
         0.8505632655432127,
         0.8196042786907956,
         0.8298562072251259,
         0.8586469298234415,
         0.8254168740476084,
         0.837955092702636,
         0.8211085280274697,
         0.8390752709305527,
         0.8354109601498096,
         0.8378690190353804,
         0.8226919951448746
      ],
      "props_kdn": [
         0.07,
         0.09,
         0.1,
         0.11
      ],
      "props_dynamic_kdn": [
         0.6,
         0.63,
         0.64,
         0.65,
         0.66,
         0.67,
         0.67,
         0.67,
         0.67,
         0.68,
         0.68,
         0.68,
         0.68,
         0.68,
         0.68,
         0.68,
         0.68,
         0.68,
         0.69
      ],
      "props_dynamic_kdn_full": [
         0.25,
         0.26,
         0.26,
         0.26,
         0.26,
         0.26,
         0.26,
         0.26,
         0.26,
         0.26,
         0.26,
         0.26,
         0.26,
         0.26,
         0.26,
         0.27,
         0.27,
         0.27,
         0.27
      ]
   },
   "GradientBoostingClassifier": {
      "cv_score": [
         0.987444793659032,
         0.0014025705979576108
      ],
      "best_params": {
         "learning_rate": 0.1,
         "max_depth": 7,
         "max_features": "log2",
         "n_estimators": 500,
         "random_state": 1234
      },
      "test_score": 0.8717325053157294,