{
   "w8a": {
      "info": {
         "complexity": {
            "global": [
               0.022638759767833364,
               0.02405688585140331,
               0.010622879971858594
            ],
            "class 0": [
               0.014175471307230163,
               0.016167909674746222,
               0.0058361818935156445
            ],
            "class 1": [
               0.2989010989010989,
               0.28157227387996614,
               0.16687235841081993
            ]
         },
         "data": {
            "n": 39799,
            "n0": 38616,
            "n1": 1183
         }
      }
   },
   "SVC": {
      "cv_score": [
         0.988492165564599,
         0.0011855154317315772
      ],
      "best_params": {
         "C": 10,
         "gamma": 0.001,
         "kernel": "rbf",
         "random_state": 1234
      },
      "test_score": 0.9074252363725954,
      "test_score_kdn": [
         0.8593505070669614,
         0.888489810187481,
         0.8790729999320801,
         0.8784752530907867
      ],
      "test_score_dynamic_kdn": [
         0.8863953345734318,
         0.8974557577864355,
         0.8945431788055616,
         0.8965327409924786,
         0.9046096829607425,
         0.9038169476292379,
         0.905008042638483,
         0.9032065430306255,
         0.9009400750212231,
         0.9042580121061007,
         0.8979416413936995,
         0.9014275701018274,
         0.9026560669280752,
         0.9068325541920379,
         0.9056600978908871,
         0.9094191320898273,
         0.9086805777418712,
         0.9105526287069903,
         0.9056600978908871
      ],
      "test_score_dynamic_kdn_full": [
         0.885548593456518,
         0.8815370873307777,
         0.8876243623547937,
         0.8898462215866612,
         0.8717552881002124,
         0.8822844330736981,
         0.8918065771106376,
         0.866502470855301,
         0.865875715314673,
         0.8723237676953839,
         0.8806196231692061,
         0.8718101042231104,
         0.8669710265678394,
         0.8797279926778744,
         0.8682946044186366,
         0.8813621941439331,
         0.8836785845932067,
         0.8632545079169742,
         0.8829226179778086
      ],
      "props_kdn": [
         0.06,
         0.08,
         0.09,
         0.1
      ],
      "props_dynamic_kdn": [
         0.53,
         0.56,
         0.57,
         0.58,
         0.58,
         0.59,
         0.59,
         0.6,
         0.6,
         0.6,
         0.6,
         0.6,
         0.6,
         0.61,
         0.61,
         0.61,
         0.61,
         0.61,
         0.61
      ],
      "props_dynamic_kdn_full": [
         0.26,
         0.26,
         0.27,
         0.27,
         0.27,
         0.27,
         0.27,
         0.28,
         0.28,
         0.28,
         0.28,
         0.28,
         0.28,
         0.28,
         0.28,
         0.28,
         0.28,
         0.28,
         0.28
      ]
   },
   "KNeighborsClassifier": {
      "cv_score": [
         0.9843714583723997,
         0.0007770345335271068
      ],
      "best_params": {
         "n_jobs": -1,
         "n_neighbors": 11
      },
      "test_score": 0.8855660569889883,
      "test_score_kdn": [
         0.6494642208607031,
         0.6886622006623822,
         0.7198921620606594,
         0.7722058168704633
      ],
      "test_score_dynamic_kdn": [
         0.8504198160273755,
         0.8463006350969285,
         0.8532464431846901,
         0.8441282077755996,
         0.8589820808683146,
         0.8634068737369944,
         0.8705755632251136,
         0.8506301440029231,
         0.8525387345577196,
         0.851215830429157,
         0.8482021667491816,
         0.846184453052509,
         0.8396253656902071,
         0.8632117573102298,
         0.8698016096769251,
         0.8633039125235785,
         0.8728751733646181,
         0.8681410205153204,
         0.8631604680933282
      ],
      "test_score_dynamic_kdn_full": [
         0.7487976153160458,
         0.800556342632618,
         0.7865054345042626,
         0.8246323026125624,
         0.7634914089636927,
         0.8121604564071813,
         0.7530732213652425,
         0.7364928637288147,
         0.7455478181530227,
         0.7670480093388599,
         0.7859696167684324,
         0.7760931901169597,
         0.7846573972782609,
         0.7870582716104608,
         0.7808819533303926,
         0.7106369511398805,
         0.8014844393180638,
         0.7834055930426083,
         0.714126410030087
      ],
      "props_kdn": [
         0.06,
         0.08,
         0.09,
         0.1
      ],
      "props_dynamic_kdn": [
         0.53,
         0.56,
         0.57,
         0.58,
         0.58,
         0.59,
         0.59,
         0.6,
         0.6,
         0.6,
         0.6,
         0.6,
         0.6,
         0.61,
         0.61,
         0.61,
         0.61,
         0.61,
         0.61
      ],
      "props_dynamic_kdn_full": [
         0.26,
         0.26,
         0.27,
         0.27,
         0.27,
         0.27,
         0.27,
         0.28,
         0.28,
         0.28,
         0.28,
         0.28,
         0.28,
         0.28,
         0.28,
         0.28,
         0.28,
         0.28,
         0.28
      ]
   },
   "RandomForestClassifier": {
      "cv_score": [
         0.9889192980861085,
         0.0012649979590482567
      ],
      "best_params": {
         "max_features": "sqrt",
         "n_estimators": 500,
         "random_state": 1234
      },
      "test_score": 0.9099639809254865,
      "test_score_kdn": [
         0.7873441136210002,
         0.8334509857740982,
         0.8460679107906307,
         0.8579486662990312
      ],
      "test_score_dynamic_kdn": [
         0.8995803440880454,
         0.8986323136722565,
         0.9019778751164163,
         0.8923361797999072,
         0.8943384340230034,
         0.9006997771777985,
         0.9082900486590229,
         0.9108757814654092,
         0.9069639555807917,
         0.9097964512016132,
         0.9075836701512692,
         0.9032126726660608,
         0.9032126726660608,
         0.9103160654289372,
         0.9051174781591955,
         0.9014275701018274,
         0.9075551730624046,
         0.9028358968106377,
         0.9066760717679466
      ],
      "test_score_dynamic_kdn_full": [
         0.8651027311349304,
         0.8632848085156503,
         0.878911725934848,
         0.886798965372571,
         0.8502340900204974,
         0.8692919631456394,
         0.8588559336134045,
         0.8543245741449389,
         0.8569385029769143,
         0.8627968875179556,
         0.878695655319692,
         0.8795215948993516,
         0.8656155605494013,
         0.8628175481980388,
         0.8792936829431872,
         0.8473061536422576,
         0.864472821403574,
         0.8707962371658873,
         0.8607645187833738
      ],
      "props_kdn": [
         0.06,
         0.08,
         0.09,
         0.1
      ],
      "props_dynamic_kdn": [
         0.53,
         0.56,
         0.57,
         0.58,
         0.58,
         0.59,
         0.59,
         0.6,
         0.6,
         0.6,
         0.6,
         0.6,
         0.6,
         0.61,
         0.61,
         0.61,
         0.61,
         0.61,
         0.61
      ],
      "props_dynamic_kdn_full": [
         0.26,
         0.26,
         0.27,
         0.27,
         0.27,
         0.27,
         0.27,
         0.28,
         0.28,
         0.28,
         0.28,
         0.28,
         0.28,
         0.28,
         0.28,
         0.28,
         0.28,
         0.28,
         0.28
      ]
   },
   "GradientBoostingClassifier": {
      "cv_score": [
         0.9884670241520455,
         0.001182479493084094
      ],
      "best_params": {
         "learning_rate": 0.1,
         "max_depth": 5,
         "max_features": null,
         "n_estimators": 500,
         "random_state": 1234
      },
      "test_score": 0.9103675576043164,