{
   "banknote": {
      "info": {
         "complexity": {
            "global": [
               0.004038286235186874
            ],
            "class 0": [
               0.006847290640394088
            ],
            "class 1": [
               0.0005327868852459019
            ]
         },
         "data": {
            "n": 1097,
            "n0": 609,
            "n1": 488
         }
      }
   },
   "SVC": {
      "test_score": 1.0,
      "best_score": 1.0,
      "sample_proportion": 0.1,
      "threshold": 0.8,
      "p": 5,
      "highest class adjustment": false,
      "sample_scores": [
         0.0,
         0.0,
         0.0,
         0.0,
         0.9899247139783315,
         0.0,
         0.0,
         0.0,
         0.9936022204519533,
         0.0,
         0.0,
         0.0,
         0.0,
         0.0,
         0.9963615716144038,
         1.0,
         0.998162606141826,
         0.9935935976098834,
         0.0
      ]
   },
   "KNeighborsClassifier": {
      "test_score": 1.0,
      "best_score": 0.9825756458604475,
      "sample_proportion": 0.1,
      "threshold": 0.6,
      "p": 5,
      "highest class adjustment": false,
      "sample_scores": [
         0.0,
         0.0,
         0.0,
         0.0,
         0.9644254758146338,
         0.9431480744947865,
         0.0,
         0.0,
         0.0,
         0.0,
         0.9713908682384232,
         0.9825756458604475,
         0.9800177619629767,
         0.0,
         0.0,
         0.9747815387819424,
         0.0,
         0.9697925913886216,
         0.0
      ]
   },
   "RandomForestClassifier": {
      "test_score": 0.9634901762195087,
      "best_score": 0.9632403006256922,
      "sample_proportion": 0.11,
      "threshold": 0.95,
      "p": 5,
      "highest class adjustment": false,
      "sample_scores": [
         0.0,
         0.0,
         0.9140475325990011,
         0.0,
         0.0,
         0.909547137161023,
         0.0,
         0.0,
         0.0,
         0.0,
         0.0,
         0.0,
         0.0,
         0.0,
         0.9296983618427106,
         0.9352375819113332,
         0.0,
         0.9540589161339078,
         0.9632403006256922
      ]
   },
   "GradientBoostingClassifier": {
      "test_score": 0.9817469912487993,
      "best_score": 0.968805086996699,
      "sample_proportion": 0.1,
      "threshold": 0.8,
      "p": 5,
      "highest class adjustment": false,
      "sample_scores": [
         0.0,
         0.9103023357375633,
         0.0,
         0.0,
         0.0,
         0.0,
         0.0,
         0.0,
         0.9076573122878738,
         0.0,
         0.0,
         0.0,
         0.0,
         0.0,
         0.9423934053358901,
         0.968805086996699,
         0.9496880176330585,
         0.9366230082173866,
         0.0
      ]
   }
}