{
   "cleve": {
      "info": {
         "complexity": {
            "global": [
               0.26892561983471075
            ],
            "class 0": [
               0.23439393939393938
            ],
            "class 1": [
               0.31036363636363645
            ]
         },
         "data": {
            "n": 242,
            "n0": 132,
            "n1": 110
         }
      }
   },
   "SVC": {
      "test_score": 0.7851124011492332,
      "best_score": 0.821955732242848,
      "sample_proportion": 0.94,
      "threshold": 0.8,
      "p": 5,
      "highest class adjustment": false,
      "sample_scores": [
         0.0,
         0.0,
         0.0,
         0.0,
         0.8150852201314439,
         0.0,
         0.0,
         0.0,
         0.8090124737303855,
         0.0,
         0.0,
         0.0,
         0.0,
         0.0,
         0.8131102670772048,
         0.821955732242848,
         0.8133417984155975,
         0.8100295950636599,
         0.0
      ]
   },
   "KNeighborsClassifier": {
      "test_score": 0.8349567099567099,
      "best_score": 0.8207280299328806,
      "sample_proportion": 0.94,
      "threshold": 0.8,
      "p": 5,
      "highest class adjustment": false,
      "sample_scores": [
         0.0,
         0.0,
         0.0,
         0.0,
         0.795931174229386,
         0.817438887840367,
         0.0,
         0.0,
         0.0,
         0.0,
         0.0,
         0.8123039924160168,
         0.0,
         0.0,
         0.8164993339208158,
         0.8207280299328806,
         0.8046807870855979,
         0.8042565829586256,
         0.0
      ]
   },
   "RandomForestClassifier": {
      "test_score": 0.8049230143537711,
      "best_score": 0.8312680367467146,
      "sample_proportion": 0.4,
      "threshold": 0.15,
      "p": 5,
      "highest class adjustment": false,
      "sample_scores": [
         0.0,
         0.8213790801243365,
         0.8312680367467146,
         0.8093765938780825,
         0.0,
         0.7922799955417386,
         0.0,
         0.0,
         0.0,
         0.0,
         0.0,
         0.0,
         0.0,
         0.0,
         0.8042921751179226,
         0.7996133896684037,
         0.0,
         0.0,
         0.8211438930147161
      ]
   },
   "GradientBoostingClassifier": {
      "test_score": 0.802487960915747,
      "best_score": 0.8247242240352968,
      "sample_proportion": 0.94,
      "threshold": 0.8,
      "p": 5,
      "highest class adjustment": false,
      "sample_scores": [
         0.0,
         0.8081494053090724,
         0.8132829949861199,
         0.0,
         0.0,
         0.0,
         0.0,
         0.0,
         0.7957136043338521,
         0.0,
         0.0,
         0.0,
         0.0,
         0.8079266121713404,
         0.8080848874639625,
         0.8247242240352968,
         0.8087794981889079,
         0.7961656080090029,
         0.0
      ]
   }
}