{
   "flare": {
      "info": {
         "complexity": {
            "global": [
               0.24771126760563378
            ],
            "class 0": [
               0.151018387553041
            ],
            "class 1": [
               0.7191724137931035
            ]
         },
         "data": {
            "n": 852,
            "n0": 707,
            "n1": 145
         }
      }
   },
   "SVC": {
      "test_score": 0.6548116675739126,
      "best_score": 0.6586920487086764,
      "sample_proportion": 0.81,
      "threshold": 0.2,
      "p": 1,
      "highest class adjustment": true,
      "sample_scores": [
         0.0,
         0.0,
         0.6566752426984355,
         0.6586920487086764,
         0.6457897906315608,
         0.6407259577142055,
         0.0,
         0.0,
         0.5868537425842272,
         0.0,
         0.0,
         0.0,
         0.0,
         0.0,
         0.5868537425842272,
         0.5868537425842272,
         0.0,
         0.5781164472976168,
         0.0
      ]
   },
   "KNeighborsClassifier": {
      "test_score": 0.6397848115117064,
      "best_score": 0.6706176832768364,
      "sample_proportion": 0.85,
      "threshold": 0.25,
      "p": 1,
      "highest class adjustment": true,
      "sample_scores": [
         0.0,
         0.0,
         0.0,
         0.6674299943119909,
         0.6706176832768364,
         0.6558846507728887,
         0.0,
         0.0,
         0.0,
         0.0,
         0.0,
         0.6274489982250676,
         0.0,
         0.0,
         0.0,
         0.5883754520959456,
         0.0,
         0.5643231777658154,
         0.0
      ]
   },
   "RandomForestClassifier": {
      "test_score": 0.6374599470571503,
      "best_score": 0.6968560031264811,
      "sample_proportion": 0.86,
      "threshold": 0.3,
      "p": 1,
      "highest class adjustment": true,
      "sample_scores": [
         0.0,
         0.0,
         0.6809171112069877,
         0.0,
         0.6957827481642133,
         0.6968560031264811,
         0.6928329859982904,
         0.0,
         0.0,
         0.0,
         0.0,
         0.0,
         0.0,
         0.0,
         0.5952595818165861,
         0.5851473672183639,
         0.0,
         0.0,
         0.5866365010238979
      ]
   },
   "GradientBoostingClassifier": {
      "test_score": 0.6621609640136199,
      "best_score": 0.6728694688358628,
      "sample_proportion": 0.77,
      "threshold": 0.15,
      "p": 1,
      "highest class adjustment": true,
      "sample_scores": [
         0.0,
         0.6653694077914819,
         0.6728694688358628,
         0.6678997864685688,
         0.0,
         0.0,
         0.0,
         0.0,
         0.6532769944015678,
         0.0,
         0.0,
         0.0,
         0.0,
         0.0,
         0.6104087558345969,
         0.0,
         0.6090403159691598,
         0.6032707505516186,
         0.0
      ]
   }
}