{
   "haberman": {
      "info": {
         "complexity": {
            "global": [
               0.314672131147541
            ],
            "class 0": [
               0.2093854748603352
            ],
            "class 1": [
               0.6046153846153847
            ]
         },
         "data": {
            "n": 244,
            "n0": 179,
            "n1": 65
         }
      }
   },
   "SVC": {
      "test_score": 0.5292093150039118,
      "best_score": 0.7125446195564041,
      "sample_proportion": 0.7,
      "threshold": 0.3,
      "p": 1,
      "highest class adjustment": true,
      "sample_scores": [
         0.0,
         0.0,
         0.0,
         0.6972798566329973,
         0.7119789613213873,
         0.7125446195564041,
         0.7011004512759667,
         0.0,
         0.687360068313212,
         0.0,
         0.0,
         0.0,
         0.0,
         0.0,
         0.7023193319959468,
         0.6788612307506926,
         0.0,
         0.6788612307506926,
         0.0
      ]
   },
   "KNeighborsClassifier": {
      "test_score": 0.5170630908197483,
      "best_score": 0.6508965667854802,
      "sample_proportion": 0.7,
      "threshold": 0.3,
      "p": 1,
      "highest class adjustment": true,
      "sample_scores": [
         0.0,
         0.0,
         0.0,
         0.0,
         0.6394995240669714,
         0.6508965667854802,
         0.6353060026189001,
         0.0,
         0.0,
         0.0,
         0.0,
         0.6465918610447136,
         0.0,
         0.0,
         0.0,
         0.6474278375737191,
         0.0,
         0.6474278375737191,
         0.0
      ]
   },
   "RandomForestClassifier": {
      "test_score": 0.452445652173913,
      "best_score": 0.6885953337638266,
      "sample_proportion": 0.71,
      "threshold": 0.3,
      "p": 1,
      "highest class adjustment": true,
      "sample_scores": [
         0.0,
         0.0,
         0.5999150316418583,
         0.0,
         0.6591697755312437,
         0.6885953337638266,
         0.6822029048008312,
         0.0,
         0.0,
         0.0,
         0.0,
         0.0,
         0.0,
         0.6734870677155324,
         0.6885177823448543,
         0.6832436464042573,
         0.0,
         0.0,
         0.6832436464042573
      ]
   },
   "GradientBoostingClassifier": {
      "test_score": 0.4945652173913043,
      "best_score": 0.6893530410065122,
      "sample_proportion": 0.86,
      "threshold": 0.35,
      "p": 1,
      "highest class adjustment": true,
      "sample_scores": [
         0.0,
         0.5968133772714217,
         0.0,
         0.0,
         0.0,
         0.6834176579340001,
         0.6893530410065122,
         0.6802707514613062,
         0.6802707514613062,
         0.6710603070603733,
         0.0,
         0.0,
         0.0,
         0.0,
         0.6754258056677512,
         0.0,
         0.6756464190189071,
         0.6756464190189071,
         0.0
      ]
   }
}