{
   "housevotes84": {
      "info": {
         "complexity": {
            "global": [
               0.10805405405405406
            ],
            "class 0": [
               0.12333333333333332
            ],
            "class 1": [
               0.09046511627906977
            ]
         },
         "data": {
            "n": 185,
            "n0": 99,
            "n1": 86
         }
      }
   },
   "SVC": {
      "test_score": 1.0,
      "best_score": 0.9629299901145275,
      "sample_proportion": 0.95,
      "threshold": 0.8,
      "p": 5,
      "highest class adjustment": false,
      "sample_scores": [
         0.0,
         0.0,
         0.0,
         0.0,
         0.9469533690638926,
         0.0,
         0.0,
         0.0,
         0.9519508428361739,
         0.0,
         0.0,
         0.0,
         0.0,
         0.0,
         0.9574355865244865,
         0.9629299901145275,
         0.9629299901145275,
         0.9581164127328418,
         0.0
      ]
   },
   "KNeighborsClassifier": {
      "test_score": 0.8863750953228149,
      "best_score": 0.9209532194960653,
      "sample_proportion": 0.93,
      "threshold": 0.5,
      "p": 5,
      "highest class adjustment": false,
      "sample_scores": [
         0.0,
         0.0,
         0.0,
         0.0,
         0.8986096059776134,
         0.8986096059776134,
         0.0,
         0.0,
         0.9159190327597866,
         0.9209532194960653,
         0.9209532194960653,
         0.9209532194960653,
         0.9209532194960653,
         0.9209532194960653,
         0.9209532194960653,
         0.9209532194960653,
         0.9209532194960653,
         0.9209532194960653,
         0.9209532194960653
      ]
   },
   "RandomForestClassifier": {
      "test_score": 1.0,
      "best_score": 0.9629299901145275,
      "sample_proportion": 0.95,
      "threshold": 0.8,
      "p": 5,
      "highest class adjustment": false,
      "sample_scores": [
         0.0,
         0.0,
         0.9352905016104813,
         0.0,
         0.0,
         0.9518081536866069,
         0.0,
         0.0,
         0.0,
         0.0,
         0.0,
         0.0,
         0.0,
         0.0,
         0.9574355865244865,
         0.9629299901145275,
         0.9581164127328418,
         0.0,
         0.9534367820181892
      ]
   },
   "GradientBoostingClassifier": {
      "test_score": 1.0,
      "best_score": 0.9674018510225407,
      "sample_proportion": 0.97,
      "threshold": 0.95,
      "p": 5,
      "highest class adjustment": false,
      "sample_scores": [
         0.0,
         0.9629299901145275,
         0.9629299901145275,
         0.0,
         0.0,
         0.0,
         0.0,
         0.9629299901145275,
         0.9629299901145275,
         0.9629299901145275,
         0.0,
         0.0,
         0.0,
         0.9629299901145275,
         0.9629299901145275,
         0.9629299901145275,
         0.9567231699602886,
         0.9620986231252951,
         0.9674018510225407
      ]
   }
}