{
   "kr_vs_kp": {
      "info": {
         "complexity": {
            "global": [
               0.11623630672926448
            ],
            "class 0": [
               0.12247338247338246
            ],
            "class 1": [
               0.11053183520599251
            ]
         },
         "data": {
            "n": 2556,
            "n0": 1221,
            "n1": 1335
         }
      }
   },
   "SVC": {
      "test_score": 0.9906140716893519,
      "best_score": 0.9913866862776635,
      "sample_proportion": 0.97,
      "threshold": 0.6,
      "p": 5,
      "highest class adjustment": false,
      "sample_scores": [
         0.0,
         0.0,
         0.0,
         0.0,
         0.9765184663285815,
         0.0,
         0.0,
         0.0,
         0.9882496273125779,
         0.0,
         0.9898203768614051,
         0.9913866862776635,
         0.9906064408230423,
         0.9902328603003901,
         0.9898399508880277,
         0.9902284283643104,
         0.9898494730636246,
         0.9902239636866424,
         0.9902239636866424
      ]
   },
   "KNeighborsClassifier": {
      "test_score": 0.9548979371605961,
      "best_score": 0.9271574895243052,
      "sample_proportion": 0.99,
      "threshold": 0.8,
      "p": 5,
      "highest class adjustment": false,
      "sample_scores": [
         0.0,
         0.0,
         0.0,
         0.0,
         0.898117637344098,
         0.9016503560591912,
         0.0,
         0.0,
         0.0,
         0.0,
         0.0,
         0.9251992305325626,
         0.0,
         0.0,
         0.925188752430996,
         0.9271574895243052,
         0.9271574895243052,
         0.9271574895243052,
         0.9271574895243052
      ]
   },
   "RandomForestClassifier": {
      "test_score": 0.9937494046020636,
      "best_score": 0.9914143006307089,
      "sample_proportion": 1.0,
      "threshold": 0.95,
      "p": 5,
      "highest class adjustment": false,
      "sample_scores": [
         0.0,
         0.0,
         0.9710073549573287,
         0.0,
         0.0,
         0.9821269714842753,
         0.0,
         0.0,
         0.0,
         0.0,
         0.0,
         0.0,
         0.0,
         0.98907327194269,
         0.9906206723020666,
         0.9902436224490184,
         0.0,
         0.9898660322324714,
         0.9914143006307089
      ]
   },
   "GradientBoostingClassifier": {
      "test_score": 0.9968796013187737,
      "best_score": 0.9956945330855821,
      "sample_proportion": 0.99,
      "threshold": 0.85,
      "p": 5,
      "highest class adjustment": false,
      "sample_scores": [
         0.0,
         0.9457940319144488,
         0.0,
         0.0,
         0.0,
         0.0,
         0.0,
         0.0,
         0.9917719479086822,
         0.0,
         0.0,
         0.0,
         0.9937391068781322,
         0.9952988035238999,
         0.9949108368481886,
         0.9941280186261737,
         0.9956945330855821,
         0.9937464879553372,
         0.0
      ]
   }
}