{
   "mammographic": {
      "info": {
         "complexity": {
            "global": [
               0.28149096385542166
            ],
            "class 0": [
               0.27470760233918123
            ],
            "class 1": [
               0.2886956521739131
            ]
         },
         "data": {
            "n": 664,
            "n0": 342,
            "n1": 322
         }
      }
   },
   "SVC": {
      "test_score": 0.7663469540730059,
      "best_score": 0.8241567243499194,
      "sample_proportion": 0.94,
      "threshold": 0.95,
      "p": 5,
      "highest class adjustment": false,
      "sample_scores": [
         0.0,
         0.0,
         0.0,
         0.0,
         0.818946389371143,
         0.0,
         0.0,
         0.0,
         0.8210654441959515,
         0.0,
         0.0,
         0.0,
         0.0,
         0.0,
         0.8181478174857183,
         0.8195493833105721,
         0.8225463570306158,
         0.8225463570306158,
         0.8241567243499194
      ]
   },
   "KNeighborsClassifier": {
      "test_score": 0.7599942840989411,
      "best_score": 0.8166579488657258,
      "sample_proportion": 0.92,
      "threshold": 0.85,
      "p": 5,
      "highest class adjustment": false,
      "sample_scores": [
         0.0,
         0.0,
         0.0,
         0.0,
         0.7971897030639438,
         0.8016355772944154,
         0.0,
         0.0,
         0.0,
         0.0,
         0.0,
         0.8117099135578277,
         0.0,
         0.0,
         0.0,
         0.8098027881630357,
         0.8166579488657258,
         0.8129583992713645,
         0.8129583992713645
      ]
   },
   "RandomForestClassifier": {
      "test_score": 0.7591113801722837,
      "best_score": 0.8293696999161092,
      "sample_proportion": 0.72,
      "threshold": 0.35,
      "p": 5,
      "highest class adjustment": false,
      "sample_scores": [
         0.0,
         0.0,
         0.8251728069863832,
         0.0,
         0.8277955422843867,
         0.8292469402022062,
         0.8293696999161092,
         0.8263463590927147,
         0.0,
         0.0,
         0.0,
         0.0,
         0.0,
         0.0,
         0.8260784290946739,
         0.8074295330699083,
         0.0,
         0.0,
         0.8091888183705495
      ]
   },
   "GradientBoostingClassifier": {
      "test_score": 0.7720599959134293,
      "best_score": 0.8357200132556057,
      "sample_proportion": 0.8,
      "threshold": 0.5,
      "p": 5,
      "highest class adjustment": false,
      "sample_scores": [
         0.0,
         0.8079494435158097,
         0.0,
         0.0,
         0.0,
         0.0,
         0.0,
         0.827123682775551,
         0.8282104084296109,
         0.8357200132556057,
         0.8353358916194344,
         0.829429726876486,
         0.0,
         0.0,
         0.8272074156594371,
         0.0,
         0.8100949614721996,
         0.8143629068664656,
         0.0
      ]
   }
}