{
   "r2": {
      "info": {
         "complexity": {
            "global": [
               0.3769565217391304
            ],
            "class 0": [
               0.4139024390243902
            ],
            "class 1": [
               0.34725490196078423
            ]
         },
         "data": {
            "n": 92,
            "n0": 41,
            "n1": 51
         }
      }
   },
   "SVC": {
      "test_score": 0.7482517482517482,
      "best_score": 0.7987828606244557,
      "sample_proportion": 0.6,
      "threshold": 0.45,
      "p": 5,
      "highest class adjustment": false,
      "sample_scores": [
         0.0,
         0.0,
         0.0,
         0.0,
         0.7341628959276019,
         0.0,
         0.0,
         0.7345347943601537,
         0.7987828606244557,
         0.7728826892044519,
         0.0,
         0.0,
         0.0,
         0.0,
         0.7639544968352064,
         0.7536648290725676,
         0.0,
         0.7594145574456374,
         0.0
      ]
   },
   "KNeighborsClassifier": {
      "test_score": 0.6713286713286714,
      "best_score": 0.7045897345990687,
      "sample_proportion": 0.92,
      "threshold": 0.75,
      "p": 5,
      "highest class adjustment": false,
      "sample_scores": [
         0.0,
         0.0,
         0.0,
         0.0,
         0.5576329532310821,
         0.6493719471235565,
         0.0,
         0.0,
         0.0,
         0.0,
         0.6815416988148719,
         0.6716786639957079,
         0.6699370323049921,
         0.6932389279777812,
         0.7045897345990687,
         0.6723716954644869,
         0.6576339069955771,
         0.6576339069955771,
         0.0
      ]
   },
   "RandomForestClassifier": {
      "test_score": 0.8321678321678322,
      "best_score": 0.746707821721424,
      "sample_proportion": 0.4,
      "threshold": 0.3,
      "p": 5,
      "highest class adjustment": false,
      "sample_scores": [
         0.0,
         0.0,
         0.6848872525161039,
         0.0,
         0.7130659547617452,
         0.746707821721424,
         0.7017174219470513,
         0.0,
         0.0,
         0.0,
         0.0,
         0.0,
         0.0,
         0.0,
         0.6739150167744277,
         0.6575527160717031,
         0.0,
         0.0,
         0.6562680400199129
      ]
   },
   "GradientBoostingClassifier": {
      "test_score": 0.7552447552447552,
      "best_score": 0.6763975575693699,
      "sample_proportion": 0.78,
      "threshold": 0.55,
      "p": 5,
      "highest class adjustment": false,
      "sample_scores": [
         0.0,
         0.6590310696674638,
         0.0,
         0.0,
         0.0,
         0.0,
         0.0,
         0.6460402714559853,
         0.6611069851343278,
         0.6680766157213652,
         0.6763975575693699,
         0.6606927747393786,
         0.0,
         0.0,
         0.6586122586864332,
         0.0,
         0.6577585508785326,
         0.6577585508785326,
         0.0
      ]
   }
}