{
   "svmguide3": {
      "info": {
         "complexity": {
            "global": [
               0.26513078470824947
            ],
            "class 0": [
               0.15327608982826949
            ],
            "class 1": [
               0.6224050632911392
            ]
         },
         "data": {
            "n": 994,
            "n0": 757,
            "n1": 237
         }
      }
   },
   "SVC": {
      "test_score": 0.6780200075305718,
      "best_score": 0.7817496018119433,
      "sample_proportion": 1.0,
      "threshold": 0.85,
      "p": 1,
      "highest class adjustment": true,
      "sample_scores": [
         0.0,
         0.0,
         0.0,
         0.0,
         0.7721852291571892,
         0.0,
         0.0,
         0.0,
         0.7770722485210398,
         0.0,
         0.0,
         0.0,
         0.0,
         0.0,
         0.7803489774862523,
         0.7803489774862523,
         0.7817496018119433,
         0.7817496018119433,
         0.7817496018119433
      ]
   },
   "KNeighborsClassifier": {
      "test_score": 0.6720715747417467,
      "best_score": 0.6938339589994552,
      "sample_proportion": 0.88,
      "threshold": 0.3,
      "p": 1,
      "highest class adjustment": true,
      "sample_scores": [
         0.0,
         0.0,
         0.0,
         0.0,
         0.6902673434501247,
         0.6938339589994552,
         0.68633032498777,
         0.0,
         0.0,
         0.0,
         0.0,
         0.6902899686110935,
         0.0,
         0.0,
         0.0,
         0.685734717483934,
         0.0,
         0.685734717483934,
         0.0
      ]
   },
   "RandomForestClassifier": {
      "test_score": 0.7184362960388859,
      "best_score": 0.7894960298406716,
      "sample_proportion": 0.88,
      "threshold": 0.3,
      "p": 1,
      "highest class adjustment": true,
      "sample_scores": [
         0.0,
         0.0,
         0.7152229687581036,
         0.0,
         0.7710990014256988,
         0.7894960298406716,
         0.7702745557925259,
         0.0,
         0.0,
         0.0,
         0.0,
         0.0,
         0.0,
         0.0,
         0.7551591106877535,
         0.7551591106877535,
         0.0,
         0.0,
         0.7699904414319351
      ]
   },
   "GradientBoostingClassifier": {
      "test_score": 0.7611439177159258,
      "best_score": 0.7960202848611445,
      "sample_proportion": 0.96,
      "threshold": 0.45,
      "p": 1,
      "highest class adjustment": true,
      "sample_scores": [
         0.0,
         0.738357830978182,
         0.0,
         0.0,
         0.0,
         0.0,
         0.0,
         0.7873887804737465,
         0.7960202848611445,
         0.7887025321648456,
         0.0,
         0.0,
         0.0,
         0.0,
         0.7857889321013602,
         0.0,
         0.787026843747277,
         0.787026843747277,
         0.0
      ]
   }
}