{
   "w3a": {
      "info": {
         "complexity": {
            "global": [
               0.033672690251972524
            ],
            "class 0": [
               0.022020969855832254
            ],
            "class 1": [
               0.4235964912280701
            ]
         },
         "data": {
            "n": 3929,
            "n0": 3815,
            "n1": 114
         }
      }
   },
   "SVC": {
      "test_score": 0.8371067392142667,
      "best_score": 0.8421342869292611,
      "sample_proportion": 0.97,
      "threshold": 0.4,
      "p": 1,
      "highest class adjustment": true,
      "sample_scores": [
         0.0,
         0.0,
         0.0,
         0.0,
         0.8334809654293952,
         0.0,
         0.8367309508855,
         0.8421342869292611,
         0.8421342869292611,
         0.8421342869292611,
         0.8379286239492134,
         0.0,
         0.0,
         0.0,
         0.83358076871311,
         0.8353341900284902,
         0.0,
         0.8321827848255285,
         0.0
      ]
   },
   "KNeighborsClassifier": {
      "test_score": 0.5915144025649361,
      "best_score": 0.7535077761037082,
      "sample_proportion": 0.96,
      "threshold": 0.2,
      "p": 1,
      "highest class adjustment": true,
      "sample_scores": [
         0.0,
         0.0,
         0.7495318719531318,
         0.7535077761037082,
         0.7535077761037082,
         0.7535077761037082,
         0.7495318719531318,
         0.7535077761037082,
         0.7535077761037082,
         0.7535077761037082,
         0.7535077761037082,
         0.7535077761037082,
         0.7535077761037082,
         0.749345766773723,
         0.0,
         0.749345766773723,
         0.0,
         0.7447299160254591,
         0.0
      ]
   },
   "RandomForestClassifier": {
      "test_score": 0.8193345614479539,
      "best_score": 0.8329432840909053,
      "sample_proportion": 0.97,
      "threshold": 0.3,
      "p": 1,
      "highest class adjustment": true,
      "sample_scores": [
         0.0,
         0.0,
         0.8093507583815486,
         0.0,
         0.8142699353469093,
         0.8329432840909053,
         0.8129374455160221,
         0.0,
         0.0,
         0.0,
         0.0,
         0.0,
         0.0,
         0.0,
         0.8080493136527057,
         0.8068977166179475,
         0.0,
         0.0,
         0.8027792649047095
      ]
   },
   "GradientBoostingClassifier": {
      "test_score": 0.7479216962748246,
      "best_score": 0.8459966584260776,
      "sample_proportion": 0.98,
      "threshold": 0.9,
      "p": 1,
      "highest class adjustment": true,
      "sample_scores": [
         0.0,
         0.832429825353913,
         0.0,
         0.0,
         0.0,
         0.0,
         0.0,
         0.0,
         0.8398826966891555,
         0.0,
         0.0,
         0.0,
         0.0,
         0.0,
         0.8388427664984462,
         0.0,
         0.8437144493937679,
         0.8459966584260776,
         0.8428058944272351
      ]
   }
}