{
   "w5a": {
      "info": {
         "complexity": {
            "global": [
               0.02704804045512011
            ],
            "class 0": [
               0.018425504229017575
            ],
            "class 1": [
               0.32155555555555554
            ]
         },
         "data": {
            "n": 7910,
            "n0": 7685,
            "n1": 225
         }
      }
   },
   "SVC": {
      "test_score": 0.8362981636542626,
      "best_score": 0.8688200761320437,
      "sample_proportion": 0.82,
      "threshold": 0.95,
      "p": 1,
      "highest class adjustment": true,
      "sample_scores": [
         0.0,
         0.0,
         0.0,
         0.0,
         0.8535430624688279,
         0.0,
         0.0,
         0.0,
         0.8617500901169386,
         0.0,
         0.0,
         0.0,
         0.0,
         0.0,
         0.8623880900540765,
         0.8659998648560144,
         0.8639324877622799,
         0.8671592201595496,
         0.8688200761320437
      ]
   },
   "KNeighborsClassifier": {
      "test_score": 0.853217483945919,
      "best_score": 0.816247117924685,
      "sample_proportion": 0.81,
      "threshold": 0.75,
      "p": 1,
      "highest class adjustment": true,
      "sample_scores": [
         0.0,
         0.0,
         0.0,
         0.0,
         0.8000140427993524,
         0.80279305323752,
         0.0,
         0.0,
         0.0,
         0.0,
         0.0,
         0.8074605174247728,
         0.8127986815836667,
         0.8158740522120361,
         0.816247117924685,
         0.8087768925064579,
         0.8125110931340088,
         0.8092598968977122,
         0.8114289624722589
      ]
   },
   "RandomForestClassifier": {
      "test_score": 0.857441730855182,
      "best_score": 0.8578060084677515,
      "sample_proportion": 0.81,
      "threshold": 0.75,
      "p": 1,
      "highest class adjustment": true,
      "sample_scores": [
         0.0,
         0.0,
         0.8473386066789143,
         0.0,
         0.0,
         0.8430202546063894,
         0.0,
         0.0,
         0.0,
         0.0,
         0.0,
         0.0,
         0.0,
         0.8482192488092958,
         0.8578060084677515,
         0.8488145588339114,
         0.0,
         0.0,
         0.8527222306974758
      ]
   },
   "GradientBoostingClassifier": {
      "test_score": 0.8281508393603525,
      "best_score": 0.8588700022515164,
      "sample_proportion": 0.82,
      "threshold": 0.95,
      "p": 1,
      "highest class adjustment": true,
      "sample_scores": [
         0.0,
         0.839081075747025,
         0.0,
         0.0,
         0.0,
         0.0,
         0.0,
         0.0,
         0.8512165784915506,
         0.0,
         0.0,
         0.0,
         0.0,
         0.0,
         0.8496160820694197,
         0.0,
         0.8523025208459298,
         0.8535711689231169,
         0.8588700022515164
      ]
   }
}