{
   "a9a": {
      "info": {
         "complexity": {
            "global": [
               0.21891392813267815
            ],
            "class 0": [
               0.1500414664981037
            ],
            "class 1": [
               0.43602741909772036
            ]
         },
         "data": {
            "n": 26048,
            "n0": 19775,
            "n1": 6273
         }
      }
   },
   "SVC": {
      "test_score": 0.7870021921939399,
      "best_score": 0.7908595865748124,
      "sample_proportion": 0.64,
      "threshold": 0.4,
      "sample_scores": [
         0.0,
         0.0,
         0.7771801274073608,
         0.7812046431932508,
         0.7868921943490031,
         0.7895810018712434,
         0.7901454783094458,
         0.7908595865748124,
         0.789228905254153,
         0.7901032991683752,
         0.7899001481240756,
         0.7888379531654698,
         0.7886917775700016,
         0.7886575903237608,
         0.7871196306946303,
         0.785924440981117,
         0.7849390279952227,
         0.7836281951580251,
         0.7829958553200801
      ]
   },
   "KNeighborsClassifier": {
      "test_score": 0.7683906373261173,
      "best_score": 0.7729543754730305,
      "sample_proportion": 0.59,
      "threshold": 0.35,
      "sample_scores": [
         0.0,
         0.0,
         0.7586756647118738,
         0.76628313491433,
         0.770062051373915,
         0.7721268717026645,
         0.7729543754730305,
         0.7726021542839178,
         0.7715943372645503,
         0.7710398833372407,
         0.7706468786670305,
         0.7684171290956398,
         0.7674894209755695,
         0.7670497041155123,
         0.7651454994698854,
         0.7639678638471539,
         0.7633301523074069,
         0.7622851041989932,
         0.7593185713166452
      ]
   },
   "RandomForestClassifier": {
      "test_score": 0.7809157169017448,
      "best_score": 0.7963169390046976,
      "sample_proportion": 0.59,
      "threshold": 0.35,
      "sample_scores": [
         0.0,
         0.0,
         0.781337124028059,
         0.7886932534589564,
         0.7933838670863412,
         0.7945548715094946,
         0.7963169390046976,
         0.7952005527299546,
         0.7956241105218477,
         0.7928728504120567,
         0.792206969176721,
         0.789289189964295,
         0.0,
         0.0,
         0.7808662239701315,
         0.7782127447377324,
         0.0,
         0.0,
         0.7696031816569368
      ]
   },
   "GradientBoostingClassifier": {
      "test_score": 0.7952417507260611,
      "best_score": 0.7933768503971278,
      "sample_proportion": 0.74,
      "threshold": 0.5,
      "sample_scores": [
         0.0,
         0.7720043238583049,
         0.7792004968002603,
         0.7856048496962744,
         0.7893514225503768,
         0.7884965843202106,
         0.7914678088372651,
         0.793080765773083,
         0.7930463535652317,
         0.7933768503971278,
         0.7910230408910476,
         0.7915241341597229,
         0.7905830407984166,
         0.7908961125297139,
         0.7889328617742951,
         0.7899776497638968,
         0.7907539066440687,
         0.7901655247700649,
         0.7906505082932512
      ]
   }
}