{
   "a9a": {
      "info": {
         "complexity": {
            "global": [
               0.21891392813267815
            ],
            "class 0": [
               0.1500414664981037
            ],
            "class 1": [
               0.43602741909772036
            ]
         },
         "data": {
            "n": 26048,
            "n0": 19775,
            "n1": 6273
         }
      }
   },
   "SVC": {
      "test_score": 0.7952321558550598,
      "best_score": 0.7903415599897204,
      "sample_proportion": 0.77,
      "threshold": 0.4,
      "p": 1,
      "highest class adjustment": true,
      "sample_scores": [
         0.0,
         0.0,
         0.0,
         0.0,
         0.7868921943490031,
         0.7887088524376636,
         0.789711844485506,
         0.7903415599897204,
         0.789228905254153,
         0.7899067365707175,
         0.789171045683703,
         0.0,
         0.0,
         0.0,
         0.7871196306946303,
         0.785924440981117,
         0.0,
         0.7836281951580251,
         0.0
      ]
   },
   "KNeighborsClassifier": {
      "test_score": 0.7691573756077457,
      "best_score": 0.7732414894365972,
      "sample_proportion": 0.73,
      "threshold": 0.35,
      "p": 1,
      "highest class adjustment": true,
      "sample_scores": [
         0.0,
         0.0,
         0.0,
         0.0,
         0.7699629769047732,
         0.7720937739220878,
         0.7732414894365972,
         0.7714108947153044,
         0.0,
         0.0,
         0.0,
         0.7686367097361876,
         0.0,
         0.0,
         0.0,
         0.7639678638471539,
         0.0,
         0.7623928168181319,
         0.0
      ]
   },
   "RandomForestClassifier": {
      "test_score": 0.7800872026786849,
      "best_score": 0.7963169390046976,
      "sample_proportion": 0.73,
      "threshold": 0.35,
      "p": 1,
      "highest class adjustment": true,
      "sample_scores": [
         0.0,
         0.0,
         0.781337124028059,
         0.0,
         0.7933838670863412,
         0.7945548715094946,
         0.7963169390046976,
         0.7950705728143678,
         0.0,
         0.0,
         0.0,
         0.0,
         0.0,
         0.0,
         0.7808662239701315,
         0.7782127447377324,
         0.0,
         0.0,
         0.7696031816569368
      ]
   },
   "GradientBoostingClassifier": {
      "test_score": 0.7948899706196291,
      "best_score": 0.793536297536806,
      "sample_proportion": 0.85,
      "threshold": 0.5,
      "p": 1,
      "highest class adjustment": true,
      "sample_scores": [
         0.0,
         0.7720043238583049,
         0.0,
         0.0,
         0.0,
         0.0,
         0.7914678088372651,
         0.793080765773083,
         0.7930463535652317,
         0.793536297536806,
         0.791312112152123,
         0.0,
         0.0,
         0.0,
         0.7889328617742951,
         0.0,
         0.7907539066440687,
         0.7901655247700649,
         0.0
      ]
   }
}