{
   "australian": {
      "info": {
         "complexity": {
            "global": [
               0.20219202898550726
            ],
            "class 0": [
               0.17333333333333337
            ],
            "class 1": [
               0.23808943089430895
            ]
         },
         "data": {
            "n": 552,
            "n0": 306,
            "n1": 246
         }
      }
   },
   "SVC": {
      "test_score": 0.8198088939208763,
      "best_score": 0.8771351814771625,
      "sample_proportion": 0.41,
      "threshold": 0.1,
      "p": 3,
      "highest class adjustment": true,
      "sample_scores": [
         0.0,
         0.8771351814771625,
         0.87363349568384,
         0.8756626284554055,
         0.8722213314246018,
         0.8722213314246018,
         0.8657168175651931,
         0.8657168175651931,
         0.8641566557575228,
         0.8657168175651931,
         0.8641566557575228,
         0.8641566557575228,
         0.8657168175651931,
         0.8657168175651931,
         0.8624789459217603,
         0.8681085381018767,
         0.8681085381018767,
         0.8717587163025678,
         0.8717587163025678
      ]
   },
   "KNeighborsClassifier": {
      "test_score": 0.8529833771572298,
      "best_score": 0.8676313459795764,
      "sample_proportion": 0.41,
      "threshold": 0.1,
      "p": 3,
      "highest class adjustment": true,
      "sample_scores": [
         0.0,
         0.8676313459795764,
         0.8641007305915024,
         0.8635704919448447,
         0.8618475880631696,
         0.8576304433051632,
         0.8593170640133708,
         0.8555686759477567,
         0.8628654608158434,
         0.8610759403945568,
         0.8647548073263166,
         0.8613033267125964,
         0.8591780562042014,
         0.8574155192649974,
         0.8499192094186098,
         0.8481761997130493,
         0.0,
         0.8481216658953571,
         0.0
      ]
   },
   "RandomForestClassifier": {
      "test_score": 0.8092443116847771,
      "best_score": 0.88772594495759,
      "sample_proportion": 0.79,
      "threshold": 0.35,
      "p": 3,
      "highest class adjustment": true,
      "sample_scores": [
         0.0,
         0.867613777757248,
         0.8736812397366679,
         0.8713421271464297,
         0.875248052992434,
         0.8757482602920076,
         0.88772594495759,
         0.8825755887400728,
         0.8835994141499749,
         0.8869622142445078,
         0.8855313552311229,
         0.8815477863965381,
         0.8834715227721578,
         0.8838805440194614,
         0.8812598298570036,
         0.8757265940844977,
         0.8779732034386211,
         0.8800083538009562,
         0.8740586465616964
      ]
   },
   "GradientBoostingClassifier": {
      "test_score": 0.8121492947377457,
      "best_score": 0.8897278637061277,
      "sample_proportion": 0.81,
      "threshold": 0.4,
      "p": 3,
      "highest class adjustment": true,
      "sample_scores": [
         0.0,
         0.8700787830457042,
         0.0,
         0.0,
         0.0,
         0.8793866630765401,
         0.8886103349988993,
         0.8897278637061277,
         0.8874259934342129,
         0.8851637695800344,
         0.8857274895340091,
         0.8836577860693144,
         0.8853714423471754,
         0.8856062620870647,
         0.882243936450274,
         0.8802954826073885,
         0.8871039251013247,
         0.8853588736120419,
         0.8817613392148428
      ]
   }
}