{
   "australian": {
      "info": {
         "complexity": {
            "global": [
               0.20219202898550726
            ],
            "class 0": [
               0.17333333333333337
            ],
            "class 1": [
               0.23808943089430895
            ]
         },
         "data": {
            "n": 552,
            "n0": 306,
            "n1": 246
         }
      }
   },
   "SVC": {
      "test_score": 0.8256061708556084,
      "best_score": 0.878050266039593,
      "sample_proportion": 0.56,
      "threshold": 0.15,
      "p": 5,
      "highest class adjustment": false,
      "sample_scores": [
         0.0,
         0.8739817654892671,
         0.878050266039593,
         0.8773647627834533,
         0.8774214936307162,
         0.8722213314246018,
         0.0,
         0.0,
         0.8710652916270476,
         0.0,
         0.0,
         0.0,
         0.0,
         0.0,
         0.8624789459217603,
         0.8681085381018767,
         0.0,
         0.8681085381018767,
         0.0
      ]
   },
   "KNeighborsClassifier": {
      "test_score": 0.8384074941451991,
      "best_score": 0.8647342366828491,
      "sample_proportion": 0.89,
      "threshold": 0.6,
      "p": 5,
      "highest class adjustment": false,
      "sample_scores": [
         0.0,
         0.0,
         0.0,
         0.0,
         0.860139167593562,
         0.8541725780658102,
         0.0,
         0.0,
         0.0,
         0.0,
         0.8628929155983185,
         0.8647342366828491,
         0.8591780562042014,
         0.0,
         0.0,
         0.8481761997130493,
         0.0,
         0.8481216658953571,
         0.0
      ]
   },
   "RandomForestClassifier": {
      "test_score": 0.8364778057333556,
      "best_score": 0.8839225773828439,
      "sample_proportion": 0.74,
      "threshold": 0.3,
      "p": 5,
      "highest class adjustment": false,
      "sample_scores": [
         0.0,
         0.0,
         0.8725836367380791,
         0.0,
         0.879062194468629,
         0.8839225773828439,
         0.8815243796885218,
         0.0,
         0.0,
         0.0,
         0.0,
         0.0,
         0.0,
         0.0,
         0.8817159432614755,
         0.877519470849807,
         0.0,
         0.0,
         0.8682864445819108
      ]
   },
   "GradientBoostingClassifier": {
      "test_score": 0.8574833378085338,
      "best_score": 0.8853361619289658,
      "sample_proportion": 0.97,
      "threshold": 0.85,
      "p": 5,
      "highest class adjustment": false,
      "sample_scores": [
         0.0,
         0.8830698124419306,
         0.0,
         0.0,
         0.0,
         0.0,
         0.0,
         0.0,
         0.8835984410095569,
         0.0,
         0.0,
         0.0,
         0.0,
         0.0,
         0.880730599244581,
         0.8782066555468409,
         0.8853361619289658,
         0.8797598660719576,
         0.0
      ]
   }
}