{
   "banknote": {
      "info": {
         "complexity": {
            "global": [
               0.004038286235186874
            ],
            "class 0": [
               0.006847290640394088
            ],
            "class 1": [
               0.0005327868852459019
            ]
         },
         "data": {
            "n": 1097,
            "n0": 609,
            "n1": 488
         }
      }
   },
   "SVC": {
      "test_score": 1.0,
      "best_score": 0.9963441247049264,
      "sample_proportion": 0.08,
      "threshold": 0.8,
      "p": 3,
      "highest class adjustment": true,
      "sample_scores": [
         0.0,
         0.0,
         0.0,
         0.0,
         0.9671632928664121,
         0.0,
         0.0,
         0.9725851311549262,
         0.9963404319002088,
         0.9945152950080484,
         0.987299851988582,
         0.9936940940753433,
         0.9917207248761194,
         0.9909103537502383,
         0.9899716565110411,
         0.9963441247049264,
         0.9926352552181198,
         0.9926570988050806,
         0.9742216788052058
      ]
   },
   "KNeighborsClassifier": {
      "test_score": 0.9668916445424423,
      "best_score": 0.9650328393497082,
      "sample_proportion": 0.09,
      "threshold": 0.85,
      "p": 3,
      "highest class adjustment": true,
      "sample_scores": [
         0.0,
         0.0,
         0.0,
         0.0,
         0.937320592669507,
         0.9380079560670826,
         0.0,
         0.0,
         0.0,
         0.0,
         0.9512310499139028,
         0.9567837845878847,
         0.9596178113664786,
         0.9575246591887444,
         0.9575246591887444,
         0.9513362761904961,
         0.9650328393497082,
         0.9634231068412938,
         0.9595512166783049
      ]
   },
   "RandomForestClassifier": {
      "test_score": 0.948435658416372,
      "best_score": 0.9184454846698062,
      "sample_proportion": 0.08,
      "threshold": 0.65,
      "p": 3,
      "highest class adjustment": true,
      "sample_scores": [
         0.0,
         0.0,
         0.8704933573906003,
         0.0,
         0.0,
         0.8958486035839894,
         0.0,
         0.0,
         0.0,
         0.0,
         0.0,
         0.9082927505682571,
         0.9184454846698062,
         0.9184454846698062,
         0.9129880537347302,
         0.8897003993669254,
         0.0,
         0.0,
         0.8927031430722657
      ]
   },
   "GradientBoostingClassifier": {
      "test_score": 0.9889729106939853,
      "best_score": 0.9503327770011915,
      "sample_proportion": 0.09,
      "threshold": 0.85,
      "p": 3,
      "highest class adjustment": true,
      "sample_scores": [
         0.0,
         0.8655350968062226,
         0.0,
         0.0,
         0.0,
         0.0,
         0.0,
         0.9090413620064828,
         0.9474699672095964,
         0.9125512662904708,
         0.0,
         0.9316774802330444,
         0.9421679250590476,
         0.9446361408608673,
         0.9490539799126094,
         0.9143666322301601,
         0.9503327770011915,
         0.9121648085220567,
         0.0
      ]
   }
}