{
   "breastcancer": {
      "info": {
         "complexity": {
            "global": [
               0.06883516483516484
            ],
            "class 0": [
               0.04115789473684211
            ],
            "class 1": [
               0.11523529411764706
            ]
         },
         "data": {
            "n": 455,
            "n0": 285,
            "n1": 170
         }
      }
   },
   "SVC": {
      "test_score": 0.9720774754816659,
      "best_score": 0.9769553637111983,
      "sample_proportion": 0.98,
      "threshold": 0.75,
      "p": 3,
      "highest class adjustment": true,
      "sample_scores": [
         0.0,
         0.0,
         0.0,
         0.0,
         0.9540554948553432,
         0.0,
         0.0,
         0.0,
         0.9584536519391214,
         0.0,
         0.0,
         0.9630655323941585,
         0.9676957741328817,
         0.9744476235412799,
         0.9769553637111983,
         0.9746936345326679,
         0.9724432922656102,
         0.9702635275631266,
         0.963153213807538
      ]
   },
   "KNeighborsClassifier": {
      "test_score": 0.9343832464083224,
      "best_score": 0.9695678770469356,
      "sample_proportion": 0.91,
      "threshold": 0.25,
      "p": 3,
      "highest class adjustment": true,
      "sample_scores": [
         0.0,
         0.9484347042276294,
         0.9627649484951292,
         0.9672529498078561,
         0.9695678770469356,
         0.9672834942904713,
         0.9649523771543497,
         0.9672834942904713,
         0.9650092279211958,
         0.9650092279211958,
         0.967344425342735,
         0.967344425342735,
         0.967344425342735,
         0.967344425342735,
         0.967344425342735,
         0.967344425342735,
         0.967344425342735,
         0.967344425342735,
         0.967344425342735
      ]
   },
   "RandomForestClassifier": {
      "test_score": 0.9720774754816659,
      "best_score": 0.9580884116410445,
      "sample_proportion": 0.99,
      "threshold": 0.85,
      "p": 3,
      "highest class adjustment": true,
      "sample_scores": [
         0.0,
         0.0,
         0.9437715296991841,
         0.0,
         0.0,
         0.9415182291478404,
         0.0,
         0.0,
         0.9460962883043297,
         0.9509169651447443,
         0.9556436456654297,
         0.9556436456654297,
         0.9512014889010457,
         0.955740778786191,
         0.9534055813646517,
         0.9558934013858625,
         0.9580884116410445,
         0.9579788430869689,
         0.9580884116410445
      ]
   },
   "GradientBoostingClassifier": {
      "test_score": 0.9629100498862757,
      "best_score": 0.9650969456870485,
      "sample_proportion": 1.0,
      "threshold": 0.95,
      "p": 3,
      "highest class adjustment": true,
      "sample_scores": [
         0.0,
         0.9416435039029337,
         0.0,
         0.0,
         0.0,
         0.0,
         0.0,
         0.0,
         0.9514991203277164,
         0.0,
         0.0,
         0.0,
         0.9534665124169154,
         0.955740778786191,
         0.9580884116410445,
         0.9604493790333345,
         0.9628245847582276,
         0.9627359782947588,
         0.9650969456870485
      ]
   }
}