{
   "breastcancer": {
      "info": {
         "complexity": {
            "global": [
               0.06883516483516484
            ],
            "class 0": [
               0.04115789473684211
            ],
            "class 1": [
               0.11523529411764706
            ]
         },
         "data": {
            "n": 455,
            "n0": 285,
            "n1": 170
         }
      }
   },
   "SVC": {
      "test_score": 0.9720774754816659,
      "best_score": 0.9769553637111983,
      "sample_proportion": 0.98,
      "threshold": 0.75,
      "p": 5,
      "highest class adjustment": false,
      "sample_scores": [
         0.0,
         0.0,
         0.0,
         0.0,
         0.9587179555483244,
         0.0,
         0.0,
         0.0,
         0.9629234666509054,
         0.0,
         0.0,
         0.0,
         0.0,
         0.9744476235412799,
         0.9769553637111983,
         0.9746936345326679,
         0.0,
         0.9702635275631266,
         0.0
      ]
   },
   "KNeighborsClassifier": {
      "test_score": 0.9343832464083224,
      "best_score": 0.9695678770469356,
      "sample_proportion": 0.91,
      "threshold": 0.25,
      "p": 5,
      "highest class adjustment": false,
      "sample_scores": [
         0.0,
         0.0,
         0.0,
         0.9672529498078561,
         0.9695678770469356,
         0.9672834942904713,
         0.0,
         0.0,
         0.0,
         0.0,
         0.0,
         0.967344425342735,
         0.0,
         0.0,
         0.0,
         0.967344425342735,
         0.0,
         0.967344425342735,
         0.0
      ]
   },
   "RandomForestClassifier": {
      "test_score": 0.9720774754816659,
      "best_score": 0.9580884116410445,
      "sample_proportion": 0.99,
      "threshold": 0.85,
      "p": 5,
      "highest class adjustment": false,
      "sample_scores": [
         0.0,
         0.0,
         0.9417468656242103,
         0.0,
         0.0,
         0.9441341147923406,
         0.0,
         0.0,
         0.0,
         0.0,
         0.0,
         0.0,
         0.0,
         0.0,
         0.9534055813646517,
         0.9558934013858625,
         0.9580884116410445,
         0.9579788430869689,
         0.9580884116410445
      ]
   },
   "GradientBoostingClassifier": {
      "test_score": 0.9629100498862757,
      "best_score": 0.9650969456870485,
      "sample_proportion": 1.0,
      "threshold": 0.95,
      "p": 5,
      "highest class adjustment": false,
      "sample_scores": [
         0.0,
         0.9442032781541713,
         0.0,
         0.0,
         0.0,
         0.0,
         0.0,
         0.0,
         0.9492860847726948,
         0.0,
         0.0,
         0.0,
         0.0,
         0.0,
         0.9580884116410445,
         0.9604493790333345,
         0.9628245847582276,
         0.9627359782947588,
         0.9650969456870485
      ]
   }
}