{
   "bupa": {
      "info": {
         "complexity": {
            "global": [
               0.46090579710144924
            ],
            "class 0": [
               0.45422222222222225
            ],
            "class 1": [
               0.4673049645390071
            ]
         },
         "data": {
            "n": 276,
            "n0": 135,
            "n1": 141
         }
      }
   },
   "SVC": {
      "test_score": 0.5883471055512213,
      "best_score": 0.6521816272598285,
      "sample_proportion": 0.45,
      "threshold": 0.4,
      "p": 3,
      "highest class adjustment": true,
      "sample_scores": [
         0.0,
         0.0,
         0.0,
         0.0,
         0.61314856972915,
         0.0,
         0.6353477657376542,
         0.6521816272598285,
         0.6360430452548707,
         0.6344611846424045,
         0.0,
         0.0,
         0.0,
         0.0,
         0.6142583909543914,
         0.6333611170230165,
         0.6446615350804134,
         0.6254492425997249,
         0.0
      ]
   },
   "KNeighborsClassifier": {
      "test_score": 0.5397687163752998,
      "best_score": 0.6406981608739205,
      "sample_proportion": 0.68,
      "threshold": 0.55,
      "p": 3,
      "highest class adjustment": true,
      "sample_scores": [
         0.0,
         0.0,
         0.0,
         0.0,
         0.6065412254123247,
         0.6075798615584187,
         0.0,
         0.0,
         0.0,
         0.6224074800751973,
         0.6406981608739205,
         0.6321645004784094,
         0.6272700558550954,
         0.0,
         0.0,
         0.5937390822377089,
         0.0,
         0.5859142687500853,
         0.0
      ]
   },
   "RandomForestClassifier": {
      "test_score": 0.5530453433414221,
      "best_score": 0.6497392325186326,
      "sample_proportion": 0.28,
      "threshold": 0.3,
      "p": 3,
      "highest class adjustment": true,
      "sample_scores": [
         0.0,
         0.0,
         0.5712813820489271,
         0.0,
         0.6192277017942392,
         0.6497392325186326,
         0.6229843416395094,
         0.0,
         0.0,
         0.0,
         0.0,
         0.0,
         0.0,
         0.0,
         0.5947688742243624,
         0.6089973219153803,
         0.0,
         0.0,
         0.5904602769033248
      ]
   },
   "GradientBoostingClassifier": {
      "test_score": 0.5954404146634842,
      "best_score": 0.6427070640166012,
      "sample_proportion": 0.52,
      "threshold": 0.45,
      "p": 3,
      "highest class adjustment": true,
      "sample_scores": [
         0.0,
         0.5604621926138068,
         0.0,
         0.0,
         0.0,
         0.0,
         0.6157592186566966,
         0.640037403042907,
         0.6427070640166012,
         0.6229077197511507,
         0.0,
         0.0,
         0.0,
         0.0,
         0.5831056074676176,
         0.0,
         0.6049954075998643,
         0.5975405568948378,
         0.0
      ]
   }
}