{
   "cleve": {
      "info": {
         "complexity": {
            "global": [
               0.26892561983471075
            ],
            "class 0": [
               0.23439393939393938
            ],
            "class 1": [
               0.31036363636363645
            ]
         },
         "data": {
            "n": 242,
            "n0": 132,
            "n1": 110
         }
      }
   },
   "SVC": {
      "test_score": 0.7682739015569732,
      "best_score": 0.826079975605467,
      "sample_proportion": 0.64,
      "threshold": 0.3,
      "p": 3,
      "highest class adjustment": true,
      "sample_scores": [
         0.0,
         0.0,
         0.0,
         0.0,
         0.8104345737927039,
         0.826079975605467,
         0.8127179165252182,
         0.8208251756766073,
         0.8207485337307633,
         0.8040732289127089,
         0.0,
         0.8042513272443305,
         0.8167883044353944,
         0.8127008764431185,
         0.8131102670772048,
         0.821955732242848,
         0.8133417984155975,
         0.8100295950636599,
         0.0
      ]
   },
   "KNeighborsClassifier": {
      "test_score": 0.802487960915747,
      "best_score": 0.8220234220793698,
      "sample_proportion": 0.85,
      "threshold": 0.5,
      "p": 3,
      "highest class adjustment": true,
      "sample_scores": [
         0.0,
         0.0,
         0.0,
         0.0,
         0.7995163250291505,
         0.7996085399234788,
         0.0,
         0.7996591161755381,
         0.8124717617742019,
         0.8220234220793698,
         0.8213664406143959,
         0.8128974626425339,
         0.8173290566950895,
         0.821164494657944,
         0.8083527305213242,
         0.8126488550817905,
         0.8046807870855979,
         0.8042565829586256,
         0.8042565829586256
      ]
   },
   "RandomForestClassifier": {
      "test_score": 0.8391777176237161,
      "best_score": 0.825276523048054,
      "sample_proportion": 0.98,
      "threshold": 0.9,
      "p": 3,
      "highest class adjustment": true,
      "sample_scores": [
         0.0,
         0.8093344553763866,
         0.812510770647406,
         0.8082032981302442,
         0.8080967755271139,
         0.8124705462992705,
         0.803978435078562,
         0.0,
         0.0,
         0.0,
         0.0,
         0.0,
         0.0,
         0.0,
         0.8040900834094561,
         0.7956806311004478,
         0.7956806311004478,
         0.825276523048054,
         0.8211438930147161
      ]
   },
   "GradientBoostingClassifier": {
      "test_score": 0.7526004705686093,
      "best_score": 0.8296446888418357,
      "sample_proportion": 0.86,
      "threshold": 0.55,
      "p": 3,
      "highest class adjustment": true,
      "sample_scores": [
         0.0,
         0.8094360012777179,
         0.0,
         0.0,
         0.0,
         0.0,
         0.8037223043816114,
         0.8211738202167171,
         0.8294925421930621,
         0.825953364160808,
         0.8296446888418357,
         0.8088203076214143,
         0.0,
         0.0,
         0.8083587641249522,
         0.0,
         0.8087794981889079,
         0.7961656080090029,
         0.0
      ]
   }
}