{
   "colon-cancer": {
      "info": {
         "complexity": {
            "global": [
               0.2571428571428572
            ],
            "class 0": [
               0.22749999999999998
            ],
            "class 1": [
               0.3129411764705883
            ]
         },
         "data": {
            "n": 49,
            "n0": 32,
            "n1": 17
         }
      }
   },
   "SVC": {
      "test_score": 0.9216370213557838,
      "best_score": 0.8334314120532437,
      "sample_proportion": 0.65,
      "threshold": 0.1,
      "p": 3,
      "highest class adjustment": false,
      "sample_scores": [
         0.0,
         0.8334314120532437,
         0.8334314120532437,
         0.8334314120532437,
         0.8334314120532437,
         0.8094895518161896,
         0.8334314120532437,
         0.8334314120532437,
         0.8334314120532437,
         0.8334314120532437,
         0.8334314120532437,
         0.8334314120532437,
         0.7849465635683952,
         0.0,
         0.8094895518161896,
         0.8094895518161896,
         0.0,
         0.8094895518161896,
         0.0
      ]
   },
   "KNeighborsClassifier": {
      "test_score": 0.6587713240271471,
      "best_score": 0.7148421435336006,
      "sample_proportion": 0.78,
      "threshold": 0.65,
      "p": 3,
      "highest class adjustment": false,
      "sample_scores": [
         0.0,
         0.0,
         0.0,
         0.0,
         0.6762468350510583,
         0.7012788209069726,
         0.0,
         0.0,
         0.0,
         0.0,
         0.0,
         0.6843334431225699,
         0.7148421435336006,
         0.7148421435336006,
         0.7148421435336006,
         0.7148421435336006,
         0.7148421435336006,
         0.7148421435336006,
         0.6874852021706269
      ]
   },
   "RandomForestClassifier": {
      "test_score": 0.9216370213557838,
      "best_score": 0.835193053995858,
      "sample_proportion": 0.73,
      "threshold": 0.35,
      "p": 3,
      "highest class adjustment": false,
      "sample_scores": [
         0.0,
         0.0,
         0.816239050642649,
         0.0,
         0.816239050642649,
         0.8308253846706305,
         0.835193053995858,
         0.835193053995858,
         0.835193053995858,
         0.835193053995858,
         0.835193053995858,
         0.835193053995858,
         0.0,
         0.0,
         0.7401748538391274,
         0.7401748538391274,
         0.0,
         0.0,
         0.22050258420739036
      ]
   },
   "GradientBoostingClassifier": {
      "test_score": 0.9216370213557838,
      "best_score": 0.7983835484954228,
      "sample_proportion": 0.65,
      "threshold": 0.1,
      "p": 3,
      "highest class adjustment": false,
      "sample_scores": [
         0.0,
         0.7983835484954228,
         0.7983835484954228,
         0.7983835484954228,
         0.7983835484954228,
         0.7563305095657977,
         0.0,
         0.0,
         0.7563305095657977,
         0.0,
         0.0,
         0.0,
         0.0,
         0.0,
         0.7590722804273957,
         0.0,
         0.7590722804273957,
         0.7590722804273957,
         0.0
      ]
   }
}