{
   "fourclass": {
      "info": {
         "complexity": {
            "global": [
               0.00985486211901306
            ],
            "class 0": [
               0.006103603603603604
            ],
            "class 1": [
               0.016653061224489795
            ]
         },
         "data": {
            "n": 689,
            "n0": 444,
            "n1": 245
         }
      }
   },
   "SVC": {
      "test_score": 1.0,
      "best_score": 0.995295795751732,
      "sample_proportion": 0.28,
      "threshold": 0.75,
      "p": 5,
      "highest class adjustment": false,
      "sample_scores": [
         0.0,
         0.0,
         0.0,
         0.0,
         0.9636795448629675,
         0.0,
         0.0,
         0.0,
         0.9859352802970176,
         0.0,
         0.0,
         0.0,
         0.0,
         0.9937281277680164,
         0.995295795751732,
         0.9860344288366735,
         0.0,
         0.9906821614807381,
         0.0
      ]
   },
   "KNeighborsClassifier": {
      "test_score": 1.0,
      "best_score": 0.995295795751732,
      "sample_proportion": 0.28,
      "threshold": 0.6,
      "p": 5,
      "highest class adjustment": false,
      "sample_scores": [
         0.0,
         0.0,
         0.0,
         0.0,
         0.9734324906877411,
         0.9811846724693084,
         0.0,
         0.0,
         0.0,
         0.0,
         0.9904971854428681,
         0.995295795751732,
         0.9794834750521071,
         0.0,
         0.0,
         0.9708686824967442,
         0.0,
         0.9890073815833311,
         0.0
      ]
   },
   "RandomForestClassifier": {
      "test_score": 0.9811173875531974,
      "best_score": 0.9671347238868115,
      "sample_proportion": 0.28,
      "threshold": 0.75,
      "p": 5,
      "highest class adjustment": false,
      "sample_scores": [
         0.0,
         0.0,
         0.8778037867933906,
         0.0,
         0.0,
         0.9333630632922506,
         0.0,
         0.0,
         0.0,
         0.0,
         0.0,
         0.0,
         0.0,
         0.9641355049036515,
         0.9671347238868115,
         0.9653009144175092,
         0.0,
         0.9412573836116206,
         0.9663647055072522
      ]
   },
   "GradientBoostingClassifier": {
      "test_score": 0.9937323175390573,
      "best_score": 0.965652670850182,
      "sample_proportion": 0.28,
      "threshold": 0.95,
      "p": 5,
      "highest class adjustment": false,
      "sample_scores": [
         0.0,
         0.8595304037503338,
         0.0,
         0.0,
         0.0,
         0.0,
         0.0,
         0.0,
         0.9561531749162837,
         0.0,
         0.0,
         0.0,
         0.0,
         0.0,
         0.9397749787730995,
         0.0,
         0.9581018996921774,
         0.9623893245093763,
         0.965652670850182
      ]
   }
}