{
   "ilpd": {
      "info": {
         "complexity": {
            "global": [
               0.3529805615550756
            ],
            "class 0": [
               0.2702114803625378
            ],
            "class 1": [
               0.560530303030303
            ]
         },
         "data": {
            "n": 463,
            "n0": 331,
            "n1": 132
         }
      }
   },
   "SVC": {
      "test_score": 0.6445274622015722,
      "best_score": 0.7013012183382733,
      "sample_proportion": 0.56,
      "threshold": 0.2,
      "p": 1,
      "highest class adjustment": true,
      "sample_scores": [
         0.0,
         0.0,
         0.6681726678542189,
         0.7013012183382733,
         0.69705942864258,
         0.6986786457286231,
         0.0,
         0.0,
         0.640343126815996,
         0.0,
         0.0,
         0.0,
         0.0,
         0.0,
         0.5905747622716325,
         0.5862571114050273,
         0.0,
         0.5862571114050273,
         0.0
      ]
   },
   "KNeighborsClassifier": {
      "test_score": 0.5903010235458291,
      "best_score": 0.6739507567211401,
      "sample_proportion": 0.68,
      "threshold": 0.3,
      "p": 1,
      "highest class adjustment": true,
      "sample_scores": [
         0.0,
         0.0,
         0.0,
         0.6549014586333749,
         0.6732680876862748,
         0.6739507567211401,
         0.6679389964126553,
         0.0,
         0.0,
         0.0,
         0.0,
         0.596544410972642,
         0.0,
         0.0,
         0.0,
         0.5882562615370125,
         0.0,
         0.5902475738426199,
         0.0
      ]
   },
   "RandomForestClassifier": {
      "test_score": 0.677881521970955,
      "best_score": 0.7002072237515867,
      "sample_proportion": 0.56,
      "threshold": 0.2,
      "p": 1,
      "highest class adjustment": true,
      "sample_scores": [
         0.0,
         0.6763464786216279,
         0.695558774369144,
         0.7002072237515867,
         0.6958734366770285,
         0.6787716809325399,
         0.0,
         0.0,
         0.0,
         0.0,
         0.0,
         0.0,
         0.0,
         0.0,
         0.6198197033661063,
         0.6250758230069028,
         0.0,
         0.0,
         0.6066087818267145
      ]
   },
   "GradientBoostingClassifier": {
      "test_score": 0.5777940439932836,
      "best_score": 0.6918104731866465,
      "sample_proportion": 0.8,
      "threshold": 0.4,
      "p": 1,
      "highest class adjustment": true,
      "sample_scores": [
         0.0,
         0.6739450649020268,
         0.0,
         0.0,
         0.0,
         0.0,
         0.6818076971668043,
         0.6918104731866465,
         0.6759439084832328,
         0.6434958772735125,
         0.0,
         0.0,
         0.0,
         0.0,
         0.6128165263772144,
         0.0,
         0.6047406672224985,
         0.6109715874813554,
         0.0
      ]
   }
}