{
   "ionosphere": {
      "info": {
         "complexity": {
            "global": [
               0.21800000000000003
            ],
            "class 0": [
               0.5567326732673267
            ],
            "class 1": [
               0.026871508379888272
            ]
         },
         "data": {
            "n": 280,
            "n0": 101,
            "n1": 179
         }
      }
   },
   "SVC": {
      "test_score": 0.9266203360901584,
      "best_score": 0.9430923173452957,
      "sample_proportion": 0.8,
      "threshold": 0.85,
      "p": 1,
      "highest class adjustment": true,
      "sample_scores": [
         0.0,
         0.0,
         0.0,
         0.0,
         0.9285168419465212,
         0.0,
         0.0,
         0.0,
         0.9299842473741909,
         0.0,
         0.0,
         0.0,
         0.0,
         0.0,
         0.94050323978678,
         0.9289676145825814,
         0.9430923173452957,
         0.9430923173452957,
         0.9319428160626231
      ]
   },
   "KNeighborsClassifier": {
      "test_score": 0.9072391008979945,
      "best_score": 0.8672127683328364,
      "sample_proportion": 0.57,
      "threshold": 0.25,
      "p": 1,
      "highest class adjustment": true,
      "sample_scores": [
         0.0,
         0.0,
         0.0,
         0.8632148419412541,
         0.8672127683328364,
         0.8638173950423821,
         0.0,
         0.0,
         0.0,
         0.0,
         0.0,
         0.8517926771862522,
         0.0,
         0.0,
         0.0,
         0.8362830702278018,
         0.0,
         0.8362830702278018,
         0.0
      ]
   },
   "RandomForestClassifier": {
      "test_score": 0.9401779045059886,
      "best_score": 0.9222454505510972,
      "sample_proportion": 0.82,
      "threshold": 0.9,
      "p": 1,
      "highest class adjustment": true,
      "sample_scores": [
         0.0,
         0.0,
         0.860826842952498,
         0.0,
         0.0,
         0.9025574711885419,
         0.0,
         0.0,
         0.0,
         0.0,
         0.0,
         0.0,
         0.0,
         0.0,
         0.9111079885383262,
         0.8961692915909482,
         0.9107260983684404,
         0.9222454505510972,
         0.918645712151343
      ]
   },
   "GradientBoostingClassifier": {
      "test_score": 0.9543272270982607,
      "best_score": 0.9236072675611814,
      "sample_proportion": 0.75,
      "threshold": 0.7,
      "p": 1,
      "highest class adjustment": true,
      "sample_scores": [
         0.0,
         0.8840419647489236,
         0.0,
         0.0,
         0.0,
         0.0,
         0.0,
         0.0,
         0.8903671894668866,
         0.0,
         0.0,
         0.0,
         0.9221376295763495,
         0.9236072675611814,
         0.9232124312616845,
         0.9148583370816717,
         0.9190981629098065,
         0.9107456901332487,
         0.0
      ]
   }
}