{
   "sonar": {
      "info": {
         "complexity": {
            "global": [
               0.20777108433734945
            ],
            "class 0": [
               0.140561797752809
            ],
            "class 1": [
               0.2854545454545454
            ]
         },
         "data": {
            "n": 166,
            "n0": 89,
            "n1": 77
         }
      }
   },
   "SVC": {
      "test_score": 0.7913743123526675,
      "best_score": 0.867594386016572,
      "sample_proportion": 0.83,
      "threshold": 0.45,
      "p": 5,
      "highest class adjustment": false,
      "sample_scores": [
         0.0,
         0.0,
         0.0,
         0.0,
         0.7974619169646592,
         0.0,
         0.0,
         0.8622317241957801,
         0.867594386016572,
         0.8629980930728399,
         0.0,
         0.0,
         0.0,
         0.0,
         0.857386113379255,
         0.857386113379255,
         0.0,
         0.857386113379255,
         0.0
      ]
   },
   "KNeighborsClassifier": {
      "test_score": 0.8096460589417889,
      "best_score": 0.9122165599219624,
      "sample_proportion": 0.93,
      "threshold": 0.6,
      "p": 5,
      "highest class adjustment": false,
      "sample_scores": [
         0.0,
         0.0,
         0.0,
         0.0,
         0.8739392659788022,
         0.8629562532448946,
         0.0,
         0.0,
         0.0,
         0.0,
         0.9066767258985396,
         0.9122165599219624,
         0.9122165599219624,
         0.9110987259687079,
         0.0,
         0.9041974763571301,
         0.0,
         0.9041974763571301,
         0.0
      ]
   },
   "RandomForestClassifier": {
      "test_score": 0.8708099243547831,
      "best_score": 0.8271412161766843,
      "sample_proportion": 0.98,
      "threshold": 0.7,
      "p": 5,
      "highest class adjustment": false,
      "sample_scores": [
         0.0,
         0.0,
         0.7733556861414196,
         0.0,
         0.0,
         0.7772748371180821,
         0.0,
         0.0,
         0.0,
         0.0,
         0.0,
         0.0,
         0.7845104746377571,
         0.8271412161766843,
         0.8255595011581192,
         0.8159240065956581,
         0.0,
         0.0,
         0.8159240065956581
      ]
   },
   "GradientBoostingClassifier": {
      "test_score": 0.9324349662087931,
      "best_score": 0.8628989798555476,
      "sample_proportion": 0.99,
      "threshold": 0.8,
      "p": 5,
      "highest class adjustment": false,
      "sample_scores": [
         0.0,
         0.7684679050481388,
         0.0,
         0.0,
         0.0,
         0.0,
         0.0,
         0.0,
         0.8013346967308103,
         0.0,
         0.0,
         0.0,
         0.0,
         0.0,
         0.8495797697761328,
         0.8628989798555476,
         0.8628989798555476,
         0.8628989798555476,
         0.8628989798555476
      ]
   }
}