{
   "svmguide1": {
      "info": {
         "complexity": {
            "global": [
               0.060145690004046945
            ],
            "class 0": [
               0.08645235361653274
            ],
            "class 1": [
               0.045825
            ]
         },
         "data": {
            "n": 2471,
            "n0": 871,
            "n1": 1600
         }
      }
   },
   "SVC": {
      "test_score": 0.9804764339730321,
      "best_score": 0.9663549669148287,
      "sample_proportion": 0.99,
      "threshold": 0.95,
      "p": 5,
      "highest class adjustment": false,
      "sample_scores": [
         0.0,
         0.0,
         0.0,
         0.0,
         0.9599790514405228,
         0.0,
         0.0,
         0.0,
         0.9601511635305044,
         0.0,
         0.0,
         0.0,
         0.0,
         0.0,
         0.9637015799549066,
         0.9641413450166446,
         0.9659364400180319,
         0.9663432428255797,
         0.9663549669148287
      ]
   },
   "KNeighborsClassifier": {
      "test_score": 0.9715807025475026,
      "best_score": 0.9570569863915305,
      "sample_proportion": 0.99,
      "threshold": 0.95,
      "p": 5,
      "highest class adjustment": false,
      "sample_scores": [
         0.0,
         0.0,
         0.0,
         0.0,
         0.9431606290306132,
         0.9517048047922122,
         0.0,
         0.0,
         0.0,
         0.0,
         0.0,
         0.954869904649962,
         0.0,
         0.0,
         0.9557552762356766,
         0.9566360705642861,
         0.9566360705642861,
         0.9566360705642861,
         0.9570569863915305
      ]
   },
   "RandomForestClassifier": {
      "test_score": 0.9769937436212752,
      "best_score": 0.9637425570724835,
      "sample_proportion": 0.99,
      "threshold": 0.95,
      "p": 5,
      "highest class adjustment": false,
      "sample_scores": [
         0.0,
         0.0,
         0.9561183055262231,
         0.9593843940781402,
         0.9636666184113999,
         0.9636965483693567,
         0.9606990944383971,
         0.0,
         0.0,
         0.0,
         0.0,
         0.0,
         0.0,
         0.0,
         0.9619890153205848,
         0.9611792953307136,
         0.9624806532712172,
         0.9629392369830958,
         0.9637425570724835
      ]
   },
   "GradientBoostingClassifier": {
      "test_score": 0.9786979023968085,
      "best_score": 0.9655138082192383,
      "sample_proportion": 0.99,
      "threshold": 0.9,
      "p": 5,
      "highest class adjustment": false,
      "sample_scores": [
         0.0,
         0.9599243748019549,
         0.0,
         0.0,
         0.0,
         0.0,
         0.0,
         0.963565556601167,
         0.9654179190827675,
         0.963646602469178,
         0.0,
         0.0,
         0.0,
         0.0,
         0.9637020889153427,
         0.0,
         0.9628021453555263,
         0.9655138082192383,
         0.9645200106318574
      ]
   }
}