{
   "w2a": {
      "info": {
         "complexity": {
            "global": [
               0.03571685878962537
            ],
            "class 0": [
               0.022646840148698895
            ],
            "class 1": [
               0.4445348837209302
            ]
         },
         "data": {
            "n": 2776,
            "n0": 2690,
            "n1": 86
         }
      }
   },
   "SVC": {
      "test_score": 0.8618873205409538,
      "best_score": 0.8390747069518433,
      "sample_proportion": 1.0,
      "threshold": 0.9,
      "p": 1,
      "highest class adjustment": true,
      "sample_scores": [
         0.0,
         0.0,
         0.0,
         0.0,
         0.8358235128939248,
         0.0,
         0.0,
         0.0,
         0.8236355049650562,
         0.0,
         0.0,
         0.0,
         0.0,
         0.0,
         0.8274017200260649,
         0.829910218054767,
         0.8354006396317444,
         0.8390747069518433,
         0.8380084558403055
      ]
   },
   "KNeighborsClassifier": {
      "test_score": 0.6913956661990279,
      "best_score": 0.7191647555816626,
      "sample_proportion": 0.99,
      "threshold": 0.35,
      "p": 1,
      "highest class adjustment": true,
      "sample_scores": [
         0.0,
         0.0,
         0.0,
         0.0,
         0.7150978772492055,
         0.7150978772492055,
         0.7191647555816626,
         0.7191647555816626,
         0.7191647555816626,
         0.7191647555816626,
         0.7191647555816626,
         0.7191647555816626,
         0.7191647555816626,
         0.7191647555816626,
         0.7191647555816626,
         0.7191647555816626,
         0.7191647555816626,
         0.7139220652833546,
         0.0
      ]
   },
   "RandomForestClassifier": {
      "test_score": 0.7666766870384544,
      "best_score": 0.7957366855900312,
      "sample_proportion": 1.0,
      "threshold": 0.85,
      "p": 1,
      "highest class adjustment": true,
      "sample_scores": [
         0.0,
         0.0,
         0.7906448287498596,
         0.0,
         0.0,
         0.7878001002683815,
         0.0,
         0.0,
         0.0,
         0.0,
         0.0,
         0.0,
         0.0,
         0.0,
         0.7896628160222813,
         0.7942910438980645,
         0.7957366855900312,
         0.7941426544507314,
         0.7908350921966552
      ]
   },
   "GradientBoostingClassifier": {
      "test_score": 0.7666766870384544,
      "best_score": 0.7874672415581822,
      "sample_proportion": 1.0,
      "threshold": 0.85,
      "p": 1,
      "highest class adjustment": true,
      "sample_scores": [
         0.0,
         0.7690884531380808,
         0.0,
         0.0,
         0.0,
         0.0,
         0.0,
         0.0,
         0.7796777307384607,
         0.0,
         0.0,
         0.0,
         0.0,
         0.0,
         0.7734751802864297,
         0.7767170467117914,
         0.7874672415581822,
         0.781345924619981,
         0.0
      ]
   }
}