{
   "w4a": {
      "info": {
         "complexity": {
            "global": [
               0.030751866938221326
            ],
            "class 0": [
               0.020879524392376298
            ],
            "class 1": [
               0.3571098265895953
            ]
         },
         "data": {
            "n": 5892,
            "n0": 5719,
            "n1": 173
         }
      }
   },
   "SVC": {
      "test_score": 0.8649735564583352,
      "best_score": 0.8670748804178808,
      "sample_proportion": 0.91,
      "threshold": 0.45,
      "p": 1,
      "highest class adjustment": true,
      "sample_scores": [
         0.0,
         0.0,
         0.0,
         0.0,
         0.8526913698464244,
         0.0,
         0.0,
         0.8601007020691904,
         0.8670748804178808,
         0.862515097811515,
         0.0,
         0.0,
         0.0,
         0.0,
         0.8515878510345026,
         0.8549507936704418,
         0.0,
         0.8536856518691834,
         0.0
      ]
   },
   "KNeighborsClassifier": {
      "test_score": 0.8244365480998403,
      "best_score": 0.8052669338373727,
      "sample_proportion": 0.92,
      "threshold": 0.95,
      "p": 1,
      "highest class adjustment": true,
      "sample_scores": [
         0.0,
         0.0,
         0.0,
         0.0,
         0.7954312590527292,
         0.7919235162548794,
         0.0,
         0.0,
         0.0,
         0.0,
         0.0,
         0.7920035316980195,
         0.0,
         0.0,
         0.0,
         0.7959441175409555,
         0.7969860273796271,
         0.8009245735239675,
         0.8052669338373727
      ]
   },
   "RandomForestClassifier": {
      "test_score": 0.8466963546407656,
      "best_score": 0.8268774059658641,
      "sample_proportion": 0.91,
      "threshold": 0.75,
      "p": 1,
      "highest class adjustment": true,
      "sample_scores": [
         0.0,
         0.0,
         0.8186968078114383,
         0.0,
         0.0,
         0.8253986303858039,
         0.0,
         0.0,
         0.0,
         0.0,
         0.0,
         0.0,
         0.0,
         0.8188665073055157,
         0.8268774059658641,
         0.8176094628236367,
         0.0,
         0.0,
         0.8205801464486887
      ]
   },
   "GradientBoostingClassifier": {
      "test_score": 0.8443764842458056,
      "best_score": 0.8479248609785758,
      "sample_proportion": 0.92,
      "threshold": 0.85,
      "p": 1,
      "highest class adjustment": true,
      "sample_scores": [
         0.0,
         0.843055859729218,
         0.0,
         0.0,
         0.0,
         0.0,
         0.0,
         0.0,
         0.8390923641248803,
         0.0,
         0.0,
         0.0,
         0.0,
         0.0,
         0.833228285841177,
         0.8442334113161262,
         0.8479248609785758,
         0.8360734808806458,
         0.0
      ]
   }
}