{
   "w6a": {
      "info": {
         "complexity": {
            "global": [
               0.026939636363636374
            ],
            "class 0": [
               0.018291072768192057
            ],
            "class 1": [
               0.30142857142857143
            ]
         },
         "data": {
            "n": 13750,
            "n0": 13330,
            "n1": 420
         }
      }
   },
   "SVC": {
      "test_score": 0.8472865404217182,
      "best_score": 0.8721414236099827,
      "sample_proportion": 0.72,
      "threshold": 0.45,
      "p": 1,
      "highest class adjustment": true,
      "sample_scores": [
         0.0,
         0.0,
         0.0,
         0.0,
         0.8642060546539195,
         0.0,
         0.0,
         0.8684784886227662,
         0.8721414236099827,
         0.8669871628769839,
         0.0,
         0.0,
         0.0,
         0.0,
         0.8703799259350755,
         0.8700581481657186,
         0.0,
         0.8708865003466214,
         0.0
      ]
   },
   "KNeighborsClassifier": {
      "test_score": 0.843966124781095,
      "best_score": 0.8430861742294877,
      "sample_proportion": 0.73,
      "threshold": 0.6,
      "p": 1,
      "highest class adjustment": true,
      "sample_scores": [
         0.0,
         0.0,
         0.0,
         0.0,
         0.8276768366912263,
         0.833761132858566,
         0.0,
         0.0,
         0.0,
         0.0,
         0.8388910999237748,
         0.8430861742294877,
         0.8353443010665353,
         0.0,
         0.0,
         0.8412005042494161,
         0.0,
         0.8380318706045262,
         0.0
      ]
   },
   "RandomForestClassifier": {
      "test_score": 0.8754531706671346,
      "best_score": 0.8748449039513764,
      "sample_proportion": 0.73,
      "threshold": 0.75,
      "p": 1,
      "highest class adjustment": true,
      "sample_scores": [
         0.0,
         0.0,
         0.8555306498160357,
         0.0,
         0.0,
         0.8630276633162549,
         0.0,
         0.0,
         0.0,
         0.0,
         0.0,
         0.0,
         0.0,
         0.8715085405715532,
         0.8748449039513764,
         0.8708866079188047,
         0.0,
         0.0,
         0.8672198107626374
      ]
   },
   "GradientBoostingClassifier": {
      "test_score": 0.86677422248096,
      "best_score": 0.8733441439890388,
      "sample_proportion": 0.73,
      "threshold": 0.75,
      "p": 1,
      "highest class adjustment": true,
      "sample_scores": [
         0.0,
         0.8473823819262046,
         0.0,
         0.0,
         0.0,
         0.0,
         0.0,
         0.0,
         0.8608762397897601,
         0.0,
         0.0,
         0.0,
         0.0,
         0.8635971256254705,
         0.8733441439890388,
         0.8675719221204012,
         0.8613844851622775,
         0.872178893652752,
         0.0
      ]
   }
}