{
   "australian": {
      "info": {
         "complexity": {
            "global": [
               0.20219202898550726
            ],
            "class 0": [
               0.17333333333333337
            ],
            "class 1": [
               0.23808943089430895
            ]
         },
         "data": {
            "n": 552,
            "n0": 306,
            "n1": 246
         }
      }
   },
   "SVC": {
      "test_score": 0.8256061708556084,
      "best_score": 0.8867280494497919,
      "best_params": {
         "C": 1,
         "gamma": 0.01,
         "kernel": "rbf",
         "random_state": 1234
      },
      "sample_proportion": 0.24,
      "threshold": 0.1
   },
   "KNeighborsClassifier": {
      "test_score": 0.8460520924244842,
      "best_score": 0.8683327525831949,
      "best_params": {
         "n_jobs": -1,
         "n_neighbors": 11
      },
      "sample_proportion": 0.92,
      "threshold": 0.65
   },
   "RandomForestClassifier": {
      "test_score": 0.8468703450896933,
      "best_score": 0.892754191182226,
      "best_params": {
         "max_features": "sqrt",
         "n_estimators": 100,
         "n_jobs": -1,
         "random_state": 1234
      },
      "sample_proportion": 0.6,
      "threshold": 0.25
   },
   "GradientBoostingClassifier": {
      "test_score": 0.8121492947377457,
      "best_score": 0.8983670091499647,
      "best_params": {
         "learning_rate": 0.3,
         "max_depth": 5,
         "max_features": "sqrt",
         "n_estimators": 100,
         "random_state": 1234
      },
      "sample_proportion": 0.78,
      "threshold": 0.4
   }
}