{
   "bupa": {
      "info": {
         "complexity": {
            "global": [
               0.46090579710144924
            ],
            "class 0": [
               0.45422222222222225
            ],
            "class 1": [
               0.4673049645390071
            ]
         },
         "data": {
            "n": 276,
            "n0": 135,
            "n1": 141
         }
      }
   },
   "SVC": {
      "test_score": 0.5228821776281415,
      "best_score": 0.6675307694256465,
      "best_params": {
         "C": 10,
         "gamma": 1,
         "kernel": "rbf",
         "random_state": 1234
      },
      "sample_proportion": 0.57,
      "threshold": 0.45
   },
   "KNeighborsClassifier": {
      "test_score": 0.5860041201540565,
      "best_score": 0.6887575543574079,
      "best_params": {
         "n_jobs": -1,
         "n_neighbors": 3
      },
      "sample_proportion": 0.38,
      "threshold": 0.35
   },
   "RandomForestClassifier": {
      "test_score": 0.5954404146634842,
      "best_score": 0.6526484859399461,
      "best_params": {
         "max_features": "sqrt",
         "n_estimators": 300,
         "n_jobs": -1,
         "random_state": 1234
      },
      "sample_proportion": 0.12,
      "threshold": 0.15
   },
   "GradientBoostingClassifier": {
      "test_score": 0.5840963897146437,
      "best_score": 0.6676527524983893,
      "best_params": {
         "learning_rate": 0.2,
         "max_depth": 7,
         "max_features": "sqrt",
         "n_estimators": 100,
         "random_state": 1234
      },
      "sample_proportion": 0.57,
      "threshold": 0.45
   }
}