{
   "cleve": {
      "info": {
         "complexity": {
            "global": [
               0.26892561983471075
            ],
            "class 0": [
               0.23439393939393938
            ],
            "class 1": [
               0.31036363636363645
            ]
         },
         "data": {
            "n": 242,
            "n0": 132,
            "n1": 110
         }
      }
   },
   "SVC": {
      "test_score": 0.7688168557773154,
      "best_score": 0.8331249030894962,
      "best_params": {
         "C": 1,
         "gamma": 0.1,
         "kernel": "rbf",
         "random_state": 1234
      },
      "sample_proportion": 0.61,
      "threshold": 0.25
   },
   "KNeighborsClassifier": {
      "test_score": 0.8204798921751519,
      "best_score": 0.8386910890299891,
      "best_params": {
         "n_jobs": -1,
         "n_neighbors": 1
      },
      "sample_proportion": 0.68,
      "threshold": 0.3
   },
   "RandomForestClassifier": {
      "test_score": 0.8049230143537711,
      "best_score": 0.8211438930147161,
      "best_params": {
         "max_features": "sqrt",
         "n_estimators": 300,
         "n_jobs": -1,
         "random_state": 1234
      },
      "sample_proportion": 0.98,
      "threshold": 0.9
   },
   "GradientBoostingClassifier": {
      "test_score": 0.8361590660541787,
      "best_score": 0.8336091915765862,
      "best_params": {
         "learning_rate": 0.2,
         "max_depth": 7,
         "max_features": "sqrt",
         "n_estimators": 300,
         "random_state": 1234
      },
      "sample_proportion": 0.94,
      "threshold": 0.75
   }
}