{
   "cod-rna": {
      "info": {
         "complexity": {
            "global": [
               0.1056034265558075
            ],
            "class 0": [
               0.06923721340388007
            ],
            "class 1": [
               0.17833585285966239
            ]
         },
         "data": {
            "n": 47628,
            "n0": 31752,
            "n1": 15876
         }
      }
   },
   "SVC": {
      "test_score": 0.9543161656830722,
      "best_score": 0.9519378311915235,
      "best_params": {
         "C": 100,
         "gamma": 0.1,
         "kernel": "rbf",
         "random_state": 1234
      },
      "sample_proportion": 0.66,
      "threshold": 0.85
   },
   "KNeighborsClassifier": {
      "test_score": 0.9260577087250703,
      "best_score": 0.9212762891195584,
      "best_params": {
         "n_jobs": -1,
         "n_neighbors": 11
      },
      "sample_proportion": 0.66,
      "threshold": 0.85
   },
   "RandomForestClassifier": {
      "test_score": 0.9563769398206028,
      "best_score": 0.9537912521957992,
      "best_params": {
         "max_features": null,
         "n_estimators": 500,
         "n_jobs": -1,
         "random_state": 1234
      },
      "sample_proportion": 0.65,
      "threshold": 0.75
   },
   "GradientBoostingClassifier": {
      "test_score": 0.9621717843664581,
      "best_score": 0.9607262607410246,
      "best_params": {
         "learning_rate": 0.3,
         "max_depth": 5,
         "max_features": "log2",
         "n_estimators": 500,
         "random_state": 1234
      },
      "sample_proportion": 0.65,
      "threshold": 0.75
   }
}