{
   "fourclass": {
      "info": {
         "complexity": {
            "global": [
               0.00985486211901306
            ],
            "class 0": [
               0.006103603603603604
            ],
            "class 1": [
               0.016653061224489795
            ]
         },
         "data": {
            "n": 689,
            "n0": 444,
            "n1": 245
         }
      }
   },
   "SVC": {
      "test_score": 0.9937765120125135,
      "best_score": 0.9424826945964461,
      "best_params": {
         "C": 10,
         "gamma": 1,
         "kernel": "rbf",
         "random_state": 1234
      },
      "sample_proportion": 0.09,
      "threshold": 0.9
   },
   "KNeighborsClassifier": {
      "test_score": 0.9816810480147958,
      "best_score": 0.9262271229458025,
      "best_params": {
         "n_jobs": -1,
         "n_neighbors": 1
      },
      "sample_proportion": 0.09,
      "threshold": 0.6
   },
   "RandomForestClassifier": {
      "test_score": 0.8988834854858343,
      "best_score": 0.901699753661974,
      "best_params": {
         "max_features": null,
         "n_estimators": 100,
         "n_jobs": -1,
         "random_state": 1234
      },
      "sample_proportion": 0.09,
      "threshold": 0.8
   },
   "GradientBoostingClassifier": {
      "test_score": 0.8726263884616059,
      "best_score": 0.9019612151478408,
      "best_params": {
         "learning_rate": 0.1,
         "max_depth": 7,
         "max_features": null,
         "n_estimators": 100,
         "random_state": 1234
      },
      "sample_proportion": 0.09,
      "threshold": 0.8
   }
}