{
   "haberman": {
      "info": {
         "complexity": {
            "global": [
               0.314672131147541
            ],
            "class 0": [
               0.2093854748603352
            ],
            "class 1": [
               0.6046153846153847
            ]
         },
         "data": {
            "n": 244,
            "n0": 179,
            "n1": 65
         }
      }
   },
   "SVC": {
      "test_score": 0.5112715068281619,
      "best_score": 0.7010385306090426,
      "best_params": {
         "C": 100,
         "gamma": 0.1,
         "kernel": "rbf",
         "random_state": 1234
      },
      "sample_proportion": 0.48,
      "threshold": 0.25
   },
   "KNeighborsClassifier": {
      "test_score": 0.4658146228578363,
      "best_score": 0.6910321172157898,
      "best_params": {
         "n_jobs": -1,
         "n_neighbors": 5
      },
      "sample_proportion": 0.48,
      "threshold": 0.25
   },
   "RandomForestClassifier": {
      "test_score": 0.441476113510336,
      "best_score": 0.71013791629919,
      "best_params": {
         "max_features": null,
         "n_estimators": 500,
         "n_jobs": -1,
         "random_state": 1234
      },
      "sample_proportion": 0.95,
      "threshold": 0.9
   },
   "GradientBoostingClassifier": {
      "test_score": 0.3706848499720321,
      "best_score": 0.7204341485145811,
      "best_params": {
         "learning_rate": 0.1,
         "max_depth": 7,
         "max_features": "sqrt",
         "n_estimators": 100,
         "random_state": 1234
      },
      "sample_proportion": 0.92,
      "threshold": 0.8
   }
}