{
   "ionosphere": {
      "info": {
         "complexity": {
            "global": [
               0.21800000000000003
            ],
            "class 0": [
               0.5567326732673267
            ],
            "class 1": [
               0.026871508379888272
            ]
         },
         "data": {
            "n": 280,
            "n0": 101,
            "n1": 179
         }
      }
   },
   "SVC": {
      "test_score": 0.9266203360901584,
      "best_score": 0.9388029803846919,
      "best_params": {
         "C": 1,
         "gamma": 0.1,
         "kernel": "rbf",
         "random_state": 1234
      },
      "sample_proportion": 0.61,
      "threshold": 0.8
   },
   "KNeighborsClassifier": {
      "test_score": 0.8658116753442704,
      "best_score": 0.8453994555904926,
      "best_params": {
         "n_jobs": -1,
         "n_neighbors": 1
      },
      "sample_proportion": 0.73,
      "threshold": 0.95
   },
   "RandomForestClassifier": {
      "test_score": 0.9543272270982607,
      "best_score": 0.9200762236240996,
      "best_params": {
         "max_features": "sqrt",
         "n_estimators": 100,
         "n_jobs": -1,
         "random_state": 1234
      },
      "sample_proportion": 0.59,
      "threshold": 0.75
   },
   "GradientBoostingClassifier": {
      "test_score": 0.9543272270982607,
      "best_score": 0.9422351326929919,
      "best_params": {
         "learning_rate": 0.1,
         "max_depth": 7,
         "max_features": "sqrt",
         "n_estimators": 300,
         "random_state": 1234
      },
      "sample_proportion": 0.71,
      "threshold": 0.9
   }
}