{
   "kr_vs_kp": {
      "info": {
         "complexity": {
            "global": [
               0.11623630672926448
            ],
            "class 0": [
               0.12247338247338246
            ],
            "class 1": [
               0.11053183520599251
            ]
         },
         "data": {
            "n": 2556,
            "n0": 1221,
            "n1": 1335
         }
      }
   },
   "SVC": {
      "test_score": 0.9906140716893519,
      "best_score": 0.9902179921008768,
      "best_params": {
         "C": 100,
         "gamma": 0.01,
         "kernel": "rbf",
         "random_state": 1234
      },
      "sample_proportion": 0.7,
      "threshold": 0.85
   },
   "KNeighborsClassifier": {
      "test_score": 0.9331434047889231,
      "best_score": 0.9184705388417775,
      "best_params": {
         "n_jobs": -1,
         "n_neighbors": 9
      },
      "sample_proportion": 0.69,
      "threshold": 0.8
   },
   "RandomForestClassifier": {
      "test_score": 0.9921760015532151,
      "best_score": 0.9894499567810059,
      "best_params": {
         "max_features": "sqrt",
         "n_estimators": 500,
         "n_jobs": -1,
         "random_state": 1234
      },
      "sample_proportion": 0.68,
      "threshold": 0.7
   },
   "GradientBoostingClassifier": {
      "test_score": 0.9968690070838715,
      "best_score": 0.9945243085131157,
      "best_params": {
         "learning_rate": 0.2,
         "max_depth": 5,
         "max_features": "sqrt",
         "n_estimators": 300,
         "random_state": 1234
      },
      "sample_proportion": 0.7,
      "threshold": 0.85
   }
}