{
   "liver-disorders": {
      "info": {
         "complexity": {
            "global": [
               0.36534482758620684
            ],
            "class 0": [
               0.27222222222222225
            ],
            "class 1": [
               0.5177272727272727
            ]
         },
         "data": {
            "n": 116,
            "n0": 72,
            "n1": 44
         }
      }
   },
   "SVC": {
      "test_score": 0.7777466203173866,
      "best_score": 0.7474442626495298,
      "best_params": {
         "C": 100,
         "gamma": 0.01,
         "kernel": "rbf",
         "random_state": 1234
      },
      "sample_proportion": 0.94,
      "threshold": 0.75
   },
   "KNeighborsClassifier": {
      "test_score": 0.6562635275529451,
      "best_score": 0.7522038817899728,
      "best_params": {
         "n_jobs": -1,
         "n_neighbors": 1
      },
      "sample_proportion": 0.78,
      "threshold": 0.55
   },
   "RandomForestClassifier": {
      "test_score": 0.7357660240272506,
      "best_score": 0.7774468986732185,
      "best_params": {
         "max_features": "sqrt",
         "n_estimators": 300,
         "n_jobs": -1,
         "random_state": 1234
      },
      "sample_proportion": 0.97,
      "threshold": 0.85
   },
   "GradientBoostingClassifier": {
      "test_score": 0.7919371040605712,
      "best_score": 0.7572741273092335,
      "best_params": {
         "learning_rate": 0.2,
         "max_depth": 7,
         "max_features": "sqrt",
         "n_estimators": 100,
         "random_state": 1234
      },
      "sample_proportion": 0.78,
      "threshold": 0.55
   }
}