{
   "r2": {
      "info": {
         "complexity": {
            "global": [
               0.3769565217391304
            ],
            "class 0": [
               0.4139024390243902
            ],
            "class 1": [
               0.34725490196078423
            ]
         },
         "data": {
            "n": 92,
            "n0": 41,
            "n1": 51
         }
      }
   },
   "SVC": {
      "test_score": 0.719093582749468,
      "best_score": 0.8290822412894876,
      "best_params": {
         "C": 100,
         "gamma": 0.1,
         "kernel": "rbf",
         "random_state": 1234
      },
      "sample_proportion": 0.98,
      "threshold": 0.75
   },
   "KNeighborsClassifier": {
      "test_score": 0.74830427232533,
      "best_score": 0.8379332600383339,
      "best_params": {
         "n_jobs": -1,
         "n_neighbors": 1
      },
      "sample_proportion": 0.4,
      "threshold": 0.25
   },
   "RandomForestClassifier": {
      "test_score": 0.74830427232533,
      "best_score": 0.7687423594401647,
      "best_params": {
         "max_features": "sqrt",
         "n_estimators": 300,
         "n_jobs": -1,
         "random_state": 1234
      },
      "sample_proportion": 0.4,
      "threshold": 0.25
   },
   "GradientBoostingClassifier": {
      "test_score": 0.6342831636206417,
      "best_score": 0.7293923687463332,
      "best_params": {
         "learning_rate": 0.1,
         "max_depth": 3,
         "max_features": null,
         "n_estimators": 100,
         "random_state": 1234
      },
      "sample_proportion": 0.13,
      "threshold": 0.1
   }
}