{
   "svmguide3": {
      "info": {
         "complexity": {
            "global": [
               0.26513078470824947
            ],
            "class 0": [
               0.15327608982826949
            ],
            "class 1": [
               0.6224050632911392
            ]
         },
         "data": {
            "n": 994,
            "n0": 757,
            "n1": 237
         }
      }
   },
   "SVC": {
      "test_score": 0.6696507417575848,
      "best_score": 0.7893456983279136,
      "best_params": {
         "C": 100,
         "gamma": 0.01,
         "kernel": "rbf",
         "random_state": 1234
      },
      "sample_proportion": 0.97,
      "threshold": 0.95
   },
   "KNeighborsClassifier": {
      "test_score": 0.6673905657041258,
      "best_score": 0.7295652016047267,
      "best_params": {
         "n_jobs": -1,
         "n_neighbors": 1
      },
      "sample_proportion": 0.85,
      "threshold": 0.65
   },
   "RandomForestClassifier": {
      "test_score": 0.736901304850969,
      "best_score": 0.7802545671799713,
      "best_params": {
         "max_features": "sqrt",
         "n_estimators": 500,
         "n_jobs": -1,
         "random_state": 1234
      },
      "sample_proportion": 0.97,
      "threshold": 0.95
   },
   "GradientBoostingClassifier": {
      "test_score": 0.7288004741237071,
      "best_score": 0.8066148792009464,
      "best_params": {
         "learning_rate": 0.2,
         "max_depth": 5,
         "max_features": null,
         "n_estimators": 500,
         "random_state": 1234
      },
      "sample_proportion": 0.97,
      "threshold": 0.95
   }
}