{
   "transfusion": {
      "info": {
         "complexity": {
            "global": [
               0.3110702341137123
            ],
            "class 0": [
               0.20160087719298247
            ],
            "class 1": [
               0.6626056338028169
            ]
         },
         "data": {
            "n": 598,
            "n0": 456,
            "n1": 142
         }
      }
   },
   "SVC": {
      "test_score": 0.6923790372656707,
      "best_score": 0.7013982012796549,
      "best_params": {
         "C": 10,
         "gamma": 1,
         "kernel": "rbf",
         "random_state": 1234
      },
      "sample_proportion": 0.74,
      "threshold": 0.4
   },
   "KNeighborsClassifier": {
      "test_score": 0.6620292443931258,
      "best_score": 0.6935192638295757,
      "best_params": {
         "n_jobs": -1,
         "n_neighbors": 1
      },
      "sample_proportion": 0.79,
      "threshold": 0.55
   },
   "RandomForestClassifier": {
      "test_score": 0.7180050984835434,
      "best_score": 0.6876365313107171,
      "best_params": {
         "max_features": "sqrt",
         "n_estimators": 100,
         "n_jobs": -1,
         "random_state": 1234
      },
      "sample_proportion": 0.7,
      "threshold": 0.35
   },
   "GradientBoostingClassifier": {
      "test_score": 0.6703172210654792,
      "best_score": 0.7032438231644661,
      "best_params": {
         "learning_rate": 0.2,
         "max_depth": 3,
         "max_features": "sqrt",
         "n_estimators": 100,
         "random_state": 1234
      },
      "sample_proportion": 0.81,
      "threshold": 0.6
   }
}