{
   "w2a": {
      "info": {
         "complexity": {
            "global": [
               0.03571685878962537
            ],
            "class 0": [
               0.022646840148698895
            ],
            "class 1": [
               0.4445348837209302
            ]
         },
         "data": {
            "n": 2776,
            "n0": 2690,
            "n1": 86
         }
      }
   },
   "SVC": {
      "test_score": 0.8360823216541358,
      "best_score": 0.8116805903627092,
      "best_params": {
         "C": 100,
         "gamma": 0.0001,
         "kernel": "rbf",
         "random_state": 1234
      },
      "sample_proportion": 0.11,
      "threshold": 0.8
   },
   "KNeighborsClassifier": {
      "test_score": 0.6641403308978859,
      "best_score": 0.702489361408703,
      "best_params": {
         "n_jobs": -1,
         "n_neighbors": 11
      },
      "sample_proportion": 0.1,
      "threshold": 0.3
   },
   "RandomForestClassifier": {
      "test_score": 0.743234799433677,
      "best_score": 0.7912468187738438,
      "best_params": {
         "max_features": "sqrt",
         "n_estimators": 300,
         "n_jobs": -1,
         "random_state": 1234
      },
      "sample_proportion": 0.11,
      "threshold": 0.9
   },
   "GradientBoostingClassifier": {
      "test_score": 0.7864669600438301,
      "best_score": 0.7994854290111039,
      "best_params": {
         "learning_rate": 0.1,
         "max_depth": 5,
         "max_features": "log2",
         "n_estimators": 100,
         "random_state": 1234
      },
      "sample_proportion": 0.11,
      "threshold": 0.75
   }
}