{
   "w3a": {
      "info": {
         "complexity": {
            "global": [
               0.033672690251972524
            ],
            "class 0": [
               0.022020969855832254
            ],
            "class 1": [
               0.4235964912280701
            ]
         },
         "data": {
            "n": 3929,
            "n0": 3815,
            "n1": 114
         }
      }
   },
   "SVC": {
      "test_score": 0.7501047711138908,
      "best_score": 0.8164155820299542,
      "best_params": {
         "C": 10,
         "gamma": 0.0001,
         "kernel": "rbf",
         "random_state": 1234
      },
      "sample_proportion": 0.08,
      "threshold": 0.25
   },
   "KNeighborsClassifier": {
      "test_score": 0.5499241871053802,
      "best_score": 0.7825998445806777,
      "best_params": {
         "n_jobs": -1,
         "n_neighbors": 9
      },
      "sample_proportion": 0.08,
      "threshold": 0.25
   },
   "RandomForestClassifier": {
      "test_score": 0.7642365606996342,
      "best_score": 0.7384840305098629,
      "best_params": {
         "max_features": "sqrt",
         "n_estimators": 500,
         "n_jobs": -1,
         "random_state": 1234
      },
      "sample_proportion": 0.11,
      "threshold": 0.95
   },
   "GradientBoostingClassifier": {
      "test_score": 0.7432238670561317,
      "best_score": 0.8070338295530838,
      "best_params": {
         "learning_rate": 0.2,
         "max_depth": 3,
         "max_features": "log2",
         "n_estimators": 100,
         "random_state": 1234
      },
      "sample_proportion": 0.1,
      "threshold": 0.8
   }
}