{
   "w4a": {
      "info": {
         "complexity": {
            "global": [
               0.030751866938221326
            ],
            "class 0": [
               0.020879524392376298
            ],
            "class 1": [
               0.3571098265895953
            ]
         },
         "data": {
            "n": 5892,
            "n0": 5719,
            "n1": 173
         }
      }
   },
   "SVC": {
      "test_score": 0.8323176181886143,
      "best_score": 0.8225359168632288,
      "best_params": {
         "C": 10,
         "gamma": 0.001,
         "kernel": "rbf",
         "random_state": 1234
      },
      "sample_proportion": 0.11,
      "threshold": 0.8
   },
   "KNeighborsClassifier": {
      "test_score": 0.8042142541763614,
      "best_score": 0.797992512124926,
      "best_params": {
         "n_jobs": -1,
         "n_neighbors": 5
      },
      "sample_proportion": 0.12,
      "threshold": 0.9
   },
   "RandomForestClassifier": {
      "test_score": 0.8505658693476382,
      "best_score": 0.8166924362496196,
      "best_params": {
         "max_features": "log2",
         "n_estimators": 500,
         "n_jobs": -1,
         "random_state": 1234
      },
      "sample_proportion": 0.12,
      "threshold": 0.9
   },
   "GradientBoostingClassifier": {
      "test_score": 0.8174530664540017,
      "best_score": 0.8214928793268598,
      "best_params": {
         "learning_rate": 0.1,
         "max_depth": 7,
         "max_features": "log2",
         "n_estimators": 100,
         "random_state": 1234
      },
      "sample_proportion": 0.1,
      "threshold": 0.45
   }
}