{
   "w5a": {
      "info": {
         "complexity": {
            "global": [
               0.02704804045512011
            ],
            "class 0": [
               0.018425504229017575
            ],
            "class 1": [
               0.32155555555555554
            ]
         },
         "data": {
            "n": 7910,
            "n0": 7685,
            "n1": 225
         }
      }
   },
   "SVC": {
      "test_score": 0.8038363072844648,
      "best_score": 0.850931981671713,
      "best_params": {
         "C": 10,
         "gamma": 0.0001,
         "kernel": "rbf",
         "random_state": 1234
      },
      "sample_proportion": 0.1,
      "threshold": 0.8
   },
   "KNeighborsClassifier": {
      "test_score": 0.8151545964533429,
      "best_score": 0.7982951807189341,
      "best_params": {
         "n_jobs": -1,
         "n_neighbors": 7
      },
      "sample_proportion": 0.1,
      "threshold": 0.8
   },
   "RandomForestClassifier": {
      "test_score": 0.8169019039911556,
      "best_score": 0.824739403019859,
      "best_params": {
         "max_features": "sqrt",
         "n_estimators": 500,
         "n_jobs": -1,
         "random_state": 1234
      },
      "sample_proportion": 0.1,
      "threshold": 0.9
   },
   "GradientBoostingClassifier": {
      "test_score": 0.8038363072844648,
      "best_score": 0.8388903719784689,
      "best_params": {
         "learning_rate": 0.1,
         "max_depth": 5,
         "max_features": "sqrt",
         "n_estimators": 100,
         "random_state": 1234
      },
      "sample_proportion": 0.1,
      "threshold": 0.7
   }
}