{
   "w6a": {
      "info": {
         "complexity": {
            "global": [
               0.026939636363636374
            ],
            "class 0": [
               0.018291072768192057
            ],
            "class 1": [
               0.30142857142857143
            ]
         },
         "data": {
            "n": 13750,
            "n0": 13330,
            "n1": 420
         }
      }
   },
   "SVC": {
      "test_score": 0.8559932253636424,
      "best_score": 0.847775329625394,
      "best_params": {
         "C": 10,
         "gamma": 0.0001,
         "kernel": "rbf",
         "random_state": 1234
      },
      "sample_proportion": 0.11,
      "threshold": 0.8
   },
   "KNeighborsClassifier": {
      "test_score": 0.8121701224703097,
      "best_score": 0.8242675010194825,
      "best_params": {
         "n_jobs": -1,
         "n_neighbors": 7
      },
      "sample_proportion": 0.09,
      "threshold": 0.25
   },
   "RandomForestClassifier": {
      "test_score": 0.8548906173985289,
      "best_score": 0.8287845984353678,
      "best_params": {
         "max_features": "log2",
         "n_estimators": 300,
         "n_jobs": -1,
         "random_state": 1234
      },
      "sample_proportion": 0.11,
      "threshold": 0.9
   },
   "GradientBoostingClassifier": {
      "test_score": 0.8461747339451047,
      "best_score": 0.8576357678454104,
      "best_params": {
         "learning_rate": 0.1,
         "max_depth": 7,
         "max_features": "log2",
         "n_estimators": 100,
         "random_state": 1234
      },
      "sample_proportion": 0.11,
      "threshold": 0.85
   }
}