{
   "w7a": {
      "info": {
         "complexity": {
            "global": [
               0.025469548929276574
            ],
            "class 0": [
               0.01724283701268202
            ],
            "class 1": [
               0.2917398648648648
            ]
         },
         "data": {
            "n": 19753,
            "n0": 19161,
            "n1": 592
         }
      }
   },
   "SVC": {
      "test_score": 0.8481708776612544,
      "best_score": 0.8447182596329933,
      "best_params": {
         "C": 10,
         "gamma": 0.001,
         "kernel": "rbf",
         "random_state": 1234
      },
      "sample_proportion": 0.11,
      "threshold": 0.85
   },
   "KNeighborsClassifier": {
      "test_score": 0.7971332289724682,
      "best_score": 0.7972496845454833,
      "best_params": {
         "n_jobs": -1,
         "n_neighbors": 5
      },
      "sample_proportion": 0.11,
      "threshold": 0.9
   },
   "RandomForestClassifier": {
      "test_score": 0.8587173748283301,
      "best_score": 0.8465746500945258,
      "best_params": {
         "max_features": "sqrt",
         "n_estimators": 100,
         "n_jobs": -1,
         "random_state": 1234
      },
      "sample_proportion": 0.12,
      "threshold": 0.95
   },
   "GradientBoostingClassifier": {
      "test_score": 0.8563347866457658,
      "best_score": 0.8569128038869237,
      "best_params": {
         "learning_rate": 0.1,
         "max_depth": 7,
         "max_features": "log2",
         "n_estimators": 100,
         "random_state": 1234
      },
      "sample_proportion": 0.1,
      "threshold": 0.45
   }
}