{
   "w8a": {
      "info": {
         "complexity": {
            "global": [
               0.02405688585140331
            ],
            "class 0": [
               0.016167909674746222
            ],
            "class 1": [
               0.28157227387996614
            ]
         },
         "data": {
            "n": 39799,
            "n0": 38616,
            "n1": 1183
         }
      }
   },
   "SVC": {
      "test_score": 0.8898249164218333,
      "best_score": 0.8610991349270439,
      "best_params": {
         "C": 10,
         "gamma": 0.001,
         "kernel": "rbf",
         "random_state": 1234
      },
      "sample_proportion": 0.11,
      "threshold": 0.85
   },
   "KNeighborsClassifier": {
      "test_score": 0.8504028681612832,
      "best_score": 0.8184609021920967,
      "best_params": {
         "n_jobs": -1,
         "n_neighbors": 11
      },
      "sample_proportion": 0.11,
      "threshold": 0.9
   },
   "RandomForestClassifier": {
      "test_score": 0.8915056887555652,
      "best_score": 0.8677892966178998,
      "best_params": {
         "max_features": "sqrt",
         "n_estimators": 500,
         "n_jobs": -1,
         "random_state": 1234
      },
      "sample_proportion": 0.11,
      "threshold": 0.95
   },
   "GradientBoostingClassifier": {
      "test_score": 0.8966566753404335,
      "best_score": 0.8734080525015534,
      "best_params": {
         "learning_rate": 0.1,
         "max_depth": 7,
         "max_features": "sqrt",
         "n_estimators": 100,
         "random_state": 1234
      },
      "sample_proportion": 0.11,
      "threshold": 0.75
   }
}